product_key,brand,product_name,form,life_stage,ingredients_tokens
acana|acana_adult_dog_recipe_(grain-free)|dry,ACANA,ACANA Adult Dog Recipe (Grain-Free),dry,adult,"['Deboned chicken', 'Chicken meal', 'Turkey meal', 'Whole peas', 'Whole lentils']"
acana|acana_free_run_duck|dry,Acana,Acana Free Run Duck,dry,adult,"['fresh duck', 'duck meat meal', 'whole green peas', 'whole red lentils', 'fresh duck giblets (liver', 'heart', 'kidney)', 'duck fat', 'fresh pears', 'whole garbanzo beans', 'whole green lentils', 'whole yellow peas', 'dried duck cartilage', 'lentil fibre', 'marine algae', 'fresh whole butternut squash', 'fresh whole pumpkin', 'dried brown kelp', 'freeze-dried duck liver', 'salt', 'fresh whole cranberries', 'fresh whole blueberries', 'chicory root', 'turmeric root', 'milk thistle', 'burdock root', 'lavender', 'marshmallow root', 'rosehips', 'enterococcus faecium. supplements: vitamin e', 'zinc chelate', 'copper chelate.']"
acana|acana_grass-fed_lamb|dry,Acana,Acana Grass-Fed Lamb,dry,adult,"['raw lamb', 'lamb meal', 'whole green peas', 'whole red lentils', 'raw lamb liver', 'canola oil', 'fresh apples', 'whole chickpeas', 'whole green lentils', 'whole yellow peas', 'lentil fibre', 'pea starch', 'sunflower oil', 'algae', 'raw lamb tripe', 'raw lamb kidney', 'fresh whole butternut squash', 'fresh whole pumpkin', 'dried kelp', 'salt', 'dried chicory root', 'whole cranberries', 'whole blueberries', 'turmeric', 'milk thistle', 'burdock root', 'lavender', 'marshmallow root', 'rosehips.']"
acana|acana_highest_protein_grasslands|dry,Acana,Acana Highest Protein Grasslands,dry,adult,"['raw lamb', 'raw duck', 'eggs', 'lamb meal', 'herring meal', 'turkey meal', 'whole green peas', 'whole red lentils', 'whole chickpeas', 'raw freshwater lake fish*', 'fish oil', 'raw lamb liver', 'duck liver', 'raw turkey', 'whole green lentils', 'whole pinto beans', 'whole yellow peas', 'lentil fibre', 'chicken fat', 'pea starch', 'dried kelp', 'fresh whole pumpkin', 'fresh whole butternut squash', 'fresh whole carrots', 'fresh whole apples', 'fresh whole pears', 'fresh whole zucchini', 'dried chicory root', 'freeze-dried duck and liver', 'freeze-dried lamb and liver', 'fresh kale', 'fresh spinach', 'fresh turnip greens', 'fresh beet greens', 'whole cranberries', 'whole blueberries', 'whole saskatoon berries', 'turmeric', 'milk thistle', 'burdock root', 'lavender', 'marshmallow root', 'rosehips. *varied mix of raw tullibee', 'whitefish', 'northern pike', 'and mullet']"
acana|acana_highest_protein_pacifica|dry,Acana,Acana Highest Protein Pacifica,dry,adult,"['raw whole herring', 'raw whole mackerel', 'raw flounder', 'herring meal', 'mackerel meal', 'blue whiting meal', 'whole green peas', 'whole red lentils', 'whole chickpeas', 'whole green lentils', 'fish oil', 'raw whole hake', 'raw whole rockfish', 'whole pinto beans', 'whole yellow peas', 'pea starch', 'sunflower oil', 'lentil fibre', 'dried kelp', 'freeze-dried cod and liver', 'fresh whole pumpkin', 'fresh whole butternut squash', 'fresh whole carrots', 'fresh whole apples', 'fresh whole pears', 'fresh whole zucchini', 'dried chicory root', 'fresh kale', 'fresh spinach', 'fresh turnip greens', 'fresh beet greens', 'whole cranberries', 'whole blueberries', 'whole saskatoon berries', 'turmeric', 'milk thistle', 'burdock root', 'lavender', 'marshmallow root', 'rosehips.']"
acana|acana_light__fit_recipe|dry,Acana,Acana Light  fit Recipe,dry,adult,"['fresh chicken', 'chicken meal', 'whole red lentils', 'whole green peas', 'lentil fibre', 'fresh chicken giblets (liver', 'heart)', 'turkey meal', 'fresh eggs', 'raw hake', 'whole chickpeas', 'whole green lentils', 'whole yellow peas', 'pea starch', 'herring meal', 'chicken fat', 'fish oil', 'raw turkey livers', 'salt', 'dried kelp', 'fresh whole pumpkin', 'fresh whole butternut squash', 'fresh whole carrots', 'fresh whole apples', 'fresh whole pears', 'fresh whole zucchini', 'dried chicory root', 'fresh kale', 'fresh spinach', 'fresh turnip greens', 'fresh beet greens', 'whole cranberries', 'whole blueberries', 'whole saskatoon berries', 'turmeric', 'milk thistle', 'burdock root', 'lavender', 'marshmallow root', 'rosehips.']"
acana|acana_light_&_fit_recipe|dry,Acana,Acana Light & fit Recipe,dry,adult,"['fresh chicken', 'chicken meal', 'whole red lentils', 'whole green peas', 'lentil fibre', 'fresh chicken giblets (liver', 'heart)', 'turkey meal', 'fresh eggs', 'raw hake', 'whole chickpeas', 'whole green lentils', 'whole yellow peas', 'pea starch', 'herring meal', 'chicken fat', 'fish oil', 'raw turkey livers', 'salt', 'dried kelp', 'fresh whole pumpkin', 'fresh whole butternut squash', 'fresh whole carrots', 'fresh whole apples', 'fresh whole pears', 'fresh whole zucchini', 'dried chicory root', 'fresh kale', 'fresh spinach', 'fresh turnip greens', 'fresh beet greens', 'whole cranberries', 'whole blueberries', 'whole saskatoon berries', 'turmeric', 'milk thistle', 'burdock root', 'lavender', 'marshmallow root', 'rosehips.']"
acana|acana_prairie_poultry|dry,Acana,Acana Prairie Poultry,dry,adult,"['fresh chicken', 'chicken meal', 'pearled barley', 'whole peas', 'oat groats', 'chicken fat', 'whole oats', 'chickpea fibre', 'fish oil', 'potassium chloride', 'dried kelp', 'salt', 'dried chicory root', 'fresh whole pumpkin', 'fresh whole butternut squash', 'fresh whole carrots', 'fresh whole apples', 'fresh whole pears', 'fresh whole zucchini', 'fresh kale', 'fresh spinach', 'fresh turnip greens', 'fresh beet greens', 'whole cranberries', 'whole blueberries', 'whole saskatoon berries', 'turmeric', 'milk thistle', 'burdock root', 'lavender', 'marshmallow root', 'rosehips.']"
acana|acana_puppy_large_breed_recipe|dry,Acana,Acana Puppy Large Breed Recipe,dry,puppy,"['fresh chicken', 'chicken meal', 'whole red lentils', 'whole green peas', 'fresh chicken giblets (liver', 'heart)', 'herring meal', 'eggs', 'raw flounder', 'fish oil', 'whole chickpeas', 'pea fibre', 'pea starch', 'turkey meal', 'whole green lentils', 'whole yellow peas', 'chicken fat', 'raw turkey livers', 'salt', 'dried kelp', 'fresh whole apples', 'fresh whole butternut squash', 'fresh whole carrots', 'fresh whole pears', 'fresh whole pumpkin', 'fresh whole zucchini', 'fresh kale', 'fresh spinach', 'fresh turnip greens', 'fresh beet greens', 'fresh whole blueberries', 'fresh whole cranberries', 'fresh whole saskatoon berries', 'burdock root', 'lavender', 'marshmallow root', 'milk thistle', 'rosehips', 'turmeric']"
acana|acana_puppy_recipe|dry,Acana,Acana Puppy Recipe,dry,puppy,"['fresh chicken', 'chicken meal', 'whole red lentils', 'whole green peas', 'fresh chicken giblets (liver', 'heart)', 'chicken fat', 'turkey meal', 'eggs', 'raw flounder', 'herring meal', 'fish oil', 'whole green lentils', 'whole chickpeas', 'whole yellow peas', 'pea fibre', 'pea starch', 'raw turkey livers', 'salt', 'dried kelp', 'fresh whole pumpkin', 'fresh whole butternut squash', 'fresh whole carrots', 'fresh whole apples', 'fresh whole pears', 'fresh whole zucchini', 'dried chicory root', 'fresh kale', 'fresh spinach', 'fresh turnip greens', 'fresh beet greens', 'fresh whole cranberries', 'fresh whole blueberries', 'fresh whole saskatoon berries', 'turmeric', 'milk thistle', 'burdock root', 'lavender', 'marshmallow root', 'rosehips']"
acana|acana_puppy_small_breed_recipe|dry,Acana,Acana Puppy Small Breed Recipe,dry,puppy,"['fresh chicken', 'chicken meal', 'whole red lentils', 'whole green peas', 'fresh chicken giblets (liver', 'heart)', 'chicken fat', 'turkey meal', 'eggs', 'raw flounder', 'herring meal', 'fish oil', 'whole green lentils', 'whole chickpeas', 'whole yellow peas', 'pea fibre', 'pea starch', 'raw turkey livers', 'salt', 'dried kelp', 'fresh whole pumpkin', 'fresh whole butternut squash', 'fresh whole carrots', 'fresh whole apples', 'fresh whole pears', 'fresh whole zucchini', 'dried chicory root', 'fresh kale', 'fresh spinach', 'fresh turnip greens', 'fresh beet greens', 'fresh whole cranberries', 'fresh whole blueberries', 'fresh whole saskatoon berries', 'turmeric', 'milk thistle', 'burdock root', 'lavender', 'marshmallow root', 'rosehips']"
acana|acana_red_meat|dry,Acana,Acana Red Meat,dry,adult,"['raw beef', 'lamb meal', 'pearled barley', 'whole peas', 'oat groats', 'pork fat', 'pork meal', 'whole oats', 'chickpea fibre', 'raw pork', 'fish oil', 'potassium chloride', 'dried kelp', 'salt', 'dried chicory root', 'fresh whole pumpkin', 'fresh whole butternut squash', 'fresh whole carrots', 'fresh whole apples', 'fresh whole pears', 'fresh whole zucchini', 'fresh kale', 'fresh spinach', 'fresh turnip greens', 'fresh beet greens', 'whole cranberries', 'whole blueberries', 'whole saskatoon berries', 'turmeric', 'milk thistle', 'burdock root', 'lavender', 'marshmallow root', 'rosehips.']"
acana|acana_senior|dry,Acana,Acana Senior,dry,senior,"['fresh chicken', 'chicken meal', 'whole red lentils', 'whole green peas', 'turkey meal', 'fresh chicken giblets (liver', 'heart)', 'herring meal', 'pea fibre', 'eggs', 'raw flounder', 'fish oil', 'whole chickpeas', 'whole green lentils', 'whole yellow peas', 'pea starch', 'chicken fat', 'raw turkey liver', 'dried kelp', 'fresh whole pumpkin', 'fresh whole butternut squash', 'fresh whole carrots', 'fresh whole apples', 'fresh whole pears', 'fresh whole zucchini', 'dried chicory root', 'fresh kale', 'fresh spinach', 'fresh turnip greens', 'fresh beet greens', 'fresh whole cranberries', 'fresh whole blueberries', 'fresh whole saskatoon berries', 'turmeric', 'milk thistle', 'burdock root', 'lavender', 'marshmallow root', 'rosehips']"
acana|acana_yorkshire_pork|dry,Acana,Acana Yorkshire Pork,dry,adult,"['fresh yorkshire pork', 'pork meat meal', 'whole green peas', 'whole red lentils', 'fresh pork liver', 'pork fat', 'fresh pork kidney', 'fresh whole butternut squash', 'whole garbanzo beans', 'whole green lentils', 'whole yellow peas', 'dried pork cartilage', 'lentil fibre', 'marine algae', 'fresh whole pumpkin', 'dried brown kelp', 'salt', 'freeze-dried pork liver', 'fresh whole cranberries', 'fresh whole blueberries', 'chicory root', 'turmeric root', 'milk thistle', 'burdock root', 'lavender flowers', 'marshmallow root', 'rosehips.\r\nglucosamine* mg/kg\r\nchondroitin sulfate* mg/kg']"
acana|adult_dog_recipe|unknown,Acana,Adult Dog Recipe,,adult,[]
acana|adult_large_breed_recipe|unknown,Acana,Adult Large Breed Recipe,,adult,[]
acana|adult_small_breed_recipe|unknown,Acana,Adult Small Breed Recipe,,adult,[]
acana|free_run_duck|dry,Acana,Free Run Duck,dry,,[]
acana|grass-fed_lamb|dry,Acana,Grass-Fed Lamb,dry,,[]
acana|highest_protein_grasslands|dry,Acana,Highest Protein Grasslands,dry,,[]
acana|highest_protein_pacifica|dry,Acana,Highest Protein Pacifica,dry,,[]
acana|highest_protein_ranchlands|unknown,Acana,Highest Protein Ranchlands,,,[]
acana|highest_protein_wild_prairie|unknown,Acana,Highest Protein Wild Prairie,,,[]
acana|light__fit_recipe|dry,Acana,Light  fit Recipe,dry,,[]
acana|prairie_poultry|dry,Acana,Prairie Poultry,dry,,[]
acana|puppy_large_breed_recipe|dry,Acana,Puppy Large Breed Recipe,dry,puppy,[]
acana|puppy_recipe|dry,Acana,Puppy Recipe,dry,puppy,[]
acana|puppy_small_breed_recipe|dry,Acana,Puppy Small Breed Recipe,dry,puppy,[]
acana|red_meat|dry,Acana,Red Meat,dry,,[]
acana|senior|dry,Acana,Senior,dry,senior,[]
acana|sport__agility_recipe|unknown,Acana,Sport  Agility Recipe,,,[]
acana|wild_coast|unknown,Acana,Wild Coast,,,[]
acana|yorkshire_pork|dry,Acana,Yorkshire Pork,dry,,[]
advance_veterinary_diets|advance_maxi_adult|dry,Advance Veterinary Diets,Advance Maxi Adult,dry,adult,[]
advance_veterinary_diets|advance_maxi_light|dry,Advance Veterinary Diets,Advance Maxi Light,dry,,[]
advance_veterinary_diets|advance_maxi_puppy_protect|dry,Advance Veterinary Diets,Advance Maxi Puppy Protect,dry,puppy,[]
advance_veterinary_diets|advance_maxi_senior|dry,Advance Veterinary Diets,Advance Maxi Senior,dry,senior,[]
advance_veterinary_diets|advance_medium_adult|dry,Advance Veterinary Diets,Advance Medium Adult,dry,adult,[]
advance_veterinary_diets|advance_medium_light_chicken|dry,Advance Veterinary Diets,Advance Medium Light Chicken,dry,,[]
advance_veterinary_diets|advance_medium_puppy_protect|dry,Advance Veterinary Diets,Advance Medium Puppy Protect,dry,puppy,[]
advance_veterinary_diets|advance_medium_senior_vitality_7+|dry,Advance Veterinary Diets,Advance Medium Senior Vitality 7+,dry,senior,[]
advance_veterinary_diets|advance_mini_adult|dry,Advance Veterinary Diets,Advance Mini Adult,dry,adult,[]
advance_veterinary_diets|advance_mini_sensitive|dry,Advance Veterinary Diets,Advance Mini Sensitive,dry,,[]
advance_veterinary_diets|advance_puppy_protect_mini|dry,Advance Veterinary Diets,Advance Puppy Protect Mini,dry,puppy,[]
advance_veterinary_diets|advance_veterinary_diets_articular_care_light|dry,Advance Veterinary Diets,Advance Veterinary Diets Articular Care Light,dry,,[]
advance_veterinary_diets|advance_veterinary_diets_articular_care|dry,Advance Veterinary Diets,Advance Veterinary Diets Articular Care,dry,,[]
advance_veterinary_diets|advance_veterinary_diets_atopic_mini|dry,Advance Veterinary Diets,Advance Veterinary Diets Atopic Mini,dry,,[]
advance_veterinary_diets|advance_veterinary_diets_atopic_with_trout|dry,Advance Veterinary Diets,Advance Veterinary Diets Atopic with Trout,dry,,[]
advance_veterinary_diets|advance_veterinary_diets_diabetes|dry,Advance Veterinary Diets,Advance Veterinary Diets Diabetes,dry,,[]
advance_veterinary_diets|advance_veterinary_diets_gastroenteric_mini|dry,Advance Veterinary Diets,Advance Veterinary Diets Gastroenteric Mini,dry,,[]
advance_veterinary_diets|advance_veterinary_diets_gastroenteric|dry,Advance Veterinary Diets,Advance Veterinary Diets Gastroenteric,dry,,[]
advance_veterinary_diets|advance_veterinary_diets_hypoallergenic_mini|dry,Advance Veterinary Diets,Advance Veterinary Diets Hypoallergenic Mini,dry,,[]
advance_veterinary_diets|advance_veterinary_diets_hypoallergenic|dry,Advance Veterinary Diets,Advance Veterinary Diets Hypoallergenic,dry,,[]
advance_veterinary_diets|advance_veterinary_diets_light_articular_care|dry,Advance Veterinary Diets,Advance Veterinary Diets Light Articular Care,dry,,[]
advance_veterinary_diets|advance_veterinary_diets_renal|dry,Advance Veterinary Diets,Advance Veterinary Diets Renal,dry,,[]
advance_veterinary_diets|advance_veterinary_diets_urinary_low_purine|dry,Advance Veterinary Diets,Advance Veterinary Diets Urinary Low Purine,dry,,[]
advance_veterinary_diets|advance_veterinary_diets_urinary|dry,Advance Veterinary Diets,Advance Veterinary Diets Urinary,dry,,[]
advance_veterinary_diets|advance_veterinary_diets_weight_balance_medium/maxi|dry,Advance Veterinary Diets,Advance Veterinary Diets Weight Balance Medium/Maxi,dry,,[]
advance_veterinary_diets|advance_veterinary_diets_weight_balance_mini|dry,Advance Veterinary Diets,Advance Veterinary Diets Weight Balance Mini,dry,,[]
aldi|adult_dry_with_beef__vegetables|dry,Aldi,Adult Dry with Beef  Vegetables,dry,adult,[]
aldi|earls_beef_in_gravy|unknown,Aldi,Earls Beef in Gravy,,,[]
aldi|earls_chicken_in_gravy|unknown,Aldi,Earls Chicken in Gravy,,,[]
aldi|earls_moist__meaty_chunks_with_chicken|unknown,Aldi,Earls Moist  Meaty Chunks with Chicken,,,[]
aldi|earls_tender_pate_with_beef__liver|unknown,Aldi,Earls Tender Pate with Beef  Liver,,,[]
aldi|earls_tender_pate_with_beef|unknown,Aldi,Earls Tender Pate with Beef,,,[]
aldi|earls_tender_pate_with_lamb|unknown,Aldi,Earls Tender Pate with Lamb,,,[]
aldi|earls_tender_pate_with_turkey__lamb|unknown,Aldi,Earls Tender Pate With Turkey  Lamb,,,[]
aldi|earls_with_beef_in_jelly|unknown,Aldi,Earls with Beef in Jelly,,,[]
aldi|earls_with_chicken__vegetables|unknown,Aldi,Earls With Chicken  Vegetables,,,[]
aldi|earls_with_chicken_in_jelly|unknown,Aldi,Earls with Chicken in Jelly,,,[]
aldi|earls_worker_dog_with_chicken__vegetables|unknown,Aldi,Earls Worker Dog with Chicken  Vegetables,,,[]
aldi|langhams_salmon_grain_free|unknown,Aldi,Langhams Salmon Grain Free,,,[]
aldi|langhams_snap_and_serve_pack_mix|unknown,Aldi,Langhams Snap and Serve Pack Mix,,,[]
aldi|worker_dog_with_beef__vegetables|unknown,Aldi,Worker Dog with Beef  Vegetables,,,[]
"alpha|feeds_everyday_beef,_chicken__veg|unknown",Alpha,"Feeds Everyday Beef, Chicken  Veg",,,[]
"alpha|feeds_grain_free_chicken,_potato__veg|unknown",Alpha,"Feeds Grain Free Chicken, Potato  Veg",,,[]
alpha|feeds_junior__sporting_chicken__rice|unknown,Alpha,Feeds Junior  Sporting Chicken  Rice,,puppy,[]
alpha|feeds_performance_chicken__rice|unknown,Alpha,Feeds Performance Chicken  Rice,,,[]
alpha|feeds_sensitive_chicken__rice|unknown,Alpha,Feeds Sensitive Chicken  Rice,,,[]
alpha|feeds_sensitive_extra_duck__rice|unknown,Alpha,Feeds Sensitive Extra Duck  Rice,,,[]
alpha|feeds_sporting_puppy_chicken__rice|unknown,Alpha,Feeds Sporting Puppy Chicken  Rice,,puppy,[]
alpha|feeds_working_maintenance_beef|unknown,Alpha,Feeds Working Maintenance Beef,,adult,[]
alpha|spirit_7_days_formula-the_only_one|unknown,Alpha,Spirit 7 Days Formula-The Only One,,,[]
alpha|spirit_anchovy_with_red_apple|unknown,Alpha,Spirit Anchovy with Red Apple,,,[]
alpha|spirit_beef_with_melon|unknown,Alpha,Spirit Beef with Melon,,,[]
alpha|spirit_beef_with_sage_canned_meatballs|unknown,Alpha,Spirit Beef with Sage Canned Meatballs,,,[]
alpha|spirit_chicken_with_pineapple|unknown,Alpha,Spirit Chicken with Pineapple,,,[]
alpha|spirit_chicken_with_turmeric_canned_meatballs|unknown,Alpha,Spirit Chicken with Turmeric Canned Meatballs,,,[]
alpha|spirit_deer_with_rosemary_canned_meatballs|unknown,Alpha,Spirit Deer with Rosemary Canned Meatballs,,,[]
alpha|spirit_duck_with_green_apple|unknown,Alpha,Spirit Duck with Green Apple,,,[]
alpha|spirit_duck-the_only_one|unknown,Alpha,Spirit Duck-The Only One,,,[]
alpha|spirit_ham_with_melon|unknown,Alpha,Spirit Ham with Melon,,,[]
alpha|spirit_lamb_with_cumin_canned_meatballs|unknown,Alpha,Spirit Lamb with Cumin Canned Meatballs,,,[]
alpha|spirit_lamb_with_pear|unknown,Alpha,Spirit Lamb with Pear,,,[]
alpha|spirit_multi_protein-the_only_one|unknown,Alpha,Spirit Multi Protein-The Only One,,,[]
alpha|spirit_orygo_fresh_chicken_with_carrot|unknown,Alpha,Spirit Orygo Fresh Chicken with Carrot,,,[]
alpha|spirit_orygo_fresh_pork_with_broccoli|unknown,Alpha,Spirit Orygo Fresh Pork with Broccoli,,,[]
alpha|spirit_orygo_fresh_salmon_with_blueberry|unknown,Alpha,Spirit Orygo Fresh Salmon with Blueberry,,,[]
alpha|spirit_orygo_fresh_turkey_with_pumpkin|unknown,Alpha,Spirit Orygo Fresh Turkey with Pumpkin,,,[]
alpha|spirit_orygo_pork_pate_with_broccoli|unknown,Alpha,Spirit Orygo Pork Pate with Broccoli,,,[]
alpha|spirit_orygo_puppy_salmon__sweet_potato|unknown,Alpha,Spirit Orygo Puppy Salmon  Sweet Potato,,puppy,[]
alpha|spirit_orygo_salmon_pate_with_blueberry|unknown,Alpha,Spirit Orygo Salmon Pate with Blueberry,,,[]
alpha|spirit_orygo_senior_chicken_with_legumes|unknown,Alpha,Spirit Orygo Senior Chicken with Legumes,,senior,[]
alpha|spirit_orygo_turkey_pate_with_pumpkin|unknown,Alpha,Spirit Orygo Turkey Pate with Pumpkin,,,[]
alpha|spirit_pork_with_caraway_canned_meatballs|raw,Alpha,Spirit Pork with Caraway Canned Meatballs,raw,,[]
alpha|spirit_pork_with_yellow_apple|unknown,Alpha,Spirit Pork with Yellow Apple,,,[]
alpha|spirit_poultry-the_only_one|unknown,Alpha,Spirit Poultry-The Only One,,,[]
alpha|spirit_primal_spirit_iberian_ancestral_grassland_complete_wet_sausage|wet,Alpha,Spirit Primal Spirit Iberian Ancestral Grassland Complete Wet Sausage,wet,,[]
alpha|spirit_primal_spirit_iberian_mediterranean_farm_complete_wet_sausage|wet,Alpha,Spirit Primal Spirit Iberian Mediterranean Farm Complete Wet Sausage,wet,,[]
alpha|spirit_primal_spirit_iberian_nordic_sealand_complete_wet_sausage|wet,Alpha,Spirit Primal Spirit Iberian Nordic Sealand Complete Wet Sausage,wet,,[]
alpha|spirit_primal_spirit_iberian_pork|unknown,Alpha,Spirit Primal Spirit Iberian Pork,,,[]
alpha|spirit_primal_spirit_iberian_salmon|unknown,Alpha,Spirit Primal Spirit Iberian Salmon,,,[]
alpha|spirit_primal_spirit_iberian_sardine|unknown,Alpha,Spirit Primal Spirit Iberian Sardine,,,[]
alpha|spirit_primal_spirit_iberian_wild_forest_complete_wet_sausage|wet,Alpha,Spirit Primal Spirit Iberian Wild Forest Complete Wet Sausage,wet,,[]
alpha|spirit_primal_spirit_oceanland_fish__chicken|unknown,Alpha,Spirit Primal Spirit Oceanland Fish  Chicken,,,[]
alpha|spirit_primal_spirit_rebel_farm_chicken__fish|unknown,Alpha,Spirit Primal Spirit Rebel Farm Chicken  Fish,,,[]
alpha|spirit_primal_spirit_wanderlust_chicken__fish|unknown,Alpha,Spirit Primal Spirit Wanderlust Chicken  Fish,,,[]
alpha|spirit_primal_spirit_wild_waters_fish__chicken|unknown,Alpha,Spirit Primal Spirit Wild Waters Fish  Chicken,,,[]
"alpha|spirit_primal_spirit_wilderness_pork,_chicken__fish|unknown",Alpha,"Spirit Primal Spirit Wilderness Pork, Chicken  Fish",,,[]
alpha|spirit_puppy-the_only_one|unknown,Alpha,Spirit Puppy-The Only One,,puppy,[]
alpha|spirit_rabbit_with_banana|unknown,Alpha,Spirit Rabbit with Banana,,,[]
alpha|spirit_salmon_with_pineapple|unknown,Alpha,Spirit Salmon with Pineapple,,,[]
alpha|spirit_sardine_with_banana|unknown,Alpha,Spirit Sardine with Banana,,,[]
alpha|spirit_turkey_with_coriander_canned_meatballs|unknown,Alpha,Spirit Turkey with Coriander Canned Meatballs,,,[]
alpha|spirit_turkey_with_pear|unknown,Alpha,Spirit Turkey with Pear,,,[]
alpha|spirit_wild_boar_with_thyme_canned_meatballs|unknown,Alpha,Spirit Wild Boar with Thyme Canned Meatballs,,,[]
alpha|spirit_wild_fish-the_only_one|unknown,Alpha,Spirit Wild Fish-The Only One,,,[]
amazon|beef_chunks_in_gravy|unknown,Amazon,Beef Chunks in Gravy,,,[]
amazon|chicken_with_carrots_and_peas_pate|unknown,Amazon,Chicken with Carrots and Peas Pate,,,[]
amazon|lifelong_chicken__rice_medium_and_large_breeds|unknown,Amazon,Lifelong Chicken  Rice Medium and Large Breeds,,,[]
amazon|lifelong_chicken__rice_small_breed|unknown,Amazon,Lifelong Chicken  Rice Small Breed,,,[]
amazon|lifelong_grain_free_senior_with_fresh_chicken|unknown,Amazon,Lifelong Grain Free Senior with Fresh Chicken,,senior,[]
amazon|lifelong_salmon__rice_medium_and_large_breed|unknown,Amazon,Lifelong Salmon  Rice Medium and Large Breed,,,[]
amazon|lifelong_small_breed_salmon__rice|unknown,Amazon,Lifelong Small Breed Salmon  Rice,,,[]
amazon|meat_selection_in_gravy|unknown,Amazon,Meat Selection in Gravy,,,[]
amazon|pate_with_beef|unknown,Amazon,Pate with Beef,,,[]
amazon|pate_with_game|unknown,Amazon,Pate with Game,,,[]
amazon|poultry_chunks_in_gravy|unknown,Amazon,Poultry Chunks in Gravy,,,[]
amazon|rich_in_beef_with_peas|unknown,Amazon,Rich in Beef with Peas,,,[]
amazon|rich_in_chicken_with_peas|unknown,Amazon,Rich in Chicken with Peas,,,[]
amazon|rich_in_lamb_and_rice|unknown,Amazon,Rich in Lamb and Rice,,,[]
amazon|working_dogs_with_lamb__rice|unknown,Amazon,Working Dogs with Lamb  Rice,,,[]
ambrosia|adult_all_breeds_beef__fresh_salmon|unknown,Ambrosia,Adult All Breeds Beef  Fresh Salmon,,adult,[]
ambrosia|adult_all_breeds_chicken__fresh_salmon|unknown,Ambrosia,Adult All Breeds Chicken  Fresh Salmon,,adult,[]
ambrosia|adult_all_breeds_chicken__veggies|unknown,Ambrosia,Adult All Breeds Chicken  Veggies,,adult,[]
ambrosia|adult_all_breeds_fresh_turkey__duck|unknown,Ambrosia,Adult All Breeds Fresh Turkey  Duck,,adult,[]
ambrosia|adult_all_breeds_fresh_venison__lamb|unknown,Ambrosia,Adult All Breeds Fresh Venison  Lamb,,adult,[]
ambrosia|adult_all_breeds_salmon__rabbit|unknown,Ambrosia,Adult All Breeds Salmon  Rabbit,,adult,[]
ambrosia|adult_large_breeds_fresh_turkey__chicken|unknown,Ambrosia,Adult Large Breeds Fresh Turkey  Chicken,,adult,[]
ambrosia|adult_mini_breeds_fresh_salmon__chicken|unknown,Ambrosia,Adult Mini Breeds Fresh Salmon  Chicken,,adult,[]
ambrosia|adult_mini_breeds_fresh_salmon__rabbit|unknown,Ambrosia,Adult Mini Breeds Fresh Salmon  Rabbit,,adult,[]
ambrosia|large_breed_puppy__growth_fresh_chicken|unknown,Ambrosia,Large Breed Puppy  Growth Fresh Chicken,,puppy,[]
ambrosia|mediterranean_diet_adult_all_breeds_fresh_duck|unknown,Ambrosia,Mediterranean Diet Adult All Breeds Fresh Duck,,adult,[]
ambrosia|mediterranean_diet_all_breeds_fresh_sardine__tuna|unknown,Ambrosia,Mediterranean Diet All Breeds Fresh Sardine  Tuna,,,[]
ambrosia|mediterranean_diet_senior__sterilized_fresh_sardine__cod|unknown,Ambrosia,Mediterranean Diet Senior  Sterilized Fresh Sardine  Cod,,senior,[]
ambrosia|puppy__growth_chicken__fresh_fish|unknown,Ambrosia,Puppy  Growth Chicken  Fresh Fish,,puppy,[]
ambrosia|puppy__growth_chicken__white_fish|unknown,Ambrosia,Puppy  Growth Chicken  White Fish,,puppy,[]
ambrosia|senior__sterilised_fresh_turkey__salmon|unknown,Ambrosia,Senior  Sterilised Fresh Turkey  Salmon,,senior,[]
ambrosia|senior__sterilized_all_breeds_fresh_turkey|unknown,Ambrosia,Senior  Sterilized All Breeds Fresh Turkey,,senior,[]
ambrosia|senior__sterilized_turkey__white_fish|unknown,Ambrosia,Senior  Sterilized Turkey  White Fish,,senior,[]
applaws|adult_chicken__lamb|dry,Applaws,Adult Chicken  Lamb,dry,adult,[]
applaws|adult_chicken_breast_in_broth|wet,Applaws,Adult Chicken Breast in Broth,wet,adult,[]
"applaws|adult_chicken,_beef_liver__vegetables|wet",Applaws,"Adult Chicken, Beef Liver  Vegetables",wet,adult,[]
"applaws|adult_chicken,_ham__vegetables|wet",Applaws,"Adult Chicken, Ham  Vegetables",wet,adult,[]
"applaws|adult_chicken,_salmon__vegetables|wet",Applaws,"Adult Chicken, Salmon  Vegetables",wet,adult,[]
"applaws|adult_chicken,_tuna__vegetables|wet",Applaws,"Adult Chicken, Tuna  Vegetables",wet,adult,[]
applaws|adult_chicken|dry,Applaws,Adult Chicken,dry,adult,[]
applaws|adult_large_breed_chicken|dry,Applaws,Adult Large Breed Chicken,dry,adult,[]
applaws|applaws_adult_chicken__lamb|dry,Applaws,Applaws Adult Chicken  Lamb,dry,adult,"['chicken', 'chicken mince', 'peas', 'potato starch', 'poultry oil', 'lamb', 'beet pulp', 'poultry gravy', 'whole egg', 'cellulose plant fibre', 'minerals', 'vitamins', 'salmon oilåê', 'tomato', 'carrot  chicory extract', 'alfalfa meal', 'seaweed/kelp', 'yeast extract', 'glucosamine', 'methylsulfonylmethane', 'chondroitin', 'carrot', 'peppermint', 'paprika meal', 'turmeric', 'thyme extract', 'citrus extract', 'taurine  mg/kg', 'yucca extract', 'cranberry', 'fennel extract', 'carob extract', 'ginger', 'rosehip extract', 'dandelion extract', 'rosemary oil extract', 'oregano', 'probiotic: contains e enterococcus faecium cernelle', 'cfu/kg as an aid in the establishment', 'maintenance and restoration of a balanced gut flora in dogs.']"
applaws|applaws_adult_chicken_(dry)|dry,Applaws,Applaws Adult Chicken (Dry),dry,adult,"['Chicken', 'Potato', 'Pea', 'Chicken fat', 'Beet pulp']"
applaws|applaws_adult_chicken_&_lamb|dry,Applaws,Applaws Adult Chicken & Lamb,dry,adult,"['chicken', 'chicken mince', 'peas', 'potato starch', 'poultry oil', 'lamb', 'beet pulp', 'poultry gravy', 'whole egg', 'cellulose plant fibre', 'minerals', 'vitamins', 'salmon oilåê', 'tomato', 'carrot  chicory extract', 'alfalfa meal', 'seaweed/kelp', 'yeast extract', 'glucosamine', 'methylsulfonylmethane', 'chondroitin', 'carrot', 'peppermint', 'paprika meal', 'turmeric', 'thyme extract', 'citrus extract', 'taurine  mg/kg', 'yucca extract', 'cranberry', 'fennel extract', 'carob extract', 'ginger', 'rosehip extract', 'dandelion extract', 'rosemary oil extract', 'oregano', 'probiotic: contains e enterococcus faecium cernelle', 'cfu/kg as an aid in the establishment', 'maintenance and restoration of a balanced gut flora in dogs.']"
applaws|applaws_adult_chicken_breast_in_broth|wet,Applaws,Applaws Adult Chicken Breast in Broth,wet,adult,"['chicken breast', 'chicken broth', 'rice.']"
"applaws|applaws_adult_chicken,_beef_liver_&_vegetables|wet",Applaws,"Applaws Adult Chicken, Beef Liver & Vegetables",wet,adult,"['chicken breast', 'chicken broth', 'beef liver', 'pumpkin', 'carrots', 'peas', 'rice']"
"applaws|applaws_adult_chicken,_ham_&_vegetables|wet",Applaws,"Applaws Adult Chicken, Ham & Vegetables",wet,adult,"['chicken breast', 'chicken broth', 'ham', 'pumpkin', 'carrots', 'peas', 'rice.']"
"applaws|applaws_adult_chicken,_salmon_&_vegetables|wet",Applaws,"Applaws Adult Chicken, Salmon & Vegetables",wet,adult,"['chicken breast', 'chicken broth', 'salmon', 'pumpkin', 'carrots', 'peas', 'rice.']"
"applaws|applaws_adult_chicken,_tuna_&_vegetables|wet",Applaws,"Applaws Adult Chicken, Tuna & Vegetables",wet,adult,"['tuna fillet', 'fish broth', 'pumpkin', 'chickpeas', 'kale .']"
applaws|applaws_adult_chicken|dry,Applaws,Applaws Adult Chicken,dry,adult,"['chicken', 'chicken mince', 'peas', 'potato starch', 'poultry oil', 'beet pulp', 'poultry gravy', 'whole egg', 'cellulose plant fibre', 'minerals', 'vitamins', 'salmon oil', 'tomato', 'carrot  chicory extract', 'alfalfa meal', 'seaweed/kelp', 'yeast extract', 'glucosamine', 'methylsulfonylmethane', 'chondroitin', 'carrot', 'peppermint', 'paprika meal', 'turmeric', 'thyme extract', 'citrus extract', 'taurine  mg/kg', 'yucca extract', 'cranberry', 'fennel extract', 'carob extract', 'ginger', 'rosehip extract', 'dandelion extract', 'rosemary oil extract', 'oregano', 'probiotic: contains e enterococcus faecium cernelle', 'cfu/kg as an aid in the establishment', 'maintenance and restoration of a balanced gut flora in dogs']"
applaws|applaws_adult_large_breed_chicken|dry,Applaws,Applaws Adult Large Breed Chicken,dry,adult,"['chicken', 'chicken mince', 'peas', 'potato starch', 'poultry oil', 'beet pulp', 'poultry gravy', 'whole egg', 'cellulose plant fibre', 'minerals', 'vitamins', 'salmon oil', 'tomato', 'carrot  chicory extract', 'alfalfa meal', 'seaweed/kelp', 'yeast extract', 'glucosamine', 'methylsulfonylmethane', 'chondroitin', 'carrot', 'peppermint', 'paprika meal', 'turmeric', 'thyme extract', 'citrus extract', 'taurine  mg/kg', 'yucca extract', 'cranberry', 'fennel extract', 'carob extract', 'ginger', 'rosehip extract', 'dandelion extract', 'rosemary oil extract', 'oregano', 'probiotic: contains e enterococcus faecium cernelle', 'cfu/kg as an aid in the establishment', 'maintenance and restoration of a balanced gut flora in dogs']"
applaws|applaws_adult_small_&_medium_breed_-_chicken_with_lamb|dry,Applaws,Applaws Adult Small & Medium Breed - Chicken with Lamb,dry,adult,[]
applaws|applaws_adult_small_&_medium_breed_-_chicken|dry,Applaws,Applaws Adult Small & Medium Breed - Chicken,dry,adult,[]
applaws|applaws_puppy_chicken|dry,Applaws,Applaws Puppy Chicken,dry,puppy,"['chicken', 'chicken mince', 'potato starch', 'peas', 'poultry oil', 'beet pulp', 'poultry gravy', 'whole egg', 'cellulose plant fibre', 'minerals', 'salmon oil  vitamins', 'tomato', 'carrot', 'chicory extract', 'alfalfa meal', 'seaweed/kelp', 'yeast extract', 'glucosamine', 'methylsulfonylmethane', 'chondroitin', 'peppermint', 'paprika meal', 'turmeric', 'thyme extract', 'citrus extract', 'taurine  mg/kg', 'yucca extract', 'cranberry', 'fennel extract', 'carob extract', 'ginger', 'rosehip extract', 'dandelion extract', 'rosemary oil extract', 'oregano', 'probiotic: contains e enterococcus faecium cernelle', 'cfu/kg as an aid in the establishment', 'maintenance and restoration of a balanced gut flora in puppies.']"
applaws|applaws_puppy_large_breed_-_chicken|dry,Applaws,Applaws Puppy Large Breed - Chicken,dry,puppy,[]
applaws|applaws_puppy_large_breed_chicken|dry,Applaws,Applaws Puppy Large Breed Chicken,dry,puppy,"['chicken', 'chicken mince  potato starch', 'peas', 'poultry oil', 'beet pulp', 'poultry gravy', 'whole egg', 'cellulose plant fibre', 'minerals', 'salmon oil  vitamins', 'tomato', 'carrot', 'chicory extract', 'alfalfa meal', 'seaweed/kelp', 'yeast extract', 'glucosamine', 'methylsulfonylmethane', 'chondroitin', 'peppermint', 'paprika meal', 'turmeric', 'thyme extract', 'citrus extract', 'taurine  mg/kg', 'yucca extract', 'cranberry', 'fennel extract', 'carob extract', 'ginger', 'rosehip extract', 'dandelion extract', 'rosemary oil extract', 'oregano', 'probiotic: contains e enterococcus faecium cernelle', 'cfu/kg as an aid in the establishment', 'maintenance and restoration of a balanced gut flora in puppies']"
applaws|applaws_puppy_small_&_medium_breed_-_chicken|dry,Applaws,Applaws Puppy Small & Medium Breed - Chicken,dry,puppy,[]
applaws|applaws_senior_chicken|dry,Applaws,Applaws Senior Chicken,dry,senior,"['chicken', 'chicken mince', 'peas', 'potato starch  beet pulp', 'poultry oil', 'tomato', 'poultry gravy', 'whole egg', 'cellulose plant fibre', 'minerals', 'vitamins', 'salmon oil', 'coconut oil']"
applaws|applaws_taste_toppers_in_gravy|wet,Applaws,Applaws Taste Toppers in Gravy,wet,,[]
applaws|applaws_taste_toppers_mixed_pack|wet,Applaws,Applaws Taste Toppers Mixed Pack,wet,,[]
applaws|puppy_chicken|dry,Applaws,Puppy Chicken,dry,puppy,[]
applaws|puppy_large_breed_chicken|dry,Applaws,Puppy Large Breed Chicken,dry,puppy,[]
applaws|senior_chicken|dry,Applaws,Senior Chicken,dry,senior,[]
applaws|taste_toppers_jelly_tin_selection|unknown,Applaws,Taste Toppers Jelly Tin Selection,,,[]
arden|grange_adult_chicken__rice|dry,Arden,Grange Adult Chicken  Rice,dry,adult,[]
arden|grange_adult_grain_free_duck|unknown,Arden,Grange Adult Grain Free Duck,,adult,[]
arden|grange_adult_grain_free_lamb|unknown,Arden,Grange Adult Grain Free Lamb,,adult,[]
arden|grange_adult_grain_free_salmon|unknown,Arden,Grange Adult Grain Free Salmon,,adult,[]
arden|grange_adult_grain_free_turkey|unknown,Arden,Grange Adult Grain Free Turkey,,adult,[]
arden|grange_adult_lamb__rice|dry,Arden,Grange Adult Lamb  Rice,dry,adult,[]
arden|grange_adult_large_breed_sensitive|unknown,Arden,Grange Adult Large Breed Sensitive,,adult,[]
arden|grange_adult_light_chicken__rice|dry,Arden,Grange Adult Light Chicken  Rice,dry,adult,[]
arden|grange_adult_mini_lamb__rice|dry,Arden,Grange Adult Mini Lamb  Rice,dry,adult,[]
arden|grange_adult_pork__rice|unknown,Arden,Grange Adult Pork  Rice,,adult,[]
arden|grange_adult_premium_chicken__rice|dry,Arden,Grange Adult Premium Chicken  Rice,dry,adult,[]
arden|grange_adult_prestige_chicken|dry,Arden,Grange Adult Prestige Chicken,dry,adult,[]
arden|grange_adult_salmon__rice|dry,Arden,Grange Adult Salmon  Rice,dry,adult,[]
arden|grange_grain_free_adult_duck__superfoods|unknown,Arden,Grange Grain Free Adult Duck  Superfoods,,adult,[]
arden|grange_grain_free_adult_lamb__superfoods|unknown,Arden,Grange Grain Free Adult Lamb  Superfoods,,adult,[]
arden|grange_grain_free_adult_turkey__superfoods|unknown,Arden,Grange Grain Free Adult Turkey  Superfoods,,adult,[]
arden|grange_grain_free_light/senior|unknown,Arden,Grange Grain Free Light/Senior,,senior,[]
arden|grange_grain_free_puppy|unknown,Arden,Grange Grain Free Puppy,,puppy,[]
arden|grange_large_breed|dry,Arden,Grange Large Breed,dry,,[]
arden|grange_mini_adult_chicken__rice|unknown,Arden,Grange Mini Adult Chicken  Rice,,adult,[]
"arden|grange_partners_chicken,_rice__veg|wet",Arden,"Grange Partners Chicken, Rice  Veg",wet,,[]
"arden|grange_partners_lamb,_rice__veg|wet",Arden,"Grange Partners Lamb, Rice  Veg",wet,,[]
arden|grange_partners_sensitive_adult|unknown,Arden,Grange Partners Sensitive Adult,,adult,[]
arden|grange_performance_adult|unknown,Arden,Grange Performance Adult,,adult,[]
arden|grange_puppy_junior_chicken__rice|dry,Arden,Grange Puppy Junior Chicken  Rice,dry,puppy,[]
arden|grange_puppy_junior_large_breed_chicken__rice|dry,Arden,Grange Puppy Junior Large Breed Chicken  Rice,dry,puppy,[]
arden|grange_senior_chicken__rice|dry,Arden,Grange Senior Chicken  Rice,dry,senior,[]
arden|grange_sensitive_adult|dry,Arden,Grange Sensitive Adult,dry,adult,[]
arden|grange_sensitive_light/senior|unknown,Arden,Grange Sensitive Light/Senior,,senior,[]
arden|grange_sensitive_mini_adult|unknown,Arden,Grange Sensitive Mini Adult,,adult,[]
arden|grange_sensitive_puppy/junior|unknown,Arden,Grange Sensitive Puppy/Junior,,puppy,[]
arden|grange_weaning/puppy|unknown,Arden,Grange Weaning/Puppy,,puppy,[]
arion|arion_original_growth_large_breed_chicken|dry,Arion,Arion Original Growth Large Breed Chicken,dry,puppy,[]
arion|arion_original_growth_large_breed_fish|dry,Arion,Arion Original Growth Large Breed Fish,dry,puppy,[]
arion|arion_original_growth_medium_breed_chicken|dry,Arion,Arion Original Growth Medium Breed Chicken,dry,puppy,[]
arion|arion_original_growth_medium_breed_fish|dry,Arion,Arion Original Growth Medium Breed Fish,dry,puppy,[]
arion|arion_original_growth_small_breed_chicken|dry,Arion,Arion Original Growth Small Breed Chicken,dry,puppy,[]
arion|arion_original_high_energy_all_breeds_chicken|dry,Arion,Arion Original High Energy All Breeds Chicken,dry,,[]
arion|arion_original_maintenance_giant_breed_chicken|dry,Arion,Arion Original Maintenance Giant Breed Chicken,dry,adult,[]
arion|arion_original_maintenance_large_breed_chicken|dry,Arion,Arion Original Maintenance Large Breed Chicken,dry,adult,[]
arion|arion_original_maintenance_medium_breed_chicken|dry,Arion,Arion Original Maintenance Medium Breed Chicken,dry,adult,[]
arion|arion_original_maintenance_small_breed_chicken|dry,Arion,Arion Original Maintenance Small Breed Chicken,dry,adult,[]
arion|arion_original_mature_7+_medium/large_breed_chicken|dry,Arion,Arion Original Mature 7+ Medium/Large Breed Chicken,dry,senior,[]
arion|arion_original_sensitive_large_breed_lamb|dry,Arion,Arion Original Sensitive Large Breed Lamb,dry,,[]
arion|arion_original_sensitive_medium_breed_lamb|dry,Arion,Arion Original Sensitive Medium Breed Lamb,dry,,[]
arion|arion_original_sensitive_small_breed_lamb|dry,Arion,Arion Original Sensitive Small Breed Lamb,dry,,[]
arion|arion_original_skin_&_coat_large_breed_salmon|dry,Arion,Arion Original Skin & Coat Large Breed Salmon,dry,,[]
arion|arion_original_skin_&_coat_medium_breed_salmon|dry,Arion,Arion Original Skin & Coat Medium Breed Salmon,dry,,[]
arion|care_digestion|unknown,Arion,Care Digestion,,,[]
arion|care_hypoallergenic|unknown,Arion,Care Hypoallergenic,,,[]
arion|care_joint|unknown,Arion,Care Joint,,,[]
arion|care_weight|unknown,Arion,Care Weight,,,[]
arion|fresh_adult_active|unknown,Arion,Fresh Adult Active,,adult,[]
arion|fresh_adult_medium_large|unknown,Arion,Fresh Adult Medium Large,,adult,[]
arion|fresh_adult_sensitive|unknown,Arion,Fresh Adult Sensitive,,adult,[]
arion|fresh_adult_small|unknown,Arion,Fresh Adult Small,,adult,[]
arion|fresh_junior|unknown,Arion,Fresh Junior,,puppy,[]
arion|fresh_senior_light|unknown,Arion,Fresh Senior Light,,senior,[]
barking|heads_all_hounder_bowl_lickin_goodness_chicken|unknown,Barking,Heads All Hounder Bowl Lickin Goodness Chicken,,,[]
barking|heads_all_hounder_bowl_lickin_goodness_lamb|unknown,Barking,Heads All Hounder Bowl Lickin Goodness Lamb,,,[]
barking|heads_all_hounder_fat_dog_slim|unknown,Barking,Heads All Hounder Fat Dog Slim,,,[]
barking|heads_all_hounder_fuss_pot_duck|unknown,Barking,Heads All Hounder Fuss Pot Duck,,,[]
barking|heads_all_hounder_golden_years|unknown,Barking,Heads All Hounder Golden Years,,,[]
barking|heads_all_hounder_hair_necessities|unknown,Barking,Heads All Hounder Hair Necessities,,,[]
barking|heads_all_hounder_puppy_days_turkey|unknown,Barking,Heads All Hounder Puppy Days Turkey,,puppy,[]
barking|heads_all_hounder_tummy_lovin_care_fish|unknown,Barking,Heads All Hounder Tummy Lovin Care Fish,,,[]
barking|heads_beef_waggington_wet|wet,Barking,Heads Beef Waggington Wet,wet,,[]
barking|heads_big_foot_bowl_lickin_chicken|dry,Barking,Heads Big Foot Bowl Lickin Chicken,dry,,[]
barking|heads_big_foot_chop_lickin_lamb|dry,Barking,Heads Big Foot Chop Lickin Lamb,dry,,[]
barking|heads_big_foot_golden_years|unknown,Barking,Heads Big Foot Golden Years,,,[]
barking|heads_big_foot_puppy_days|dry,Barking,Heads Big Foot Puppy Days,dry,puppy,[]
barking|heads_bowl_lickin_chicken_wet|wet,Barking,Heads Bowl Lickin Chicken Wet,wet,,[]
barking|heads_bowl_lickin_chicken|dry,Barking,Heads Bowl Lickin Chicken,dry,,[]
barking|heads_chop_lickin_lamb_wet|wet,Barking,Heads Chop Lickin Lamb Wet,wet,,[]
barking|heads_chop_lickin_lamb|dry,Barking,Heads Chop Lickin Lamb,dry,,[]
barking|heads_doggylicious_duck|dry,Barking,Heads Doggylicious Duck,dry,,[]
barking|heads_fat_dog_slim_wet|wet,Barking,Heads Fat Dog Slim Wet,wet,,[]
barking|heads_fat_dog_slim|dry,Barking,Heads Fat Dog Slim,dry,,[]
barking|heads_fish_n_delish|dry,Barking,Heads Fish N Delish,dry,,[]
barking|heads_golden_years_chicken|dry,Barking,Heads Golden Years Chicken,dry,,[]
barking|heads_golden_years_wet|wet,Barking,Heads Golden Years Wet,wet,,[]
barking|heads_little_paws_bowl_lickin_chicken|dry,Barking,Heads Little Paws Bowl Lickin Chicken,dry,,[]
barking|heads_little_paws_chop_lickin_lamb|dry,Barking,Heads Little Paws Chop Lickin Lamb,dry,,[]
barking|heads_little_paws_fuss_pot_duck|dry,Barking,Heads Little Paws Fuss Pot Duck,dry,,[]
barking|heads_little_paws_golden_years|unknown,Barking,Heads Little Paws Golden Years,,,[]
barking|heads_plant_powered_pooches|dry,Barking,Heads Plant Powered Pooches,dry,,[]
barking|heads_pooched_salmon|dry,Barking,Heads Pooched Salmon,dry,,[]
barking|heads_puppy_days_wet|wet,Barking,Heads Puppy Days Wet,wet,puppy,[]
barking|heads_puppy_days|dry,Barking,Heads Puppy Days,dry,puppy,[]
barking|heads_top_dog_turkey_wet|wet,Barking,Heads Top Dog Turkey Wet,wet,,[]
barking|heads_top_dog_turkey|dry,Barking,Heads Top Dog Turkey,dry,,[]
belcando|adult_active|unknown,Belcando,Adult Active,,adult,[]
belcando|adult_dinner|unknown,Belcando,Adult Dinner,,adult,[]
belcando|adult_grain_free_beef|unknown,Belcando,Adult Grain Free Beef,,adult,[]
belcando|adult_grain_free_horse|unknown,Belcando,Adult Grain Free Horse,,adult,[]
belcando|adult_grain_free_ocean|unknown,Belcando,Adult Grain Free Ocean,,adult,[]
belcando|adult_grain_free_poultry|unknown,Belcando,Adult Grain Free Poultry,,adult,[]
belcando|adult_iberico__rice|unknown,Belcando,Adult Iberico  Rice,,adult,[]
belcando|adult_lamb__rice|unknown,Belcando,Adult Lamb  Rice,,adult,[]
belcando|adult_light|unknown,Belcando,Adult Light,,adult,[]
belcando|beef_with_potatoes__peas|unknown,Belcando,Beef With Potatoes  Peas,,,[]
belcando|belcando_adult_active|dry,Belcando,Belcando Adult Active,dry,adult,[]
belcando|belcando_adult_dinner|dry,Belcando,Belcando Adult Dinner,dry,adult,[]
belcando|belcando_adult_grain-free_ocean|dry,Belcando,Belcando Adult Grain-free Ocean,dry,adult,[]
belcando|belcando_adult_iberico_&_rice|dry,Belcando,Belcando Adult Iberico & Rice,dry,adult,[]
belcando|belcando_adult_lamb_&_rice|dry,Belcando,Belcando Adult Lamb & Rice,dry,adult,[]
belcando|belcando_adult_multi-croc|dry,Belcando,Belcando Adult Multi-Croc,dry,adult,"['Maize', 'Poultry meat meal', 'Wheat', 'Oat flakes', 'Beef fat']"
belcando|belcando_baseline_fisher|dry,Belcando,Belcando Baseline Fisher,dry,,[]
belcando|belcando_baseline_young|dry,Belcando,Belcando Baseline Young,dry,,[]
belcando|belcando_finest_croc|dry,Belcando,Belcando Finest Croc,dry,,[]
belcando|belcando_grain-free_mix_it|dry,Belcando,Belcando grain-free Mix It,dry,,[]
belcando|belcando_junior_grain-free_poultry|dry,Belcando,Belcando Junior Grain-free Poultry,dry,puppy,[]
belcando|belcando_senior_sensitive|dry,Belcando,Belcando Senior Sensitive,dry,senior,[]
belcando|chicken__duck_with_millet__carrots|unknown,Belcando,Chicken  Duck with Millet  Carrots,,,[]
belcando|finest_croc|unknown,Belcando,Finest Croc,,,[]
belcando|finest_grain_free_lamb|unknown,Belcando,Finest Grain Free Lamb,,,[]
belcando|finest_grain_free_salmon|unknown,Belcando,Finest Grain Free Salmon,,,[]
belcando|finest_grain_free_senior|unknown,Belcando,Finest Grain Free Senior,,senior,[]
belcando|iberico_pork_with_chick_peas__lingonberry|unknown,Belcando,Iberico Pork With Chick Peas  Lingonberry,,,[]
belcando|junior_lamb__rice|unknown,Belcando,Junior Lamb  Rice,,puppy,[]
belcando|junior_maxi|unknown,Belcando,Junior Maxi,,puppy,[]
belcando|lamb_with_rice__tomatoes|unknown,Belcando,Lamb With Rice  tomatoes,,,[]
belcando|puppy_grain_free_poultry|unknown,Belcando,Puppy Grain Free Poultry,,puppy,[]
belcando|puppy_gravy|unknown,Belcando,Puppy Gravy,,puppy,[]
belcando|turkey_with_rice__courgettes|unknown,Belcando,Turkey With Rice  Courgettes,,,[]
betty|butch_chicken_and_sweet_potato|unknown,BETTY,BUTCH Chicken and Sweet Potato,,,[]
"betty|butch_duck,_rice_and_veg|unknown",BETTY,"BUTCH Duck, Rice and Veg",,,[]
betty|butch_grain-free_natural_chicken_small_breed|unknown,BETTY,BUTCH Grain-Free Natural Chicken Small Breed,,,[]
betty|butch_grain-free_natural_duck|unknown,BETTY,BUTCH Grain-Free Natural Duck,,,[]
betty|butch_grain-free_natural_lamb_sweet_potato_and_veg|unknown,BETTY,BUTCH Grain-Free Natural Lamb Sweet Potato And Veg,,,[]
betty|butch_grain-free_natural_turkey_sweet_potato_and_veg_senior|unknown,BETTY,BUTCH Grain-Free Natural Turkey Sweet Potato And Veg Senior,,senior,[]
betty|butch_grain-free_natural_turkey_sweet_potato_and_veg|unknown,BETTY,BUTCH Grain-Free Natural Turkey Sweet Potato And Veg,,,[]
betty|butch_grain-free_natural_venison_sweet_potato_and_veg|unknown,BETTY,BUTCH Grain-Free Natural Venison Sweet Potato And Veg,,,[]
"betty|butch_insect,_sweet_potato_and_cranberry_adult|unknown",BETTY,"BUTCH Insect, Sweet Potato and Cranberry Adult",,adult,[]
"betty|butch_lamb,_rice_and_veg|unknown",BETTY,"BUTCH Lamb, Rice and Veg",,,[]
betty|butch_low-fat_natural_turkey_sweet_potato_and_veg|unknown,BETTY,BUTCH Low-Fat Natural Turkey Sweet Potato And Veg,,,[]
betty|butch_natural_ocean_haddock|unknown,BETTY,BUTCH Natural Ocean Haddock,,,[]
betty|butch_natural_ocean_salmon__trout|unknown,BETTY,BUTCH Natural Ocean Salmon  Trout,,,[]
betty|butch_natural_salmon_large_breed|unknown,BETTY,BUTCH Natural Salmon Large Breed,,,[]
betty|butch_ocean_fish_and_sweet_potato|unknown,BETTY,BUTCH Ocean Fish and Sweet Potato,,,[]
betty|butch_peptide_gastrointestinal_digestive_care_advanced_hypoallergenic|unknown,BETTY,BUTCH Peptide Gastrointestinal Digestive Care Advanced Hypoallergenic,,,[]
betty|butch_peptide_weight_control__joint_care_hypoallergenic|unknown,BETTY,BUTCH Peptide Weight Control  Joint Care Hypoallergenic,,,[]
betty|butch_superfood_adult_angus_beef_with_vegetables|unknown,BETTY,BUTCH Superfood Adult Angus Beef With Vegetables,,adult,[]
betty|butch_superfood_adult_chicken_with_vegetables|unknown,BETTY,BUTCH Superfood Adult Chicken With Vegetables,,adult,[]
betty|butch_superfood_adult_duck_with_vegetables|unknown,BETTY,BUTCH Superfood Adult Duck With Vegetables,,adult,[]
betty|butch_superfood_adult_lamb_with_vegetables|unknown,BETTY,BUTCH Superfood Adult Lamb With Vegetables,,adult,[]
betty|butch_superfood_adult_small_breed_low_fat|unknown,BETTY,BUTCH Superfood Adult Small Breed Low Fat,,adult,[]
betty|butch_superfood_adult_turkey_with_vegetables|unknown,BETTY,BUTCH Superfood Adult Turkey With Vegetables,,adult,[]
betty|butch_turkey_and_sweet_potato|unknown,BETTY,BUTCH Turkey and Sweet Potato,,,[]
biofood|adult_crispy|unknown,Biofood,Adult Crispy,,adult,[]
biofood|adult_mini|unknown,Biofood,Adult Mini,,adult,[]
biofood|beef_menu|unknown,Biofood,Beef Menu,,,[]
biofood|control_mini|unknown,Biofood,Control Mini,,,[]
biofood|dinner|unknown,Biofood,Dinner,,,[]
biofood|lamb__rice|unknown,Biofood,Lamb  Rice,,,[]
biofood|meat_diet_chicken__duck|unknown,Biofood,Meat Diet Chicken  Duck,,,[]
biofood|meat_diet_chicken__lamb|unknown,Biofood,Meat Diet Chicken  Lamb,,,[]
biofood|meat_diet_chicken__salmon|unknown,Biofood,Meat Diet Chicken  Salmon,,,[]
biofood|organic_pressed_chicken|unknown,Biofood,Organic Pressed Chicken,,,[]
biofood|petfood_pressed_adult|unknown,Biofood,Petfood Pressed Adult,,adult,[]
biofood|pressed_lamb|unknown,Biofood,Pressed Lamb,,,[]
biofood|pressed_mini_puppy__small_breed|unknown,Biofood,Pressed Mini Puppy  Small Breed,,puppy,[]
biofood|pressed_salmon|unknown,Biofood,Pressed Salmon,,,[]
biofood|puppy|unknown,Biofood,Puppy,,puppy,[]
biofood|senior|unknown,Biofood,Senior,,senior,[]
biofood|sensitive_mini|unknown,Biofood,Sensitive Mini,,,[]
biofood|turkey_menu|unknown,Biofood,Turkey Menu,,,[]
"borders|pet_foods_grain_free_adult_duck,_sweet_potato__orange|unknown",Borders,"Pet Foods Grain Free Adult Duck, Sweet Potato  Orange",,adult,[]
"borders|pet_foods_grain_free_adult_lamb,_sweet_potato__mint|unknown",Borders,"Pet Foods Grain Free Adult Lamb, Sweet Potato  Mint",,adult,[]
"borders|pet_foods_grain_free_adult_light_with_trout,_salmon,_sweet_potato__asparagus|unknown",Borders,"Pet Foods Grain Free Adult Light With Trout, Salmon, Sweet Potato  Asparagus",,adult,[]
"borders|pet_foods_grain_free_adult_pork,_sweet_potato__apple|unknown",Borders,"Pet Foods Grain Free Adult Pork, Sweet Potato  Apple",,adult,[]
"borders|pet_foods_grain_free_adult_salmon,_trout,_sweet_potato__asparagus|unknown",Borders,"Pet Foods Grain Free Adult Salmon, Trout, Sweet Potato  Asparagus",,adult,[]
borders|pet_foods_grain_free_adult_small_breed_duck_with_sweet_potato__orange|unknown,Borders,Pet Foods Grain Free Adult Small Breed Duck With Sweet Potato  Orange,,adult,[]
"borders|pet_foods_grain_free_adult_turkey,_sweet_potato__cranberry|unknown",Borders,"Pet Foods Grain Free Adult Turkey, Sweet Potato  Cranberry",,adult,[]
"borders|pet_foods_grain_free_adult_venison,_sweet_potato__mulberry|unknown",Borders,"Pet Foods Grain Free Adult Venison, Sweet Potato  Mulberry",,adult,[]
borders|pet_foods_grain_free_large_breed_puppy_junior_salmon__sweet_potato|unknown,Borders,Pet Foods Grain Free Large Breed Puppy Junior Salmon  Sweet Potato,,puppy,[]
"borders|pet_foods_grain_free_light_adult_turkey,_sweet_potato__cranberry|unknown",Borders,"Pet Foods Grain Free Light Adult Turkey, Sweet Potato  Cranberry",,adult,[]
borders|pet_foods_grain_free_puppy_chicken_with_turkey__salmon|unknown,Borders,Pet Foods Grain Free Puppy Chicken With Turkey  Salmon,,puppy,[]
"borders|pet_foods_grain_free_small_breed_adult_chicken,_sweet_potato__herb|unknown",Borders,"Pet Foods Grain Free Small Breed Adult Chicken, Sweet Potato  Herb",,adult,[]
"borders|pet_foods_grain_free_small_breed_adult_salmon,_trout,_sweet_potato__asparagus|unknown",Borders,"Pet Foods Grain Free Small Breed Adult Salmon, Trout, Sweet Potato  Asparagus",,adult,[]
"borders|pet_foods_large_breed_adult_turkey,_sweet_potato__cranberry|unknown",Borders,"Pet Foods Large Breed Adult Turkey, Sweet Potato  Cranberry",,adult,[]
borders|pet_foods_naturals_adult_fish__rice|unknown,Borders,Pet Foods Naturals Adult Fish  Rice,,adult,[]
borders|pet_foods_naturals_puppy_junior_turkey__rice|unknown,Borders,Pet Foods Naturals Puppy Junior Turkey  Rice,,puppy,[]
borders|pet_foods_naturals_senior_light_turkey__rice|unknown,Borders,Pet Foods Naturals Senior Light Turkey  Rice,,senior,[]
borders|pet_foods_super_premium_adult_lamb__rice|unknown,Borders,Pet Foods Super Premium Adult Lamb  Rice,,adult,[]
borders|pet_foods_super_premium_adult_large_breed_chicken__rice|unknown,Borders,Pet Foods Super Premium Adult Large Breed Chicken  Rice,,adult,[]
borders|pet_foods_super_premium_working_adult_turkey__rice|unknown,Borders,Pet Foods Super Premium Working Adult Turkey  Rice,,adult,[]
borders|pet_foods_superior_adult_angus_beef|unknown,Borders,Pet Foods Superior Adult Angus Beef,,adult,[]
borders|pet_foods_superior_adult_british_free_range_chicken|unknown,Borders,Pet Foods Superior Adult British Free Range Chicken,,adult,[]
borders|pet_foods_superior_adult_english_country_duck|unknown,Borders,Pet Foods Superior Adult English Country Duck,,adult,[]
borders|pet_foods_superior_adult_free_range_turkey|unknown,Borders,Pet Foods Superior Adult Free Range Turkey,,adult,[]
borders|pet_foods_superior_adult_scottish_salmon|unknown,Borders,Pet Foods Superior Adult Scottish Salmon,,adult,[]
borders|pet_foods_superior_adult_small_breed_angus_beef|unknown,Borders,Pet Foods Superior Adult Small Breed Angus Beef,,adult,[]
borders|pet_foods_superior_puppy_free_range_turkey|unknown,Borders,Pet Foods Superior Puppy Free Range Turkey,,puppy,[]
borders|pet_foods_superior_puppy_scottish_salmon|unknown,Borders,Pet Foods Superior Puppy Scottish Salmon,,puppy,[]
borders|pet_foods_superior_senior_scottish_salmon|unknown,Borders,Pet Foods Superior Senior Scottish Salmon,,senior,[]
bosch|adult_lamb__rice|unknown,Bosch,Adult Lamb  Rice,,adult,[]
bosch|adult_with_fish__potato|unknown,Bosch,Adult with Fish  Potato,,adult,[]
bosch|bosch_active_dry_dog_food|dry,bosch,bosch Active Dry Dog Food,dry,,[]
bosch|bosch_adult_dry_dog_food_mixed_trial_pack|dry,bosch,bosch Adult Dry Dog Food Mixed Trial Pack,dry,adult,[]
bosch|bosch_adult_fish_&_potato_dry_dog_food|dry,bosch,bosch Adult Fish & Potato Dry Dog Food,dry,adult,[]
bosch|bosch_adult_lamb_&_rice|dry,bosch,bosch Adult Lamb & Rice,dry,adult,"['Fresh poultry (min. 25%)', 'Rice (min. 16%)', 'Barley', 'Maize', 'Poultry meal']"
bosch|bosch_adult_life_&_care_dry_dog_food|dry,bosch,bosch Adult Life & Care Dry Dog Food,dry,adult,[]
bosch|bosch_adult_maxi_dry_dog_food|dry,bosch,bosch Adult Maxi Dry Dog Food,dry,adult,[]
bosch|bosch_adult_menu_dry_dog_food|dry,bosch,bosch Adult Menu Dry Dog Food,dry,adult,[]
bosch|bosch_adult_mini_poultry_&_millet_dry_dog_food|dry,bosch,bosch Adult Mini Poultry & Millet Dry Dog Food,dry,adult,[]
bosch|bosch_adult_mini_senior_dry_dog_food|dry,bosch,bosch Adult Mini Senior Dry Dog Food,dry,senior,[]
bosch|bosch_adult_salmon_&_potato|dry,bosch,bosch Adult Salmon & Potato,dry,adult,[]
bosch|bosch_hpc_adult_vegan_potato_&_pea|dry,bosch,bosch HPC Adult Vegan Potato & Pea,dry,adult,[]
bosch|bosch_hpc_oven_baked_beef|dry,bosch,bosch HPC Oven Baked beef,dry,,[]
bosch|bosch_hpc_soft_maxi_water_buffalo_&_sweet_potato|dry,bosch,bosch HPC Soft Maxi Water Buffalo & Sweet potato,dry,,[]
bosch|bosch_junior_lamb_&_rice_dry_dog_food|dry,bosch,bosch Junior Lamb & Rice Dry Dog Food,dry,puppy,[]
bosch|bosch_junior_medium_dry_dog_food|dry,bosch,bosch Junior Medium Dry Dog Food,dry,puppy,[]
bosch|bosch_light_dry_dog_food|dry,bosch,bosch Light Dry Dog Food,dry,,[]
bosch|bosch_organic_adult_dry_dog_food|dry,bosch,bosch Organic Adult Dry Dog Food,dry,adult,[]
bosch|bosch_plus_ostrich_&_potato_hpc_dry_dog_food|dry,bosch,bosch Plus Ostrich & Potato HPC Dry Dog Food,dry,,[]
bosch|bosch_puppy_dry_dog_food|dry,bosch,bosch Puppy Dry Dog Food,dry,puppy,[]
bosch|bosch_senior_age_&_weight_dry_dog_food|dry,bosch,bosch Senior Age & Weight Dry Dog Food,dry,senior,[]
bosch|bosch_senior_dry_dog_food|dry,bosch,bosch Senior Dry Dog Food,dry,senior,[]
bosch|bosch_sensible_renal_&_reduction_dry_dog_food|dry,bosch,bosch Sensible Renal & Reduction Dry Dog Food,dry,,[]
bosch|bosch_soft_chicken_&_banana_hpc_dry_dog_food|dry,bosch,bosch Soft Chicken & Banana HPC Dry Dog Food,dry,,[]
bosch|bosch_soft_duck_&_potato_hpc_dry_dog_food|dry,bosch,bosch Soft Duck & Potato HPC Dry Dog Food,dry,,[]
bosch|bosch_soft_senior_goat_&_potato_hpc_dog_food|dry,bosch,bosch Soft Senior Goat & Potato HPC Dog Food,dry,senior,[]
bosch|bosch_special_light_dry_dog_food|dry,bosch,bosch Special Light Dry Dog Food,dry,,[]
bosch|light|unknown,Bosch,Light,,,[]
bosch|maxi_adult|unknown,Bosch,Maxi Adult,,adult,[]
bosch|mini_adult_lamb_&_rice|dry,Bosch,Mini Adult Lamb & Rice,dry,adult,"['Fresh poultry (30%)', 'Rice (15%)', 'Maize', 'Millet', 'Dried lamb protein']"
bosch|organic_adult|unknown,Bosch,Organic Adult,,adult,[]
bosch|organic_senior|unknown,Bosch,Organic Senior,,senior,[]
bosch|senior|unknown,Bosch,Senior,,senior,[]
bosch|sensitive_lamb__rice|unknown,Bosch,Sensitive Lamb  Rice,,,[]
bounce|bella_aromatic_chicken__veg_adult|unknown,Bounce,Bella Aromatic Chicken  Veg Adult,,adult,[]
bounce|bella_aromatic_chicken__veg_small_breed_adult|unknown,Bounce,Bella Aromatic Chicken  Veg Small Breed Adult,,adult,[]
bounce|bella_chicken_with_turkey__salmon_puppy|unknown,Bounce,Bella Chicken with Turkey  Salmon Puppy,,puppy,[]
"bounce|bella_delicious_venison,_salmon__mulberry|unknown",Bounce,"Bella Delicious Venison, Salmon  Mulberry",,,[]
bounce|bella_gourmet_duck__orange_adult|unknown,Bounce,Bella Gourmet Duck  Orange Adult,,adult,[]
"bounce|bella_hearty_lamb,_mint__veg_adult|unknown",Bounce,"Bella Hearty Lamb, Mint  Veg Adult",,adult,[]
bounce|bella_irresistible_angus_beef_adult|unknown,Bounce,Bella Irresistible Angus Beef Adult,,adult,[]
bounce|bella_luxury_aberdeen_angus_beef_adult|unknown,Bounce,Bella Luxury Aberdeen Angus Beef Adult,,adult,[]
bounce|bella_luxury_free_range_chicken_adult|unknown,Bounce,Bella Luxury Free Range Chicken Adult,,adult,[]
bounce|bella_luxury_free_range_turkey_puppy|unknown,Bounce,Bella Luxury Free Range Turkey Puppy,,puppy,[]
bounce|bella_luxury_free_range_turkey_small_breed_adult|unknown,Bounce,Bella Luxury Free Range Turkey Small Breed Adult,,adult,[]
bounce|bella_luxury_grass_fed_lamb_adult|unknown,Bounce,Bella Luxury Grass Fed Lamb Adult,,adult,[]
bounce|bella_luxury_scottish_salmon_adult|unknown,Bounce,Bella Luxury Scottish Salmon Adult,,adult,[]
bounce|bella_luxury_scottish_salmon_puppy|unknown,Bounce,Bella Luxury Scottish Salmon Puppy,,puppy,[]
bounce|bella_luxury_scottish_salmon_senior|unknown,Bounce,Bella Luxury Scottish Salmon Senior,,senior,[]
bounce|bella_luxury_scottish_salmon_small_breed_adult|unknown,Bounce,Bella Luxury Scottish salmon Small Breed Adult,,adult,[]
bounce|bella_salmon_large_breed_puppy|unknown,Bounce,Bella Salmon Large Breed Puppy,,puppy,[]
bounce|bella_steamed_cooked_salmon__trout_adult|unknown,Bounce,Bella Steamed Cooked Salmon  Trout Adult,,adult,[]
bounce|bella_tasty_trout__salmon_senior|unknown,Bounce,Bella Tasty Trout  Salmon Senior,,senior,[]
bounce|bella_turkey__cranberry_large_breed_adult|unknown,Bounce,Bella Turkey  Cranberry Large Breed Adult,,adult,[]
bozita|bozita_grain_free_elk|dry,Bozita,Bozita Grain Free Elk,dry,,[]
bozita|bozita_grain_free_mother_&_puppy_elk|dry,Bozita,Bozita Grain Free Mother & Puppy Elk,dry,puppy,[]
bozita|bozita_grain_free_mother_&_puppy_xl_elk|dry,Bozita,Bozita Grain Free Mother & Puppy XL Elk,dry,puppy,[]
bozita|bozita_grain_free_reindeer|dry,Bozita,Bozita Grain Free Reindeer,dry,,[]
bozita|bozita_grain_free_salmon_&_beef_for_large_dogs|dry,Bozita,Bozita Grain Free Salmon & Beef for Large Dogs,dry,,[]
bozita|bozita_grain_free_salmon_&_beef_for_small_dogs|dry,Bozita,Bozita Grain Free Salmon & Beef for Small Dogs,dry,,[]
bozita|bozita_original_adult_flavour_plus_with_reindeer_-_wheat-free|dry,Bozita,Bozita Original Adult Flavour Plus with Reindeer - Wheat-Free,dry,adult,[]
bozita|bozita_original_adult_light|dry,Bozita,Bozita Original Adult Light,dry,adult,[]
bozita|bozita_original_adult_xl_with_lamb_-_wheat-free|dry,Bozita,Bozita Original Adult XL with Lamb - Wheat-Free,dry,adult,[]
bozita|bozita_original_puppy_&_junior_with_chicken_-_wheat-free|dry,Bozita,Bozita Original Puppy & Junior with Chicken - Wheat-Free,dry,puppy,[]
bozita|bozita_original_senior_&_vital_with_chicken_-_wheat-free|dry,Bozita,Bozita Original Senior & Vital with Chicken - Wheat-Free,dry,senior,[]
bozita|bozita_robur_adult_active_performance_reindeer|dry,Bozita,Bozita Robur Adult Active Performance Reindeer,dry,adult,[]
bozita|bozita_robur_puppy_&_junior_chicken|dry,Bozita,Bozita Robur Puppy & Junior Chicken,dry,puppy,[]
bozita|bozita_robur_senior|dry,Bozita,Bozita Robur Senior,dry,senior,[]
bozita|chicken__rice_chunks_in_jelly|unknown,Bozita,Chicken  Rice Chunks In Jelly,,,[]
bozita|original_adult_classic|unknown,Bozita,Original Adult Classic,,adult,[]
bozita|original_adult_flavour_plus_with_reindeer|unknown,Bozita,Original Adult Flavour Plus with Reindeer,,adult,[]
bozita|original_adult_xl_with_lamb|unknown,Bozita,Original Adult XL with Lamb,,adult,[]
bozita|purely_adult_elk|unknown,Bozita,Purely Adult Elk,,adult,[]
bozita|purely_adult_lamb|unknown,Bozita,Purely Adult Lamb,,adult,[]
bozita|purely_elk_pate|unknown,Bozita,Purely Elk Pate,,,[]
bozita|purely_lamb_pate|unknown,Bozita,Purely Lamb Pate,,,[]
bozita|purely_large_breed_salmon__beef|unknown,Bozita,Purely Large Breed Salmon  Beef,,,[]
bozita|purely_puppy__junior_elk|unknown,Bozita,Purely Puppy  Junior Elk,,puppy,[]
bozita|purely_puppy__junior_turkey|unknown,Bozita,Purely Puppy  Junior Turkey,,puppy,[]
bozita|purely_reindeer_pate|unknown,Bozita,Purely Reindeer Pate,,,[]
bozita|purely_reindeer|unknown,Bozita,Purely Reindeer,,,[]
bozita|purely_salmon_pate|unknown,Bozita,Purely Salmon Pate,,,[]
bozita|purely_venison_pate|unknown,Bozita,Purely Venison Pate,,,[]
bozita|reindeer_chunks_in_jelly|unknown,Bozita,Reindeer Chunks In Jelly,,,[]
bozita|robur_maintenance|unknown,Bozita,Robur Maintenance,,adult,[]
bozita|robur_sensitive_grain_free_reindeer|unknown,Bozita,Robur Sensitive Grain Free Reindeer,,,[]
bozita|robur_sensitive_single_protein_lamb__rice|unknown,Bozita,Robur Sensitive Single Protein Lamb  Rice,,,[]
bozita|salmon_chunks_in_jelly|unknown,Bozita,Salmon Chunks In Jelly,,,[]
briantos|adult_active|unknown,Briantos,Adult Active,,adult,[]
briantos|adult_chicken__rice|unknown,Briantos,Adult Chicken  Rice,,adult,[]
briantos|adult_grain-free_duck__potato|unknown,Briantos,Adult Grain-Free Duck  Potato,,adult,[]
briantos|adult_grain-free_lamb__potato|unknown,Briantos,Adult Grain-Free Lamb  Potato,,adult,[]
briantos|adult_grain-free_salmon__potato|unknown,Briantos,Adult Grain-Free Salmon  Potato,,adult,[]
briantos|adult_lamb__rice|unknown,Briantos,Adult Lamb  Rice,,adult,[]
briantos|adult_light/sterilised_grain-free_turkey__potato|unknown,Briantos,Adult Light/Sterilised Grain-Free Turkey  Potato,,adult,[]
briantos|adult_light|unknown,Briantos,Adult Light,,adult,[]
briantos|adult_mini_grain-free_salmon__potato|unknown,Briantos,Adult Mini Grain-Free Salmon  Potato,,adult,[]
briantos|adult_mini_lamb__rice|unknown,Briantos,Adult Mini Lamb  Rice,,adult,[]
briantos|adult_mobility_grain-free_chicken__potato|unknown,Briantos,Adult Mobility Grain-Free Chicken  Potato,,adult,[]
briantos|adult_salmon__rice|unknown,Briantos,Adult Salmon  Rice,,adult,[]
briantos|adult_sensitive_lamb__rice|unknown,Briantos,Adult Sensitive Lamb  Rice,,adult,[]
briantos|briantos_adult_active|dry,Briantos,Briantos Adult Active,dry,adult,[]
briantos|briantos_adult_chicken_&_rice|dry,Briantos,Briantos Adult Chicken & Rice,dry,adult,[]
briantos|briantos_adult_grain-free_duck_&_potato|dry,Briantos,Briantos Adult Grain-Free Duck & Potato,dry,adult,[]
briantos|briantos_adult_grain-free_lamb_&_potato|dry,Briantos,Briantos Adult Grain-Free Lamb & Potato,dry,adult,[]
briantos|briantos_adult_grain-free_salmon_&_potato|dry,Briantos,Briantos Adult Grain-Free Salmon & Potato,dry,adult,[]
briantos|briantos_adult_lamb_&_rice|dry,Briantos,Briantos Adult Lamb & Rice,dry,adult,[]
briantos|briantos_adult_light/sterilised_grain-free_turkey_&_potato|dry,Briantos,Briantos Adult Light/Sterilised Grain-Free Turkey & Potato,dry,adult,[]
briantos|briantos_adult_light|dry,Briantos,Briantos Adult Light,dry,adult,[]
briantos|briantos_adult_mini_grain-free_salmon_&_potato|dry,Briantos,Briantos Adult Mini Grain-Free Salmon & Potato,dry,adult,[]
briantos|briantos_adult_mini_lamb_&_rice|dry,Briantos,Briantos Adult Mini Lamb & Rice,dry,adult,[]
briantos|briantos_adult_mobility_grain-free_chicken_&_potato|dry,Briantos,Briantos Adult Mobility Grain-Free Chicken & Potato,dry,adult,[]
