id,brand_name,product_name,manufacturer,country_of_origin,life_stage,product_type,packaging_sizes,protein_percent,fat_percent,fiber_percent,main_ingredients,tags,created_at
053904c5-992a-473c-a4e0-91e3d9680614,Royal Canin,Mini Adult 8+,"Mars, Inc.",France,senior,dry,"['2kg', '4kg']",27.0,16.0,1.5,"['Maize', 'Rice', 'Dehydrated poultry protein', 'Animal fats', 'Maize flour']","['small breed', 'senior', 'vitality support']",2025-08-23T15:13:36.339739+00:00
4d548318-e684-4d80-a290-152e54bbdc66,Eukanuba,Adult Medium Breed Fresh Chicken,Spectrum Brands / Eukanuba,Netherlands,adult,dry,"['3kg', '12kg']",27.0,15.0,2.1,"['Dried chicken & turkey (23%)', 'Fresh chicken (17%)', 'Maize', 'Wheat', 'Barley']","['medium breed', 'fresh chicken', 'balanced']",2025-08-23T15:13:36.339739+00:00
9cae31ff-3184-4e68-927c-f2050e93981d,Animonda,GranCarno Adult Dog with Game (wet),Animonda petcare gmbh,Germany,adult,wet,"['6×400\u202fg', '6×800\u202fg']",10.5,5.0,0.4,"['Pork (heart, liver, lung, meat)', 'Venison broth', 'Game meat', 'Minerals', 'Safflower oil']","['wet', 'game meat', 'grain‑free']",2025-08-23T15:13:36.339739+00:00
e9b5a53c-e3f1-4807-b726-4e4f0aff8f93,Animonda,GranCarno Adult Poultry & Beef (dry),Animonda petcare gmbh,Germany,adult,dry,"['0.8\u202fkg', '2\u202fkg', '10\u202fkg']",24.5,13.0,3.0,"['Fresh poultry meat (15%)', 'Dried poultry protein (15%)', 'Potato flakes', 'Peas', 'Potato starch']","['dry', 'poultry', 'balanced']",2025-08-23T15:13:36.339739+00:00
d0443a0c-f931-4cd0-94a4-9b9a3b018b14,Lily’s Kitchen,Puppy Recipe Chicken & Salmon,Lily’s Kitchen Ltd. (Nestlé Purina PetCare),United Kingdom,puppy,dry,['2.5\u202fkg'],29.0,16.0,3.0,"['Fresh chicken', 'Fresh salmon', 'Chicken liver', 'Sweet potatoes', 'Pea protein']","['grain‑free', 'puppy', 'high meat']",2025-08-23T15:13:36.339739+00:00
6dd63a5e-8a68-463d-b2ec-a8e514d3f7c5,James Wellbeloved,Adult Small Breed Turkey & Rice Dry Dog Food,"James Wellbeloved (Mars, Inc.)",United Kingdom,adult,dry,"['1.5\u202fkg', '2\u202fkg', '8\u202fkg', '12\u202fkg', '15\u202fkg']",25.5,13.0,2.8,"['Turkey meal (27.5%)', 'White rice (25%)', 'Naked oats', 'Brown rice', 'Turkey fat']","['hypoallergenic', 'adult', 'small breed']",2025-08-23T15:13:36.339739+00:00
57c57cc1-5cc1-49a9-866f-ce1dbf67ead3,Josera,Sensi Plus,Josera petfood GmbH & Co. KG,Germany,adult,dry,"['900\u202fg', '4.5\u202fkg', '12.5\u202fkg']",24.0,12.0,2.3,"['Dried poultry protein (23%; including duck)', 'Whole grain corn', 'Rice', 'Poultry fat', 'Beet fibre']","['sensitive', 'moderate protein', 'duck']",2025-08-23T15:13:36.339739+00:00
e6817178-f086-4dda-90cc-44f27118acdc,Bosch,Mini Adult Lamb & Rice,Bosch Tiernahrung GmbH & Co. KG,Germany,adult,dry,['15\u202fkg'],25.0,14.0,2.5,"['Fresh poultry (30%)', 'Rice (15%)', 'Maize', 'Millet', 'Dried lamb protein']","['mini breed', 'lamb & rice', 'digestible']",2025-08-23T15:13:36.339739+00:00
1e1ee082-0084-4769-83f0-fe8b16a8413b,Monge,Natural Superpremium All Breeds Adult Monoprotein Salmon & Rice,Monge & C. S.p.A.,Italy,adult,dry,"['800\u202fg', '2.5\u202fkg', '12\u202fkg']",25.0,14.0,2.5,"['Dried salmon (26%)', 'Fresh salmon (10%)', 'Rice', 'Beet pulp', 'Brewer’s yeast']","['monoprotein', 'omega‑3', 'adult']",2025-08-23T15:13:36.339739+00:00
e8fd9983-9b44-491b-ad23-b44e12925c09,Natural Trainer,Sensitive Monoproteico No Gluten Small & Toy Adult with Lamb,Nova Foods Srl,Italy,adult,dry,"['0.8\u202fkg', '2\u202fkg', '7\u202fkg']",25.0,14.5,3.0,"['Dehydrated lamb proteins (14.5%)', 'Whole maize', 'Maize meal', 'Dehydrated peas', 'Maize protein']","['monoprotein', 'no gluten', 'small breed']",2025-08-23T15:13:36.339739+00:00
48804f6a-e76a-4318-b3ca-cc6877318c28,Advance,Adult Medium,Affinity Petcare S.A.,Spain,adult,dry,"['3\u202fkg', '14\u202fkg', '18\u202fkg']",25.0,16.0,3.0,"['Chicken (20%)', 'Whole wheat (17%)', 'Dehydrated poultry proteins', 'Rice (10%)', 'Poultry fat']","['medium breed', 'chicken', 'balanced']",2025-08-23T15:13:36.339739+00:00
5ecb8ad4-dcde-4902-8d81-e544caffa91a,Ultima,Mini Adult Chicken,Affinity Petcare S.A.,Spain,adult,dry,"['1.9\u202fkg', '7\u202fkg']",27.0,16.0,2.5,"['Chicken (17%; bone, meat, skin)', 'Whole wheat (17%)', 'Whole maize (12%)', 'Dehydrated pork proteins', 'Dehydrated peas']","['mini breed', 'chicken', 'balanced']",2025-08-23T15:13:36.339739+00:00
e486f757-0e66-478d-ba90-e4830d41ea39,Yarrah,Organic Adult Dry Dog Food with Chicken,Premium Petfood Brands B.V.,Netherlands,adult,dry,"['2\u202fkg', '5\u202fkg', '10\u202fkg', '15\u202fkg']",25.0,12.7,4.2,"['Chicken meal (18% organic)', 'Oats (17%)', 'Corn', 'Wheat', 'Chicken fat']","['organic', 'chicken', 'balanced']",2025-08-23T15:13:36.339739+00:00
ede96127-49a2-41d3-b5e3-4d3eb7cbb464,Brit,Premium by Nature Adult M,VAFO Praha s.r.o.,Czech Republic,adult,dry,"['3\xa0kg', '8\xa0kg', '15\xa0kg']",26.0,15.0,2.2,"['Chicken (45% – dehydrated 25%, deboned 20%)', 'Oats', 'Wheat', 'Chicken fat', 'Corn']","['medium breed', 'chicken', 'balanced']",2025-08-23T15:13:36.339739+00:00
1eb42e02-1725-4b9f-bb32-ddd23037e945,Happy Dog,NaturCroq Beef & Rice,Interquell GmbH,Germany,adult,dry,"['1\u202fkg', '4\u202fkg', '11\u202fkg', '15\u202fkg']",22.0,9.0,2.5,"['Meat meal (12% – beef 75%)', 'Wholegrain maize', 'Maize flour', 'Rice (10.5%)', 'Wheat flour']","['beef', 'whole grain', 'balanced']",2025-08-23T15:13:36.339739+00:00
bde739a6-1ac6-45c2-9241-ccc9d2f15cd3,Panzi Fit Active,Fit Active Everyday Premium (Long‑Haired Adult Dog),Panzi‑Pet Ltd.,Hungary,adult,dry,['15kg'],25.0,14.0,2.58,"['Meat and animal derivatives (chicken 25%, beef 5%, fish 5%)', 'Maize', 'Animal fat', 'Bran', 'Rice']","['long‑haired dogs', 'chicken & beef', 'omega‑3 and omega‑6', 'dry food']",2025-08-23T15:13:36.339739+00:00
9970bf79-1d3e-4594-bc81-8d9ffdd908c1,Panzi Fit Active,Fit Active Black Dogs (Lamb & Fish),Panzi‑Pet Ltd.,Hungary,adult,dry,['~1.5kg'],25.0,14.0,3.5,"['Lamb meat meal (min\xa026%)', 'Fish meal (min\xa05%)', 'Maize', 'Animal fat', 'Bran']","['hypoallergenic', 'lamb & fish', 'chicken‑free', 'small breed', 'dry food']",2025-08-23T15:13:36.339739+00:00
4d1ad11a-a8e1-498c-bba9-c0312fe0133f,Panzi Fit Active,Fit Active Hypoallergenic Lamb,Panzi‑Pet Ltd.,Hungary,adult,dry,"['4kg', '11kg', '15kg']",25.0,14.0,3.5,"['Meat and animal derivatives (lamb min\xa026%, fish min\xa05%)', 'Maize', 'Wheat', 'Animal fat', 'Rice']","['hypoallergenic', 'lamb', 'fish', 'chicken‑free', 'dry food']",2025-08-23T15:13:36.339739+00:00
709ef09e-5842-430a-bd62-91d3f1d92eb3,Panzi Fit Active,Fit Active Puppy Chicken & Pears,Panzi‑Pet Ltd.,Hungary,puppy,dry,"['4kg', '15kg']",30.0,20.0,1.66,"['Meat and animal derivatives (chicken min\xa033.5%, fish 5.4%)', 'Animal fat', 'Maize', 'Wheat', 'Pears']","['puppy', 'chicken & fish', 'fruit added', 'high protein', 'with glucosamine']",2025-08-23T15:13:36.339739+00:00
26bcfa0e-32be-41cb-8705-16b7c52ebdf5,CricksyDog,Ted Beef Dry Dog Food,CricksyDog,Hungary,adult,dry,[],22.0,8.0,3.5,"['Animal proteins', 'Animal fats', 'Digested grains', 'Rice', 'Plant parts and vitamin‑mineral premix']","['beef', 'natural ingredients', 'Hungarian brand']",2025-08-23T15:13:36.339739+00:00
ea155e5c-7d6c-4764-b428-e35da792352a,Jack Super Premium,Jack Premium Hypoallergenic Alucup with Beef & Sweet Potatoes,Rodent Hungary Kft.,Hungary,adult,wet,['150g alucup'],9.0,4.5,0.4,"['Beef (55% meat and animal derivatives)', 'Sweet potato (4%)', 'Minerals']","['hypoallergenic', 'grain‑free', 'gluten‑free', 'wet food', 'sensitive digestion']",2025-08-23T15:13:36.339739+00:00
5e15d2fe-a030-4d53-969e-98cc7cf9e716,Calibra,Calibra Dog Premium Line Adult Chicken,Noviko s.r.o. (Covetrus),Czech Republic,adult,dry,"['3kg', '12kg']",24.0,13.0,2.5,"['Chicken protein (dried and fresh, 35%)', 'Corn', 'Oats (16%)', 'Poultry fat (5%)', 'Dried apple pulp']","['monoprotein', 'wheat‑free', 'with salmon oil', 'prebiotics', 'joint support']",2025-08-23T15:13:36.339739+00:00
330d5c9f-42cd-43f9-ba7a-3677a1075226,Fitmin For Life,Fitmin For Life Adult,Dibaq a.s.,Czech Republic,adult,dry,"['2.5kg', '12kg']",25.0,14.5,3.7,"['Fresh meat (chicken, pork, beef 20%)', 'Dried chicken meat (21%)', 'Hydrolysed pork liver (3%)', 'Wheat and wheat bran', 'Rice']","['mixed meats', 'contains wheat', 'with salmon oil', 'prebiotics', 'all breeds']",2025-08-23T15:13:36.339739+00:00
c93b18d3-6139-4025-b527-c75aff5dce32,Profine,Adult Chicken & Potatoes,VAFO PRAHA s.r.o.,Czech Republic,adult,dry,"['3kg', '15kg']",26.0,16.0,2.8,"['Chicken (dried and meal, 40%)', 'Maize', 'Potatoes (20%)', 'Chicken fat (8%)', 'Dried apples']","['chicken', 'potato', 'herbal blend', 'with glucosamine', 'dry food']",2025-08-23T15:13:36.339739+00:00
970e27ed-c302-4ae6-81d2-80c052f09434,Sam’s Field,Adult Medium Chicken & Potato,VAFO PRAHA s.r.o.,Czech Republic,adult,dry,"['2.5kg', '13kg']",26.0,15.0,2.5,"['Chicken and chicken liver', 'Potatoes', 'Maize', 'Poultry fat', 'Salmon oil']","['low‑grain', 'chicken & potato', 'with salmon oil', 'probiotics', 'medium breed']",2025-08-23T15:13:36.339739+00:00
b48349a4-fb59-46ca-9015-17041ea14276,Carnilove,Salmon & Turkey for Large Breed Adult,VAFO PRAHA s.r.o.,Czech Republic,adult,dry,"['1.5kg', '4kg', '12kg']",36.0,16.0,3.0,"['Salmon meal (25%)', 'Turkey meal (20%)', 'Yellow peas (20%)', 'Chicken fat (10%)', 'Duck meal (5%)']","['grain‑free', 'potato‑free', 'high protein', 'large breed', 'salmon & turkey']",2025-08-23T15:13:36.339739+00:00
a7cfee2e-0320-4eb7-a151-18fc2a96f6a8,Edgard & Cooper,Edgard & Cooper Senior Kibble Free-Run Chicken & Norwegian Salmon,Edgard & Cooper,Germany,senior,dry,"['700g', '2.5kg', '7kg', '12kg']",21.0,12.0,5.0,"['Fresh chicken (35%)', 'Sweet potatoes', 'Peas', 'Fresh salmon (5%)', 'Linseed']","['grain-free', 'fresh meat', 'senior']",2025-08-23T15:13:36.339739+00:00
60bee960-679c-4f39-979b-b9cf25bd6817,Hill's Prescription Diet,Hill's Prescription Diet i/d Digestive Care Turkey Canned Dog Food,"Hill's Pet Nutrition, Inc. (Colgate-Palmolive)",USA,puppy and adult,vet-prescribed wet,['360g can'],6.7,4.0,0.4,"['Meat and animal derivatives (turkey 5%)', 'Cereals', 'Eggs and egg derivatives', 'Pork liver', 'Rice']","['digestive care', 'low fat', 'veterinary diet']",2025-08-23T15:13:36.339739+00:00
2bd1160b-ca61-4d6e-add9-30950ca342f0,Orlando,Orlando Premium Dry Dog Food Beef & Vegetables,Lidl Stiftung & Co. KG,Unknown (produced for Lidl),adult,dry,['10kg'],22.0,9.0,3.0,"['Cereals', 'Meat and animal derivatives (4% beef)', 'Oils and fats', 'Derivatives of vegetable origin', 'Vegetables (1.25% dried peas)']","['economy', 'supermarket', 'cereal-based']",2025-08-23T15:13:36.339739+00:00
a00476f6-e89f-4ec9-80a9-61b62e54d0f4,Josera,Josera Festival,Josera petfood GmbH & Co. KG (ERBACHER the food family),Germany,adult,dry,"['900g', '12.5kg', '2 x 12.5kg']",25.0,16.0,2.3,"['Dried poultry protein', 'Rice', 'Maize meal', 'Salmon meal', 'Animal fat']","['wheat-free', 'sauce-coated kibble', 'high digestibility']",2025-08-23T15:13:36.571696+00:00
a8d602f8-e542-4d80-b665-f44ca47f0031,bosch,bosch Adult Lamb & Rice,bosch Tiernahrung GmbH & Co. KG,Germany,adult,dry,"['3kg', '15kg', '2 x 15kg']",21.5,12.0,3.0,"['Fresh poultry (min. 25%)', 'Rice (min. 16%)', 'Barley', 'Maize', 'Poultry meal']","['wheat-free', 'joint support (mussel extract)']",2025-08-23T15:13:36.571696+00:00
eda11888-63d3-4719-819d-c377d6c19f27,Eukanuba,Eukanuba Adult Medium Breed Chicken,Spectrum Brands (Europe) / Eukanuba EU,Netherlands/Germany (EU production & distribution),adult,dry,"['3kg', '12kg', '15kg']",25.0,16.0,3.8,"['Dehydrated chicken & turkey', 'Maize', 'Wheat', 'Animal fat', 'Sorghum']","['dental care kibble shape', 'prebiotics (FOS)']",2025-08-23T15:13:36.571696+00:00
90afdba7-1264-4bf9-9751-03b2c2ad9317,Hill’s Science Plan,Hill’s Science Plan Adult 1–6 Medium Dog Chicken,Hill’s Pet Nutrition (Colgate-Palmolive),EU/UK,adult,dry,"['2.5kg', '7kg', '14kg']",20.0,12.0,2.0,"['Maize', 'Chicken & turkey meal', 'Animal fat', 'Wheat', 'Maize gluten meal']","['antioxidants', 'omega-6 & vitamin E', 'balanced']",2025-08-23T15:13:36.571696+00:00
51bb9fdc-74c7-4c04-8fb6-a51caadf1474,Royal Canin,Royal Canin Medium Adult,"Royal Canin SAS (Mars, Inc.)",France,adult,dry,"['4kg', '10kg', '15kg', '2 x 15kg']",25.0,14.0,1.6,"['Dried poultry protein', 'Wheat', 'Maize meal', 'Wheat flour', 'Maize']","['size-specific', 'antioxidant complex', 'high digestibility']",2025-08-23T15:13:36.571696+00:00
3e2677c2-0a32-4442-a69d-7bc737c20471,Carnilove,Carnilove Adult Lamb & Wild Boar,VAFO PRAHA s.r.o.,Czech Republic,adult,"dry (grain-free, potato-free)","['1.5kg', '6kg', '12kg', '2 x 12kg']",38.0,18.0,3.5,"['Wild boar (30%)', 'Lamb (25%)', 'Yellow peas', 'Apples', 'Carrots']","['grain-free', 'potato-free', 'high protein']",2025-08-23T15:13:36.571696+00:00
b65e178c-6e6e-42fa-bd2b-a7de586084f2,Happy Dog,Happy Dog NaturCroq Lamm & Reis (Lamb & Rice),Interquell GmbH (Happy Dog),Germany,adult,dry,"['4kg', '15kg']",22.0,9.0,3.0,"['Maize', 'Rice', 'Lamb protein', 'Poultry protein', 'Barley']","['lamb & rice', 'digestible', 'balanced']",2025-08-23T15:13:36.571696+00:00
0ce3de1e-1f09-4a88-b9d9-683f1d93b9dd,Royal Canin,Mini Adult 8+,"Mars, Inc.",France,senior,dry,"['2kg', '4kg']",27.0,16.0,1.5,"['Maize', 'Rice', 'Dehydrated poultry protein', 'Animal fats', 'Maize flour']","['small breed', 'senior', 'vitality support']",2025-08-23T15:18:23.383269+00:00
20d8fb91-c8c0-478b-a2f2-29d8f336bd8a,Eukanuba,Adult Medium Breed Fresh Chicken,Spectrum Brands / Eukanuba,Netherlands,adult,dry,"['3kg', '12kg']",27.0,15.0,2.1,"['Dried chicken & turkey (23%)', 'Fresh chicken (17%)', 'Maize', 'Wheat', 'Barley']","['medium breed', 'fresh chicken', 'balanced']",2025-08-23T15:18:23.383269+00:00
10a7f6f2-a3e8-42fc-8473-f90f38b1aef0,Animonda,GranCarno Adult Dog with Game (wet),Animonda petcare gmbh,Germany,adult,wet,"['6×400\u202fg', '6×800\u202fg']",10.5,5.0,0.4,"['Pork (heart, liver, lung, meat)', 'Venison broth', 'Game meat', 'Minerals', 'Safflower oil']","['wet', 'game meat', 'grain‑free']",2025-08-23T15:18:23.383269+00:00
f9eb55f5-355b-45f5-81bb-ded61a43ec22,Animonda,GranCarno Adult Poultry & Beef (dry),Animonda petcare gmbh,Germany,adult,dry,"['0.8\u202fkg', '2\u202fkg', '10\u202fkg']",24.5,13.0,3.0,"['Fresh poultry meat (15%)', 'Dried poultry protein (15%)', 'Potato flakes', 'Peas', 'Potato starch']","['dry', 'poultry', 'balanced']",2025-08-23T15:18:23.383269+00:00
6a3e9d60-b915-4cee-8fd7-5f1b8adeb50f,Lily’s Kitchen,Puppy Recipe Chicken & Salmon,Lily’s Kitchen Ltd. (Nestlé Purina PetCare),United Kingdom,puppy,dry,['2.5\u202fkg'],29.0,16.0,3.0,"['Fresh chicken', 'Fresh salmon', 'Chicken liver', 'Sweet potatoes', 'Pea protein']","['grain‑free', 'puppy', 'high meat']",2025-08-23T15:18:23.383269+00:00
82146ffb-899b-4fc9-aedd-01fb963068b0,James Wellbeloved,Adult Small Breed Turkey & Rice Dry Dog Food,"James Wellbeloved (Mars, Inc.)",United Kingdom,adult,dry,"['1.5\u202fkg', '2\u202fkg', '8\u202fkg', '12\u202fkg', '15\u202fkg']",25.5,13.0,2.8,"['Turkey meal (27.5%)', 'White rice (25%)', 'Naked oats', 'Brown rice', 'Turkey fat']","['hypoallergenic', 'adult', 'small breed']",2025-08-23T15:18:23.383269+00:00
6870494f-7ae3-4938-affb-994fc8db2c3f,Josera,Sensi Plus,Josera petfood GmbH & Co. KG,Germany,adult,dry,"['900\u202fg', '4.5\u202fkg', '12.5\u202fkg']",24.0,12.0,2.3,"['Dried poultry protein (23%; including duck)', 'Whole grain corn', 'Rice', 'Poultry fat', 'Beet fibre']","['sensitive', 'moderate protein', 'duck']",2025-08-23T15:18:23.383269+00:00
23d2044b-b152-4cdd-87a0-34bd8d178f2e,Bosch,Mini Adult Lamb & Rice,Bosch Tiernahrung GmbH & Co. KG,Germany,adult,dry,['15\u202fkg'],25.0,14.0,2.5,"['Fresh poultry (30%)', 'Rice (15%)', 'Maize', 'Millet', 'Dried lamb protein']","['mini breed', 'lamb & rice', 'digestible']",2025-08-23T15:18:23.383269+00:00
8777322e-353a-4cf5-a186-1bf3ae752f8b,Monge,Natural Superpremium All Breeds Adult Monoprotein Salmon & Rice,Monge & C. S.p.A.,Italy,adult,dry,"['800\u202fg', '2.5\u202fkg', '12\u202fkg']",25.0,14.0,2.5,"['Dried salmon (26%)', 'Fresh salmon (10%)', 'Rice', 'Beet pulp', 'Brewer’s yeast']","['monoprotein', 'omega‑3', 'adult']",2025-08-23T15:18:23.383269+00:00
33b8a60d-fc6a-4749-8bb5-e85ba74fc0c2,Natural Trainer,Sensitive Monoproteico No Gluten Small & Toy Adult with Lamb,Nova Foods Srl,Italy,adult,dry,"['0.8\u202fkg', '2\u202fkg', '7\u202fkg']",25.0,14.5,3.0,"['Dehydrated lamb proteins (14.5%)', 'Whole maize', 'Maize meal', 'Dehydrated peas', 'Maize protein']","['monoprotein', 'no gluten', 'small breed']",2025-08-23T15:18:23.383269+00:00
01353060-99e6-43b2-84ab-e851c518cb52,Advance,Adult Medium,Affinity Petcare S.A.,Spain,adult,dry,"['3\u202fkg', '14\u202fkg', '18\u202fkg']",25.0,16.0,3.0,"['Chicken (20%)', 'Whole wheat (17%)', 'Dehydrated poultry proteins', 'Rice (10%)', 'Poultry fat']","['medium breed', 'chicken', 'balanced']",2025-08-23T15:18:23.383269+00:00
2bf0b1f4-4bef-4acb-bea0-a445c413b877,Ultima,Mini Adult Chicken,Affinity Petcare S.A.,Spain,adult,dry,"['1.9\u202fkg', '7\u202fkg']",27.0,16.0,2.5,"['Chicken (17%; bone, meat, skin)', 'Whole wheat (17%)', 'Whole maize (12%)', 'Dehydrated pork proteins', 'Dehydrated peas']","['mini breed', 'chicken', 'balanced']",2025-08-23T15:18:23.383269+00:00
32de7877-e51b-4a8c-9960-f08854cecae2,Yarrah,Organic Adult Dry Dog Food with Chicken,Premium Petfood Brands B.V.,Netherlands,adult,dry,"['2\u202fkg', '5\u202fkg', '10\u202fkg', '15\u202fkg']",25.0,12.7,4.2,"['Chicken meal (18% organic)', 'Oats (17%)', 'Corn', 'Wheat', 'Chicken fat']","['organic', 'chicken', 'balanced']",2025-08-23T15:18:23.383269+00:00
3ab4dba4-8443-423b-ab40-63554be1141e,Brit,Premium by Nature Adult M,VAFO Praha s.r.o.,Czech Republic,adult,dry,"['3\xa0kg', '8\xa0kg', '15\xa0kg']",26.0,15.0,2.2,"['Chicken (45% – dehydrated 25%, deboned 20%)', 'Oats', 'Wheat', 'Chicken fat', 'Corn']","['medium breed', 'chicken', 'balanced']",2025-08-23T15:18:23.383269+00:00
858afd4e-28a8-4933-b1f3-a9a863d89fd2,Happy Dog,NaturCroq Beef & Rice,Interquell GmbH,Germany,adult,dry,"['1\u202fkg', '4\u202fkg', '11\u202fkg', '15\u202fkg']",22.0,9.0,2.5,"['Meat meal (12% – beef 75%)', 'Wholegrain maize', 'Maize flour', 'Rice (10.5%)', 'Wheat flour']","['beef', 'whole grain', 'balanced']",2025-08-23T15:18:23.383269+00:00
644b9fbc-d303-4efd-be66-85702f092410,Panzi Fit Active,Fit Active Everyday Premium (Long‑Haired Adult Dog),Panzi‑Pet Ltd.,Hungary,adult,dry,['15kg'],25.0,14.0,2.58,"['Meat and animal derivatives (chicken 25%, beef 5%, fish 5%)', 'Maize', 'Animal fat', 'Bran', 'Rice']","['long‑haired dogs', 'chicken & beef', 'omega‑3 and omega‑6', 'dry food']",2025-08-23T15:18:23.383269+00:00
db1c272d-0e36-469d-be8e-1c5ffbbbb165,Panzi Fit Active,Fit Active Black Dogs (Lamb & Fish),Panzi‑Pet Ltd.,Hungary,adult,dry,['~1.5kg'],25.0,14.0,3.5,"['Lamb meat meal (min\xa026%)', 'Fish meal (min\xa05%)', 'Maize', 'Animal fat', 'Bran']","['hypoallergenic', 'lamb & fish', 'chicken‑free', 'small breed', 'dry food']",2025-08-23T15:18:23.383269+00:00
fa7beafa-f39b-4ad2-b459-0822c6a84a61,Panzi Fit Active,Fit Active Hypoallergenic Lamb,Panzi‑Pet Ltd.,Hungary,adult,dry,"['4kg', '11kg', '15kg']",25.0,14.0,3.5,"['Meat and animal derivatives (lamb min\xa026%, fish min\xa05%)', 'Maize', 'Wheat', 'Animal fat', 'Rice']","['hypoallergenic', 'lamb', 'fish', 'chicken‑free', 'dry food']",2025-08-23T15:18:23.383269+00:00
b03fcaa4-5b44-44ec-9326-beaf71b0f550,Panzi Fit Active,Fit Active Puppy Chicken & Pears,Panzi‑Pet Ltd.,Hungary,puppy,dry,"['4kg', '15kg']",30.0,20.0,1.66,"['Meat and animal derivatives (chicken min\xa033.5%, fish 5.4%)', 'Animal fat', 'Maize', 'Wheat', 'Pears']","['puppy', 'chicken & fish', 'fruit added', 'high protein', 'with glucosamine']",2025-08-23T15:18:23.383269+00:00
c8d88e1e-1a6a-4ffe-9a9d-911f11790acc,CricksyDog,Ted Beef Dry Dog Food,CricksyDog,Hungary,adult,dry,[],22.0,8.0,3.5,"['Animal proteins', 'Animal fats', 'Digested grains', 'Rice', 'Plant parts and vitamin‑mineral premix']","['beef', 'natural ingredients', 'Hungarian brand']",2025-08-23T15:18:23.383269+00:00
4714c009-2cd3-49c4-bcfd-ffa99904018c,Jack Super Premium,Jack Premium Hypoallergenic Alucup with Beef & Sweet Potatoes,Rodent Hungary Kft.,Hungary,adult,wet,['150g alucup'],9.0,4.5,0.4,"['Beef (55% meat and animal derivatives)', 'Sweet potato (4%)', 'Minerals']","['hypoallergenic', 'grain‑free', 'gluten‑free', 'wet food', 'sensitive digestion']",2025-08-23T15:18:23.383269+00:00
7a79a918-52a7-490e-bdf6-18c1a4a4bd64,Calibra,Calibra Dog Premium Line Adult Chicken,Noviko s.r.o. (Covetrus),Czech Republic,adult,dry,"['3kg', '12kg']",24.0,13.0,2.5,"['Chicken protein (dried and fresh, 35%)', 'Corn', 'Oats (16%)', 'Poultry fat (5%)', 'Dried apple pulp']","['monoprotein', 'wheat‑free', 'with salmon oil', 'prebiotics', 'joint support']",2025-08-23T15:18:23.383269+00:00
85ca9f3f-0e5d-41fe-8152-1a223ec761ce,Fitmin For Life,Fitmin For Life Adult,Dibaq a.s.,Czech Republic,adult,dry,"['2.5kg', '12kg']",25.0,14.5,3.7,"['Fresh meat (chicken, pork, beef 20%)', 'Dried chicken meat (21%)', 'Hydrolysed pork liver (3%)', 'Wheat and wheat bran', 'Rice']","['mixed meats', 'contains wheat', 'with salmon oil', 'prebiotics', 'all breeds']",2025-08-23T15:18:23.383269+00:00
c4065db1-9647-4a43-ab52-74ea51e6dfc9,Profine,Adult Chicken & Potatoes,VAFO PRAHA s.r.o.,Czech Republic,adult,dry,"['3kg', '15kg']",26.0,16.0,2.8,"['Chicken (dried and meal, 40%)', 'Maize', 'Potatoes (20%)', 'Chicken fat (8%)', 'Dried apples']","['chicken', 'potato', 'herbal blend', 'with glucosamine', 'dry food']",2025-08-23T15:18:23.383269+00:00
ba8e85c1-17e5-4c2c-8a2d-e875ff55a2e4,Sam’s Field,Adult Medium Chicken & Potato,VAFO PRAHA s.r.o.,Czech Republic,adult,dry,"['2.5kg', '13kg']",26.0,15.0,2.5,"['Chicken and chicken liver', 'Potatoes', 'Maize', 'Poultry fat', 'Salmon oil']","['low‑grain', 'chicken & potato', 'with salmon oil', 'probiotics', 'medium breed']",2025-08-23T15:18:23.383269+00:00
6844fcf2-6c5c-4369-b5f2-951dcaede0cd,Carnilove,Salmon & Turkey for Large Breed Adult,VAFO PRAHA s.r.o.,Czech Republic,adult,dry,"['1.5kg', '4kg', '12kg']",36.0,16.0,3.0,"['Salmon meal (25%)', 'Turkey meal (20%)', 'Yellow peas (20%)', 'Chicken fat (10%)', 'Duck meal (5%)']","['grain‑free', 'potato‑free', 'high protein', 'large breed', 'salmon & turkey']",2025-08-23T15:18:23.383269+00:00
bb12ee7d-4403-4c26-a4c8-0914118b73c2,Edgard & Cooper,Edgard & Cooper Senior Kibble Free-Run Chicken & Norwegian Salmon,Edgard & Cooper,Germany,senior,dry,"['700g', '2.5kg', '7kg', '12kg']",21.0,12.0,5.0,"['Fresh chicken (35%)', 'Sweet potatoes', 'Peas', 'Fresh salmon (5%)', 'Linseed']","['grain-free', 'fresh meat', 'senior']",2025-08-23T15:18:23.383269+00:00
11421264-b451-4b06-a7b4-13857c396b0a,Hill's Prescription Diet,Hill's Prescription Diet i/d Digestive Care Turkey Canned Dog Food,"Hill's Pet Nutrition, Inc. (Colgate-Palmolive)",USA,puppy and adult,vet-prescribed wet,['360g can'],6.7,4.0,0.4,"['Meat and animal derivatives (turkey 5%)', 'Cereals', 'Eggs and egg derivatives', 'Pork liver', 'Rice']","['digestive care', 'low fat', 'veterinary diet']",2025-08-23T15:18:23.383269+00:00
b13e17c6-946b-4359-9247-58e80ce796f6,Orlando,Orlando Premium Dry Dog Food Beef & Vegetables,Lidl Stiftung & Co. KG,Unknown (produced for Lidl),adult,dry,['10kg'],22.0,9.0,3.0,"['Cereals', 'Meat and animal derivatives (4% beef)', 'Oils and fats', 'Derivatives of vegetable origin', 'Vegetables (1.25% dried peas)']","['economy', 'supermarket', 'cereal-based']",2025-08-23T15:18:23.383269+00:00
9298b824-4394-401b-81b9-5689e06f258c,Belcando,Belcando Adult Multi-Croc,BEWITAL petfood GmbH & Co. KG,Germany,adult,dry,"['1kg', '4kg', '12.5kg']",23.0,10.0,3.0,"['Maize', 'Poultry meat meal', 'Wheat', 'Oat flakes', 'Beef fat']","['balanced', 'all breeds']",2025-08-23T15:18:23.743906+00:00
45185a66-f928-4027-8d1a-7e7ad790f1f9,ACANA,ACANA Adult Dog Recipe (Grain-Free),Champion Petfoods,Canada/EU distribution,adult,dry,"['340g', '2kg', '6kg', '11.4kg']",29.0,17.0,5.0,"['Deboned chicken', 'Chicken meal', 'Turkey meal', 'Whole peas', 'Whole lentils']","['grain-free', 'high-protein']",2025-08-23T15:18:23.743906+00:00
752d2453-27e6-487a-8cae-93bdd4818c68,Orijen,Orijen Original,Champion Petfoods,Canada/EU distribution,adult,dry,"['340g', '2kg', '6kg', '11.4kg']",38.0,18.0,4.0,"['Deboned chicken', 'Deboned turkey', 'Whole eggs', 'Whole Atlantic mackerel', 'Chicken liver']","['grain-free', 'high-protein']",2025-08-23T15:18:23.743906+00:00
6740f63e-8549-4924-99b1-02a545bc5038,Wolf of Wilderness,Wolf of Wilderness Green Fields – Lamb,MATINA GmbH (Zooplus own brand),Germany,adult,dry,"['1kg', '5kg', '12kg']",24.0,14.0,3.0,"['Fresh chicken', 'Dried lamb protein', 'Potato flakes', 'Pea flour', 'Poultry fat']",['grain-free'],2025-08-23T15:18:23.743906+00:00
d330b3f2-193d-4104-9ba8-11a9e41b748b,Purina Pro Plan,Pro Plan Medium Adult Everyday Nutrition (Chicken),Nestlé Purina PetCare,EU (various plants),adult,dry,"['3kg', '7kg', '14kg']",26.0,16.0,2.5,"['Chicken', 'Wheat', 'Dehydrated poultry protein', 'Maize', 'Animal fat']","['balanced', 'medium breed']",2025-08-23T15:18:23.743906+00:00
6b6f15dd-950c-4e7a-ad5a-dd37a57b1446,Farmina N&D,N&D Ancestral Grain Chicken & Pomegranate (Medium/Maxi) Adult,Farmina Pet Foods,Italy,adult,dry,"['2.5kg', '12kg']",28.0,18.0,2.6,"['Chicken', 'Spelt', 'Oats', 'Chicken fat', 'Dried pomegranate']","['low grain', 'premium']",2025-08-23T15:18:23.743906+00:00
4dabf150-0dc9-4f3d-9a18-f25be849f56b,Terra Canis,Terra Canis Classic – Beef (Wet),Terra Canis GmbH,Germany,adult,wet,"['200g', '400g', '800g']",11.0,6.0,0.5,"['Beef muscle meat', 'Beef heart', 'Carrot', 'Zucchini', 'Brown millet']","['wet', 'premium', 'natural']",2025-08-23T15:18:23.743906+00:00
a41633b9-0010-47c6-ae0c-2284c10762bf,Alpha Spirit,Alpha Spirit 7 Days Formula (Semi-Moist),Alpha Spirit S.A.,Spain,adult,dry,"['1.47kg', '3kg', '9kg']",27.0,15.0,2.0,"['Fresh fish', 'Fresh pork', 'Fresh chicken', 'Minerals', 'Vegetable glycerin']","['semi-moist', 'grain-free']",2025-08-23T15:18:23.743906+00:00
e38cb472-2a04-41ff-aa10-bf28c898ff5b,Applaws,Applaws Adult Chicken (Dry),Inspired Pet Nutrition (IPN),UK/EU,adult,dry,"['2kg', '7.5kg']",37.0,20.0,3.0,"['Chicken', 'Potato', 'Pea', 'Chicken fat', 'Beet pulp']","['grain-free', 'high-meat']",2025-08-23T15:18:23.743906+00:00
b228e371-56be-4822-9420-d0976013e18e,Taste of the Wild,High Prairie Canine Recipe with Roasted Bison & Venison,Diamond Pet Foods,USA/EU distribution,adult,dry,"['2kg', '5.6kg', '12.2kg']",32.0,18.0,4.0,"['Buffalo', 'Lamb meal', 'Sweet potatoes', 'Chicken meal', 'Peas']",['grain-free'],2025-08-23T15:18:23.743906+00:00
18b7e6aa-69dc-4148-9292-2d51c0560b7a,PLATINUM,PLATINUM Adult Chicken (Fresh Meat),PLATINUM GmbH & Co. KG,Germany,adult,dry,"['1.5kg', '5kg']",26.0,16.0,2.0,"['Fresh chicken (70%)', 'Rice', 'Corn', 'Hydrolysed chicken protein', 'Chicken fat']","['fresh-meat kibble', 'semi-moist']",2025-08-23T15:18:23.743906+00:00
8434c80b-bb4e-41c5-b162-b3de481cddb6,Canagan,Canagan Free-Run Chicken,Symply Pet Foods Ltd,UK,adult,dry,"['2kg', '6kg', '12kg']",33.0,17.0,3.5,"['Deboned chicken', 'Dried chicken', 'Sweet potato', 'Peas', 'Chicken fat']",['grain-free'],2025-08-23T15:18:23.743906+00:00
99b21b91-4a09-4929-9464-3092242c44a2,Royal Canin Veterinary,Gastrointestinal (GI) Dry Dog,"Royal Canin (Mars, Inc.)",France/EU,adult,vet-prescribed,"['2kg', '7.5kg', '15kg']",25.0,14.0,1.3,"['Dehydrated poultry protein', 'Rice', 'Animal fats', 'Maize', 'Plant fibers']","['vet-diet', 'digestive']",2025-08-23T15:18:23.743906+00:00
b0a99158-6bae-444c-a061-db6ef08448f0,Hill’s Prescription Diet,i/d Digestive Care Dry Dog,Hill’s Pet Nutrition (Colgate-Palmolive),EU/USA,adult,vet-prescribed,"['1.5kg', '5kg', '12kg']",23.0,13.0,2.1,"['Cereals (rice)', 'Meat and animal derivatives', 'Oils and fats', 'Minerals', 'Vegetable protein extracts']","['vet-diet', 'digestive']",2025-08-23T15:18:23.743906+00:00
dbd8bc98-fda1-44bc-abed-0c26a1ccb0e8,Specific (Dechra),CDD-HY Food Allergen Management (Hydrolysed) Dry,Dechra Veterinary Products,EU/UK,adult,vet-prescribed,"['2.5kg', '7.5kg']",21.0,12.0,2.0,"['Hydrolysed salmon protein', 'Rice', 'Fish oil', 'Minerals', 'Vitamins']","['vet-diet', 'hypoallergenic', 'hydrolysed']",2025-08-23T15:18:23.743906+00:00
5cadc651-fe80-4f89-9ac4-37d94fd3a32d,Trovet,Trovet Hypoallergenic (RRD) Rabbit – Dry,Trovet / Vobra Special Petfoods,Netherlands,adult,vet-prescribed,"['3kg', '10kg']",24.0,12.0,2.5,"['Rabbit meal', 'Rice', 'Animal fat', 'Minerals', 'Vitamins']","['vet-diet', 'hypoallergenic', 'monoprotein']",2025-08-23T15:18:23.743906+00:00
e7aa23b8-7c3a-4211-baca-04bf3dcbdcd3,Virbac Veterinary HPM,VETERINARY HPM G1 Digestive Support,Virbac,France,adult,vet-prescribed,"['3kg', '7kg', '12kg']",30.0,15.0,3.5,"['Dehydrated pork protein', 'Dehydrated poultry protein', 'Rice', 'Animal fats', 'Minerals']","['vet-diet', 'digestive']",2025-08-23T15:18:23.743906+00:00
a603db78-e239-402e-8a91-cc57275b86d9,Fressnapf MultiFit,MultiFit Adult Chicken Dry,Fressnapf Tiernahrungs GmbH (private label),EU,adult,dry,"['3kg', '10kg']",25.0,12.0,3.0,"['Cereals', 'Meat and animal derivatives (chicken)', 'Oils and fats', 'Vegetable protein extracts', 'Minerals']","['private label', 'value']",2025-08-23T15:18:23.743906+00:00
07100a31-6512-4fdd-919a-a8ff1ec5dd31,Select Gold (Fressnapf),Select Gold Adult Medium Chicken,Fressnapf Tiernahrungs GmbH (private label),EU,adult,dry,"['1kg', '4kg', '12kg']",25.0,14.0,2.5,"['Poultry', 'Rice', 'Maize', 'Animal fats', 'Beet pulp']","['private label', 'medium breed']",2025-08-23T15:18:23.743906+00:00
49289f0e-cac5-4bec-b67e-e1995ef1b1c1,Lidl Orlando,Orlando Complete Dry with Beef & Vegetables,"Lidl Stiftung & Co. KG (private label, various EU co-packers)",EU,adult,dry,"['3kg', '10kg']",22.0,8.0,3.0,"['Cereals', 'Meat and animal derivatives (beef 4%)', 'Vegetable protein extracts', 'Oils and fats', 'Vegetables']","['supermarket', 'value']",2025-08-23T15:18:23.743906+00:00
9353c6f6-8b84-4f46-9a6e-f197e8542896,Tesco / Butcher’s,Butcher’s Classic Loaf Beef (Cans),Butcher’s Pet Care Ltd,UK/EU,adult,wet,"['400g', '6x400g']",8.5,6.0,0.5,"['Meat and animal derivatives (beef)', 'Minerals', 'Derivatives of vegetable origin']","['supermarket', 'wet']",2025-08-23T15:18:23.743906+00:00
b9c278e9-1a23-4720-b9fd-fc450b908692,Kaufland (K-Classic),K-Classic Complete Dry Dog Food Beef,Kaufland private label (EU co-packers),EU,adult,dry,"['3kg', '10kg']",22.0,8.0,3.0,"['Cereals', 'Meat and animal derivatives', 'Oils and fats', 'Derivatives of vegetable origin', 'Minerals']","['supermarket', 'value']",2025-08-23T15:18:23.743906+00:00
2e7036a6-5cf3-48e8-a624-3e617fbf2d4a,Carrefour,Carrefour Classic Dry Dog Food Beef & Vegetables,Carrefour private label (EU co-packers),EU,adult,dry,"['3kg', '10kg']",22.0,9.0,3.0,"['Cereals', 'Meat and animal derivatives', 'Oils and fats', 'Vegetables', 'Minerals']","['supermarket', 'value']",2025-08-23T15:18:23.743906+00:00
e3510092-d675-407e-9db0-7bb90c74e017,Auchan,Auchan Complete Dry Dog Food Beef,Auchan private label (EU co-packers),EU,adult,dry,"['3kg', '10kg']",22.0,8.0,3.0,"['Cereals', 'Meat and animal derivatives', 'Oils and fats', 'Derivatives of vegetable origin', 'Minerals']","['supermarket', 'value']",2025-08-23T15:18:23.743906+00:00
cd615057-7f12-4ae3-abe4-44469bce51e8,Barfgold,"BARF Menü Rind (Beef Menu, Raw Frozen)",Barfgold GmbH,Germany,adult,BARF,"['1kg', '2x500g']",15.0,12.0,0.5,"['Beef', 'Beef tripe', 'Beef organ mix', 'Vegetable mix', 'Oils']","['BARF', 'raw']",2025-08-23T15:18:23.743906+00:00
0905505d-fd17-44b0-812f-a564a3835310,Naturavetal,"Canis Plus Fleischmenü Rind (Beef RAW Menu, Frozen)",Naturavetal GmbH,Germany,adult,BARF,"['500g', '1kg']",15.0,12.0,0.5,"['Beef', 'Beef organ mix', 'Vegetables', 'Oils', 'Herbs']","['BARF', 'raw']",2025-08-23T15:18:23.743906+00:00
38791cdd-de8b-427b-ba0a-510d50056b46,Frostfutter Perleberg,BARF Rind Komplett,Heide-Frost Logistik GmbH,Germany,adult,BARF,['1kg'],16.0,12.0,0.5,"['Beef', 'Offal', 'Vegetables', 'Oils']","['BARF', 'raw']",2025-08-23T15:18:23.743906+00:00
3d3cd9cc-2ae9-4abc-a28f-94e989a63475,Haustierkost,Rind Komplett Menü (Raw),Haustierkost.de GmbH,Germany,adult,BARF,['1kg'],16.0,12.0,0.5,"['Beef', 'Offal', 'Vegetables', 'Oils']","['BARF', 'raw']",2025-08-23T15:18:23.743906+00:00
105e62f5-deae-47b8-bf2b-47a4b7be8635,Tackenberg,BARF Menü Rind Pur,Tackenberg e.K.,Germany,adult,BARF,"['500g', '1kg']",17.0,12.0,0.5,"['Beef meat', 'Beef organs', 'Oils']","['BARF', 'raw', 'monoprotein']",2025-08-23T15:18:23.743906+00:00
1a1527a8-2123-4971-a17c-41641578bbf5,Wiejska Zagroda,Indyk z Królikiem (Turkey with Rabbit) – Dry,Polish private label brand (various EU plants),Poland,adult,dry,"['2kg', '9kg', '12kg']",30.0,18.0,3.0,"['Turkey', 'Rabbit', 'Sweet potato', 'Pea', 'Chicken fat']","['grain-free', 'poland']",2025-08-23T15:18:23.743906+00:00
76dd69b5-13d8-4323-a2e7-5ff2c9b9ef0c,Petkult,Petkult Sensitive Salmon & Rice,Nordic Petfood (Romania),Romania,adult,dry,"['2kg', '12kg']",26.0,14.0,3.0,"['Salmon', 'Rice', 'Maize', 'Beet pulp', 'Animal fat']","['sensitive', 'salmon', 'romanian brand']",2025-08-23T15:18:23.743906+00:00
7eef75fd-db68-416d-8ece-c8223c6f20b7,Brit Care,Brit Care Adult Lamb & Rice,VAFO Praha s.r.o.,Czech Republic,adult,dry,"['3kg', '12kg']",26.0,14.0,2.5,"['Lamb meal', 'Rice', 'Chicken fat', 'Beet pulp', 'Salmon oil']","['sensitive', 'lamb', 'cz brand']",2025-08-23T15:18:23.743906+00:00
f806c37d-0ea2-4a83-9596-8fa56458b363,Panzi Fit Active,Fit Active Adult Lamb,Panzi-Pet Kft.,Hungary,adult,dry,"['3kg', '15kg']",28.0,14.0,3.0,"['Lamb meal', 'Maize', 'Wheat', 'Rice', 'Chicken fat']","['hungary', 'value-premium']",2025-08-23T15:18:23.743906+00:00
42213c9d-2448-4129-b68a-6441db36d7c3,CricksyDog,CricksyDog Ted Beef Dry,CricksyDog (HU),Hungary,adult,dry,"['2.5kg', '12kg']",23.0,10.0,3.0,"['Cereals', 'Meat and animal derivatives (beef)', 'Oils and fats', 'Vegetable derivatives', 'Minerals']","['hungary', 'value']",2025-08-23T15:18:23.743906+00:00
598d84fc-c635-4f96-86b7-6f68ec584173,Josera,Josera Festival,Josera petfood GmbH & Co. KG (ERBACHER the food family),Germany,adult,dry,"['900g', '12.5kg', '2 x 12.5kg']",25.0,16.0,2.3,"['Dried poultry protein', 'Rice', 'Maize meal', 'Salmon meal', 'Animal fat']","['wheat-free', 'sauce-coated kibble', 'high digestibility']",2025-08-23T15:18:23.968082+00:00
603ebf44-a6c1-44b0-92e6-18510550ab55,bosch,bosch Adult Lamb & Rice,bosch Tiernahrung GmbH & Co. KG,Germany,adult,dry,"['3kg', '15kg', '2 x 15kg']",21.5,12.0,3.0,"['Fresh poultry (min. 25%)', 'Rice (min. 16%)', 'Barley', 'Maize', 'Poultry meal']","['wheat-free', 'joint support (mussel extract)']",2025-08-23T15:18:23.968082+00:00
7e4b80f7-b273-464a-9e3f-6531110897c1,Eukanuba,Eukanuba Adult Medium Breed Chicken,Spectrum Brands (Europe) / Eukanuba EU,Netherlands/Germany (EU production & distribution),adult,dry,"['3kg', '12kg', '15kg']",25.0,16.0,3.8,"['Dehydrated chicken & turkey', 'Maize', 'Wheat', 'Animal fat', 'Sorghum']","['dental care kibble shape', 'prebiotics (FOS)']",2025-08-23T15:18:23.968082+00:00
eb63142e-2559-4c8a-b1e2-79a04471012e,Hill’s Science Plan,Hill’s Science Plan Adult 1–6 Medium Dog Chicken,Hill’s Pet Nutrition (Colgate-Palmolive),EU/UK,adult,dry,"['2.5kg', '7kg', '14kg']",20.0,12.0,2.0,"['Maize', 'Chicken & turkey meal', 'Animal fat', 'Wheat', 'Maize gluten meal']","['antioxidants', 'omega-6 & vitamin E', 'balanced']",2025-08-23T15:18:23.968082+00:00
4aef3cdb-9a25-4fcd-a975-dc833beb572b,Royal Canin,Royal Canin Medium Adult,"Royal Canin SAS (Mars, Inc.)",France,adult,dry,"['4kg', '10kg', '15kg', '2 x 15kg']",25.0,14.0,1.6,"['Dried poultry protein', 'Wheat', 'Maize meal', 'Wheat flour', 'Maize']","['size-specific', 'antioxidant complex', 'high digestibility']",2025-08-23T15:18:23.968082+00:00
e49822d2-79a7-428a-b739-312f07b2ddbe,Carnilove,Carnilove Adult Lamb & Wild Boar,VAFO PRAHA s.r.o.,Czech Republic,adult,"dry (grain-free, potato-free)","['1.5kg', '6kg', '12kg', '2 x 12kg']",38.0,18.0,3.5,"['Wild boar (30%)', 'Lamb (25%)', 'Yellow peas', 'Apples', 'Carrots']","['grain-free', 'potato-free', 'high protein']",2025-08-23T15:18:23.968082+00:00
98cdda9a-af4c-4aea-a13d-0f61320fa4cc,Happy Dog,Happy Dog NaturCroq Lamm & Reis (Lamb & Rice),Interquell GmbH (Happy Dog),Germany,adult,dry,"['4kg', '15kg']",22.0,9.0,3.0,"['Maize', 'Rice', 'Lamb protein', 'Poultry protein', 'Barley']","['lamb & rice', 'digestible', 'balanced']",2025-08-23T15:18:23.968082+00:00
