aadf_brand_raw,aadf_brand_normalized,aadf_product_name,aadf_form,aadf_key,match_score,exact_key_match,canonical_brand,canonical_product_name,canonical_key,canonical_form
Forthglade,Forthglade,complete meal with brown rice,wet,forthglade|complete_meal_with_brown_rice|wet,0.20833333333333334,False,Forthglade,Salmon Cold Pressed,forthglade|salmon_cold_pressed|unknown,dry
Ava,Ava,breed health pug,wet,ava|breed_health_pug|wet,0.0,False,,,,
Fish4Dogs,Fish4Dogs,finest complete,dry,fish4dogs|finest_complete|dry,0.0,False,,,,
Paleo,Paleo,ridge classic,unknown,paleo|ridge_classic|unknown,0.0,False,,,,
Nutribalance,Nutribalance,,wet,nutribalance||wet,0.0,False,,,,
Nutro,Nutro,grain free,dry,nutro|grain_free|dry,0.0,False,,,,
Eukanuba,Eukanuba,daily care sensitive skin,dry,eukanuba|daily_care_sensitive_skin|dry,0.4150943396226416,False,Eukanuba,Adult Large Breed Lamb  Rice,eukanuba|adult_large_breed_lamb__rice|dry,dry
Icepaw,Icepaw,sport pure 30 20,wet,icepaw|sport_pure_30_20|wet,0.0,False,,,,
Royal Canin,Royal Canin,golden retriever,wet,royal_canin|golden_retriever|wet,0.0,False,,,,
Scrumbles,Scrumbles,and,wet,scrumbles|and|wet,0.0,False,,,,
CSJ,CSJ,thatll do hi lost,dry,csj|thatll_do_hi_lost|dry,0.0,False,,,,
Essential,Essential,superior living,dry,essential|superior_living|dry,0.0,False,,,,
Feelwells,Feelwells,grain free,dry,feelwells|grain_free|dry,0.0,False,,,,
Southend Dog,Southend Dog,cold pressed,wet,southend_dog|cold_pressed|wet,0.0,False,,,,
Country Pursuit,Country Pursuit,muesli moist mix,dry,country_pursuit|muesli_moist_mix|dry,0.0,False,,,,
Salters,Salters,,wet,salters||wet,0.0,False,,,,
Noochy Poochy,Noochy Poochy,,dry,noochy_poochy||dry,0.0,False,,,,
Husse,Husse,prima plus,wet,husse|prima_plus|wet,0.0,False,,,,
Calibra Expert,Calibra Expert,nutrition mobility,dry,calibra_expert|nutrition_mobility|dry,0.0,False,,,,
Alpha Spirit,Alpha Spirit,mediterranean diet sausage multiprotein,raw,alpha_spirit|mediterranean_diet_sausage_multiprotein|raw,0.23684210526315788,False,Alpha Spirit,Alpha Spirit 7 Days Formula (Semi-Moist),alpha_spirit|alpha_spirit_7_days_formula_(semi-moist)|dry,dry
Rocco,Rocco,,wet,rocco||wet,0.0,False,,,,
Cooper,Cooper,and co grain free,wet,cooper|and_co_grain_free|wet,0.0,False,,,,
Wainwrights,Wainwrights,mature,wet,wainwrights|mature|wet,0.0,False,,,,
Wainwrights,Wainwrights,,wet,wainwrights||wet,0.0,False,,,,
Ci,Ci,tickety boo,wet,ci|tickety_boo|wet,0.0,False,,,,
Josera,Josera,youngstar,wet,josera|youngstar|wet,0.0,False,,,,
Ava,Ava,breed health cockapoo,wet,ava|breed_health_cockapoo|wet,0.0,False,,,,
Beta,Beta,,dry,beta||dry,0.0,False,,,,
Wainwrights,Wainwrights,and potato,wet,wainwrights|and_potato|wet,0.0,False,,,,
Country Dog,Country Dog,classic 1,dry,country_dog|classic_1|dry,0.0,False,,,,
Pets at Home,Pets at Home,complete nutrition mature,wet,pets_at_home|complete_nutrition_mature|wet,0.0,False,,,,
Wildways,Wildways,,wet,wildways||wet,0.0,False,,,,
Pro Plan,Pro Plan,all size light sterilised optiweight,wet,pro_plan|all_size_light_sterilised_optiweight|wet,0.0,False,,,,
Wainwrights,Wainwrights,grain free mature,wet,wainwrights|grain_free_mature|wet,0.0,False,,,,
Barking Heads,Barking Heads,big foot days,wet,barking_heads|big_foot_days|wet,0.6842105263157895,False,Barking Heads,Heads Big Foot Puppy Days,barking|heads_big_foot_puppy_days|dry,dry
Wolf of Wilderness,Wolf of Wilderness,the taste of mini kibbles,wet,wolf_of_wilderness|the_taste_of_mini_kibbles|wet,0.0,False,,,,
Gentle,Gentle,bites,wet,gentle|bites|wet,0.0,False,,,,
Fish4Dogs,Fish4Dogs,superior complete,wet,fish4dogs|superior_complete|wet,0.0,False,,,,
Ava,Ava,breed health german shepherd,wet,ava|breed_health_german_shepherd|wet,0.0,False,,,,
Bob and Lush,Bob & Lush,light and tasty kibble,dry,bob_lush|light_and_tasty_kibble|dry,0.0,False,,,,
Europa,Europa,nutrition and rice,wet,europa|nutrition_and_rice|wet,0.0,False,,,,
Husse,Husse,kalv chunks in gravy,wet,husse|kalv_chunks_in_gravy|wet,0.0,False,,,,
Omni,Omni,sensitive,dry,omni|sensitive|dry,0.0,False,,,,
Eukanuba,Eukanuba,natureplus grain free,dry,eukanuba|natureplus_grain_free|dry,0.36000000000000004,False,Eukanuba,Adult Jack Russell Terrier Chicken,eukanuba|adult_jack_russell_terrier_chicken|dry,dry
Primal,Primal,spirit complete oceanland,dry,primal|spirit_complete_oceanland|dry,0.0,False,,,,
Webbox,Webbox,natural tray,wet,webbox|natural_tray|wet,0.0,False,,,,
Lifestage,Lifestage,grain free,wet,lifestage|grain_free|wet,0.0,False,,,,
Dr Veneta,Dr Veneta,stay calm,freeze_dried,dr_veneta|stay_calm|freeze_dried,0.0,False,,,,
Gelert,Gelert,country choice maintenance,dry,gelert|country_choice_maintenance|dry,0.0,False,,,,
Natural,Natural,instinct,raw,natural|instinct|raw,0.0,False,,,,
Husse,Husse,valp mini,wet,husse|valp_mini|wet,0.0,False,,,,
Lovejoys,Lovejoys,original light,wet,lovejoys|original_light|wet,0.0,False,,,,
Husse,Husse,optimal mini,dry,husse|optimal_mini|dry,0.0,False,,,,
Lupo,Lupo,sensitive 20 8,wet,lupo|sensitive_20_8|wet,0.0,False,,,,
Wolf of Wilderness,Wolf of Wilderness,the taste of tins,wet,wolf_of_wilderness|the_taste_of_tins|wet,0.0,False,,,,
Natures Menu,Natures Menu,country hunter nuggets,wet,natures_menu|country_hunter_nuggets|wet,0.0,False,,,,
Prodog,Prodog,,raw,prodog||raw,0.0,False,,,,
Webbox,Webbox,naturals pate,wet,webbox|naturals_pate|wet,0.0,False,,,,
Naturaw,Naturaw,forage,raw,naturaw|forage|raw,0.0,False,,,,
Vetspec,Vetspec,healthy dog formula,wet,vetspec|healthy_dog_formula|wet,0.0,False,,,,
Mypetsays,Mypetsays,grain free,dry,mypetsays|grain_free|dry,0.0,False,,,,
Wilsons,Wilsons,fresh food,unknown,wilsons|fresh_food|unknown,0.0,False,,,,
Ava,Ava,breed health yorkshire terrier,wet,ava|breed_health_yorkshire_terrier|wet,0.0,False,,,,
Essential,Essential,highland living pate,wet,essential|highland_living_pate|wet,0.0,False,,,,
Champers,Champers,,dry,champers||dry,0.0,False,,,,
Country Pursuit,Country Pursuit,maintenance,wet,country_pursuit|maintenance|wet,0.0,False,,,,
Pitpat,PitPat,,wet,pitpat||wet,0.0,False,,,,
Husse,Husse,valp digest,wet,husse|valp_digest|wet,0.0,False,,,,
Huntland,Huntland,grain free,dry,huntland|grain_free|dry,0.0,False,,,,
Purizon,Purizon,cans,wet,purizon|cans|wet,0.0,False,,,,
Hills Science,Hill's,plan 1,wet,hill_s|plan_1|wet,0.0,False,,,,
Barking Heads,Barking Heads,all hounder grain free,dry,barking_heads|all_hounder_grain_free|dry,0.676923076923077,False,Barking Heads,Heads All Hounder Golden Years,barking|heads_all_hounder_golden_years|unknown,dry
Husse,Husse,valp farm,wet,husse|valp_farm|wet,0.0,False,,,,
Heights,Heights,farm extra joint care,dry,heights|farm_extra_joint_care|dry,0.0,False,,,,
Beta,Beta,,wet,beta||wet,0.0,False,,,,
Husse,Husse,digest,wet,husse|digest|wet,0.0,False,,,,
Pets at Home,Pets at Home,complete nutrition,dry,pets_at_home|complete_nutrition|dry,0.0,False,,,,
Mcintyres,McIntyres,cans,wet,mcintyres|cans|wet,0.0,False,,,,
Harringtons,Harringtons,,wet,harringtons||wet,0.0,False,,,,
Arden Grange,Arden Grange,sensitive,wet,arden_grange|sensitive|wet,0.5806451612903226,False,Arden Grange,Grange Sensitive Adult,arden|grange_sensitive_adult|dry,dry
Trophy,Trophy,lifestyle and rice,wet,trophy|lifestyle_and_rice|wet,0.0,False,,,,
Pro Plan,Pro Plan,and mini sensitive skin optiderma,wet,pro_plan|and_mini_sensitive_skin_optiderma|wet,0.0,False,,,,
Concept For,Concept For,life,wet,concept_for|life|wet,0.0,False,,,,
Wolfworthy,Wolfworthy,80 20 oily,wet,wolfworthy|80_20_oily|wet,0.0,False,,,,
Jack,Jack,wolf working dog,unknown,jack|wolf_working_dog|unknown,0.0,False,,,,
Royal Canin,Royal Canin,veterinary diet gastrointestinal,wet,royal_canin|veterinary_diet_gastrointestinal|wet,0.0,False,,,,
Terra,Terra,canis,raw,terra|canis|raw,0.0,False,,,,
Yora,Yora,,dry,yora||dry,0.0,False,,,,
K9,K9,optimum can,wet,k9|optimum_can|wet,0.0,False,,,,
Grace,Grace,authentic,wet,grace|authentic|wet,0.0,False,,,,
Country Pursuit,Country Pursuit,premium,wet,country_pursuit|premium|wet,0.0,False,,,,
Encore,Encore,trays pate,wet,encore|trays_pate|wet,0.0,False,,,,
Coya,Coya,,freeze_dried,coya||freeze_dried,0.0,False,,,,
K9,K9,optimum mini,wet,k9|optimum_mini|wet,0.0,False,,,,
Rawgeous,Rawgeous,standard recipe,unknown,rawgeous|standard_recipe|unknown,0.0,False,,,,
Wainwrights,Wainwrights,complete,freeze_dried,wainwrights|complete|freeze_dried,0.0,False,,,,
Pooch,Pooch & Mutt,and mutt joint care,wet,pooch_mutt|and_mutt_joint_care|wet,0.0,False,,,,
Feelwells,Feelwells,gourmet,wet,feelwells|gourmet|wet,0.0,False,,,,
Canine,Canine,choice,wet,canine|choice|wet,0.0,False,,,,
Yora,Yora,pate,wet,yora|pate|wet,0.0,False,,,,
Pro Plan,Pro Plan,and 7 optiage,wet,pro_plan|and_7_optiage|wet,0.0,False,,,,
Natures Deli,Natures Deli,grain free,wet,natures_deli|grain_free|wet,0.0,False,,,,
Alpha,Alpha,sporting wheat gluten free,wet,alpha|sporting_wheat_gluten_free|wet,0.55,False,Alpha,Feeds Sporting Puppy Chicken  Rice,alpha|feeds_sporting_puppy_chicken__rice|unknown,wet
Husse,Husse,optimal,wet,husse|optimal|wet,0.0,False,,,,
Europa,Europa,80 20 grain free,dry,europa|80_20_grain_free|dry,0.0,False,,,,
Brit,Brit,care grain free,dry,brit|care_grain_free|dry,0.6470588235294118,False,Brit,Brit Care Mini Grain Free Adult Lamb,brit|brit_care_mini_grain_free_adult_lamb|dry,dry
Vetspec,Vetspec,superlite formula,dry,vetspec|superlite_formula|dry,0.0,False,,,,
Josidog,Josidog,sensitive,dry,josidog|sensitive|dry,0.0,False,,,,
Omni,Omni,,dry,omni||dry,0.0,False,,,,
Laughing,Laughing,dog naturally complete dog food,dry,laughing|dog_naturally_complete_dog_food|dry,0.0,False,,,,
Beco,Beco,,wet,beco||wet,0.0,False,,,,
Trophy,Trophy,super premium bite,dry,trophy|super_premium_bite|dry,0.0,False,,,,
Royal Canin,Royal Canin,7,dry,royal_canin|7|dry,0.0,False,,,,
Yora,Yora,,dry,yora||dry,0.0,False,,,,
Wild,Wild,pet food omega 80 20 complete,wet,wild|pet_food_omega_80_20_complete|wet,0.0,False,,,,
Mcadams,McAdams,,dry,mcadams||dry,0.0,False,,,,
Natures Deli,Natures Deli,,dry,natures_deli||dry,0.0,False,,,,
Royal Canin,Royal Canin,west highland white terrier,wet,royal_canin|west_highland_white_terrier|wet,0.0,False,,,,
Lukullus,Lukullus,tins,wet,lukullus|tins|wet,0.0,False,,,,
Bakers,Bakers,,dry,bakers||dry,0.0,False,,,,
Natures Menu,Natures Menu,original nuggets,unknown,natures_menu|original_nuggets|unknown,0.0,False,,,,
Lilys Kitchen,Lilys Kitchen,,wet,lilys_kitchen||wet,0.0,False,,,,
Carnilove,Carnilove,fresh meat,wet,carnilove|fresh_meat|wet,0.0,False,,,,
Natural,Natural,dog food company light,wet,natural|dog_food_company_light|wet,0.0,False,,,,
Flourish,Flourish,grain free working and sporting dog,wet,flourish|grain_free_working_and_sporting_dog|wet,0.0,False,,,,
Ror,ROR,and light,wet,ror|and_light|wet,0.0,False,,,,
Hug,Hug,ready meals,unknown,hug|ready_meals|unknown,0.0,False,,,,
Guru,Guru,top of the crops cold pressed,wet,guru|top_of_the_crops_cold_pressed|wet,0.0,False,,,,
Benyfit,Benyfit,natural sensitive support,unknown,benyfit|natural_sensitive_support|unknown,0.6274509803921569,False,Benyfit,Natural Senior Care Turkey,benyfit|natural_senior_care_turkey|raw,raw
Royal Canin,Royal Canin,jack russell,wet,royal_canin|jack_russell|wet,0.0,False,,,,
Harringtons,Harringtons,advanced science diet,wet,harringtons|advanced_science_diet|wet,0.0,False,,,,
Royal Canin,Royal Canin,bichon frise,wet,royal_canin|bichon_frise|wet,0.0,False,,,,
Winner,Winner,,dry,winner||dry,0.0,False,,,,
Natures Menu,Natures Menu,original dinner,raw,natures_menu|original_dinner|raw,0.0,False,,,,
Brit,Brit,care grain free,dry,brit|care_grain_free|dry,0.6470588235294118,False,Brit,Brit Care Mini Grain Free Adult Lamb,brit|brit_care_mini_grain_free_adult_lamb|dry,dry
Kronch,Kronch,main,dry,kronch|main|dry,0.0,False,,,,
Scrumbles,Scrumbles,and,wet,scrumbles|and|wet,0.0,False,,,,
Trophy,Trophy,standard working dog,dry,trophy|standard_working_dog|dry,0.0,False,,,,
Edgard,Edgard,and cooper trays,wet,edgard|and_cooper_trays|wet,0.0,False,,,,
Ava,Ava,mature,wet,ava|mature|wet,0.0,False,,,,
Naturea,Naturea,wetlands,wet,naturea|wetlands|wet,0.0,False,,,,
Eukanuba,Eukanuba,rich in,dry,eukanuba|rich_in|dry,0.35675675675675683,False,Eukanuba,Adult Golden Retriever Chicken,eukanuba|adult_golden_retriever_chicken|dry,dry
Skinners,Skinners,life,dry,skinners|life|dry,0.0,False,,,,
Natures,Natures,way 50 percent recipes,dry,natures|way_50_percent_recipes|dry,0.0,False,,,,
Eukanuba,Eukanuba,daily care sensitive joints,wet,eukanuba|daily_care_sensitive_joints|wet,0.36363636363636365,False,Eukanuba,Adult Large Breed Lamb  Rice,eukanuba|adult_large_breed_lamb__rice|dry,dry
Farmina Natural,Farmina Natural,and delicious ancestral grain,dry,farmina_natural|and_delicious_ancestral_grain|dry,0.0,False,,,,
Wilko,Wilko,complete,wet,wilko|complete|wet,0.0,False,,,,
Husse,Husse,optimal,wet,husse|optimal|wet,0.0,False,,,,
Millies Wolfheart,Millies Wolfheart,ranger mix,wet,millies_wolfheart|ranger_mix|wet,0.0,False,,,,
Leader,Leader,supreme,wet,leader|supreme|wet,0.0,False,,,,
Walker,Walker,and drake food,dry,walker|and_drake_food|dry,0.0,False,,,,
Harringtons,Harringtons,grain free tins,wet,harringtons|grain_free_tins|wet,0.0,False,,,,
Wagg,Wagg,wheat free,dry,wagg|wheat_free|dry,0.0,False,,,,
Piccolo,Piccolo,light smaller dogs,dry,piccolo|light_smaller_dogs|dry,0.0,False,,,,
Lifelong,Lifelong,grain free for breeds,dry,lifelong|grain_free_for_breeds|dry,0.0,False,,,,
Hills,Hills,prescription diet gastrointestinal biome,wet,hills|prescription_diet_gastrointestinal_biome|wet,0.0,False,,,,
Butchers,Butchers,joints and coat can,wet,butchers|joints_and_coat_can|wet,0.75,False,Butchers,Joints  Coats,butchers|joints__coats|unknown,dry
Hills,Hills,prescription diet l d,dry,hills|prescription_diet_l_d|dry,0.0,False,,,,
Barkin,Barkin,bistro cooked,unknown,barkin|bistro_cooked|unknown,0.0,False,,,,
Royal Canin,Royal Canin,,wet,royal_canin||wet,0.0,False,,,,
Almo,Almo,nature holistic,dry,almo|nature_holistic|dry,0.5454545454545454,False,Almo,Nature Holistic Puppy With Fresh Chicken,almo|nature_holistic_puppy_with_fresh_chicken|unknown,wet
Royal Canin,Royal Canin,beagle,wet,royal_canin|beagle|wet,0.0,False,,,,
Eukanuba,Eukanuba,daily care overweight sterilized,wet,eukanuba|daily_care_overweight_sterilized|wet,0.43333333333333335,False,Eukanuba,Adult Large Breed Lamb  Rice,eukanuba|adult_large_breed_lamb__rice|dry,dry
Benyfit,Benyfit,natural,unknown,benyfit|natural|unknown,0.5384615384615384,False,Benyfit,Natural Beef  Tripe,benyfit|natural_beef__tripe|raw,raw
Heights,Heights,farm dietaryplus weight control formula,wet,heights|farm_dietaryplus_weight_control_formula|wet,0.0,False,,,,
Royal Canin,Royal Canin,x,wet,royal_canin|x|wet,0.0,False,,,,
Taste,Taste,of the wild high prairie grain free,dry,taste|of_the_wild_high_prairie_grain_free|dry,0.0,False,,,,
Wagg,Wagg,worker,wet,wagg|worker|wet,0.0,False,,,,
Walker,Walker,and drake working dog,dry,walker|and_drake_working_dog|dry,0.0,False,,,,
Vets,Vets,kitchen grow and develop,wet,vets|kitchen_grow_and_develop|wet,0.0,False,,,,
Grub,Grub,club all day buffet,dry,grub|club_all_day_buffet|dry,0.0,False,,,,
Autarky,Autarky,grain free,wet,autarky|grain_free|wet,0.5405405405405406,False,Autarky,Grain Free Tasty White Fish,autarky|grain_free_tasty_white_fish|dry,dry
Millies Wolfheart,Millies Wolfheart,hunter mix,dry,millies_wolfheart|hunter_mix|dry,0.0,False,,,,
Lovejoys,Lovejoys,original,wet,lovejoys|original|wet,0.0,False,,,,
Canagan,Canagan,grain free,wet,canagan|grain_free|wet,0.5,False,Canagan,Grass Fed Lamb,canagan|grass_fed_lamb|dry,dry
Growling,Growling,tums,dry,growling|tums|dry,0.0,False,,,,
Pro Plan,Pro Plan,and mini 9 optiage,wet,pro_plan|and_mini_9_optiage|wet,0.0,False,,,,
Burns,Burns,original and rice,dry,burns|original_and_rice|dry,0.8380952380952381,False,Burns,Original Lamb  Brown Rice,burns|original_lamb__brown_rice|dry,dry
Vitalin,Vitalin,original,dry,vitalin|original|dry,0.0,False,,,,
Wainwrights,Wainwrights,grain free,wet,wainwrights|grain_free|wet,0.0,False,,,,
Skinners,Skinners,field and trial maintenance plus,wet,skinners|field_and_trial_maintenance_plus|wet,0.0,False,,,,
Forthglade,Forthglade,cold pressed grain free,wet,forthglade|cold_pressed_grain_free|wet,0.5714285714285714,False,Forthglade,Salmon Cold Pressed,forthglade|salmon_cold_pressed|unknown,dry
Nutriment,Nutriment,low purine and phosphorus support,raw,nutriment|low_purine_and_phosphorus_support|raw,0.0,False,,,,
Chapel,Chapel,farm,wet,chapel|farm|wet,0.0,False,,,,
Boost,Boost,fresh food trays,wet,boost|fresh_food_trays|wet,0.40816326530612246,False,Boost,Hearty Meat Feast with Superfoods,boost|hearty_meat_feast_with_superfoods|unknown,dry
Harringtons,Harringtons,grain free,wet,harringtons|grain_free|wet,0.0,False,,,,
Dachshund,Dachshund,superfood,raw,dachshund|superfood|raw,0.42857142857142855,False,Dachshund,Superfood Free Range Turkey Adult,dachshund|superfood_free_range_turkey_adult|unknown,dry
Farmina Natural,Farmina Natural,and delicious ancestral grain mini and,dry,farmina_natural|and_delicious_ancestral_grain_mini_and|dry,0.0,False,,,,
Walker,Walker,and drake cold pressed,wet,walker|and_drake_cold_pressed|wet,0.0,False,,,,
Eukanuba,Eukanuba,thriving mature,wet,eukanuba|thriving_mature|wet,0.2777777777777778,False,Eukanuba,Adult German Shepherd,eukanuba|adult_german_shepherd|unknown,dry
Royal Canin,Royal Canin,dalmatian,wet,royal_canin|dalmatian|wet,0.0,False,,,,
Growling,Growling,tums light,dry,growling|tums_light|dry,0.0,False,,,,
Natures Deli,Natures Deli,grain free,wet,natures_deli|grain_free|wet,0.0,False,,,,
Husse,Husse,mild cold pressed,wet,husse|mild_cold_pressed|wet,0.0,False,,,,
Country,Country,kibble grain free and,dry,country|kibble_grain_free_and|dry,0.0,False,,,,
Leader,Leader,slimline,wet,leader|slimline|wet,0.0,False,,,,
Leader,Leader,sensitive,wet,leader|sensitive|wet,0.0,False,,,,
Wilko,Wilko,complete,wet,wilko|complete|wet,0.0,False,,,,
Scrumbles,Scrumbles,grain free complete,wet,scrumbles|grain_free_complete|wet,0.0,False,,,,
Bentleys,Bentleys,superfood blend,raw,bentleys|superfood_blend|raw,0.8571428571428571,False,Bentleys,Duck Superfood Blend,bentleys|duck_superfood_blend|unknown,dry
Orygo,Orygo,,dry,orygo||dry,0.0,False,,,,
Natures,Natures,variety selected mini,dry,natures|variety_selected_mini|dry,0.0,False,,,,
Orlando,Orlando,complete,wet,orlando|complete|wet,0.0,False,,,,
Farm,Farm,food he classic,wet,farm|food_he_classic|wet,0.0,False,,,,
Nood,Nood,,dry,nood||dry,0.0,False,,,,
The,The,pack crunchy feast,wet,the|pack_crunchy_feast|wet,0.0,False,,,,
Morrisons,Morrisons,complete,wet,morrisons|complete|wet,0.0,False,,,,
Hownd,Hownd,plant powered superfood,wet,hownd|plant_powered_superfood|wet,0.0,False,,,,
Denes,Denes,tins,wet,denes|tins|wet,0.0,False,,,,
Wolf of Wilderness,Wolf of Wilderness,elements,wet,wolf_of_wilderness|elements|wet,0.0,False,,,,
Natures Deli,Natures Deli,,wet,natures_deli||wet,0.0,False,,,,
Darf,Darf,complete regular,raw,darf|complete_regular|raw,0.0,False,,,,
Icepaw,Icepaw,light pure 17 10,wet,icepaw|light_pure_17_10|wet,0.0,False,,,,
Hills Science,Hill's,plan 1 6 light,wet,hill_s|plan_1_6_light|wet,0.0,False,,,,
Crave,Crave,,dry,crave||dry,0.0,False,,,,
Wainwrights,Wainwrights,,dry,wainwrights||dry,0.0,False,,,,
Beta,Beta,,dry,beta||dry,0.0,False,,,,
Webbox,Webbox,natural complete,dry,webbox|natural_complete|dry,0.0,False,,,,
Tilly,Tilly,and ted cans,wet,tilly|and_ted_cans|wet,0.0,False,,,,
Wonderdog,Wonderdog,special,wet,wonderdog|special|wet,0.0,False,,,,
Farmina Natural,Farmina Natural,and delicious ancestral grain mini,dry,farmina_natural|and_delicious_ancestral_grain_mini|dry,0.0,False,,,,
Barking Heads,Barking Heads,big foot,dry,barking_heads|big_foot|dry,0.5333333333333334,False,Barking Heads,Heads Big Foot Puppy Days,barking|heads_big_foot_puppy_days|dry,dry
Barking Heads,Barking Heads,little paws,dry,barking_heads|little_paws|dry,0.5761904761904763,False,Barking Heads,Heads Little Paws Fuss Pot Duck,barking|heads_little_paws_fuss_pot_duck|dry,dry
Natures,Natures,way 80 percent recipes,dry,natures|way_80_percent_recipes|dry,0.0,False,,,,
Sainsburys,Sainsburys,natures goodness hypoallergenic,dry,sainsburys|natures_goodness_hypoallergenic|dry,0.0,False,,,,
Hills,Hills,prescription diet j d,dry,hills|prescription_diet_j_d|dry,0.0,False,,,,
Darf,Darf,complete,raw,darf|complete|raw,0.0,False,,,,
Luna,Luna,and me power,raw,luna|and_me_power|raw,0.0,False,,,,
Hills Science,Hill's,plan mature 7,wet,hill_s|plan_mature_7|wet,0.0,False,,,,
Arden Grange,Arden Grange,grain free superfoods,dry,arden_grange|grain_free_superfoods|dry,0.7573770491803279,False,Arden Grange,Grange Grain Free Adult Duck  Superfoods,arden|grange_grain_free_adult_duck__superfoods|unknown,dry
Arden Grange,Arden Grange,prestige,wet,arden_grange|prestige|wet,0.43243243243243246,False,Arden Grange,Grange Adult Prestige Chicken,arden|grange_adult_prestige_chicken|dry,dry
Royal Canin,Royal Canin,veterinary diet renal,wet,royal_canin|veterinary_diet_renal|wet,0.0,False,,,,
Skinners,Skinners,life,wet,skinners|life|wet,0.0,False,,,,
Fish4Dogs,Fish4Dogs,finest complete,wet,fish4dogs|finest_complete|wet,0.0,False,,,,
Pooch,Pooch & Mutt,and mutt,dry,pooch_mutt|and_mutt|dry,0.0,False,,,,
Vitalin,Vitalin,active,dry,vitalin|active|dry,0.0,False,,,,
Naturea,Naturea,,wet,naturea||wet,0.0,False,,,,
Canidae,Canidae,pure elements,wet,canidae|pure_elements|wet,0.0,False,,,,
Omni,Omni,,dry,omni||dry,0.0,False,,,,
Europa,Europa,55 45 grain free,dry,europa|55_45_grain_free|dry,0.0,False,,,,
Nose2Tail,Nose2tail,,wet,nose2tail||wet,0.0,False,,,,
James Wellbeloved,James Wellbeloved,superfoods,dry,james_wellbeloved|superfoods|dry,0.0,False,,,,
Husse,Husse,pate,wet,husse|pate|wet,0.0,False,,,,
Collards,Collards,older overweight and potato,wet,collards|older_overweight_and_potato|wet,0.0,False,,,,
Benyfit,Benyfit,natural meat feast,wet,benyfit|natural_meat_feast|wet,0.8372093023255814,False,Benyfit,Natural Meat Feast Turkey,benyfit|natural_meat_feast_turkey|raw,raw
Edmondsons,Edmondsons,80 20,dry,edmondsons|80_20|dry,0.0,False,,,,
Canagan,Canagan,grain free light,wet,canagan|grain_free_light|wet,0.5333333333333333,False,Canagan,Grass Fed Lamb,canagan|grass_fed_lamb|dry,dry
Taste,Taste,of the wild,wet,taste|of_the_wild|wet,0.0,False,,,,
Bakers,Bakers,dog,dry,bakers|dog|dry,0.18333333333333335,False,Bakers,Adult Beef  Vegetable,bakers|adult_beef__vegetable|dry,dry
K9,K9,optimum,wet,k9|optimum|wet,0.0,False,,,,
Benevo,Benevo,original,wet,benevo|original|wet,0.7272727272727273,False,Benevo,Adult Original,benevo|adult_original|dry,dry
Royal Canin,Royal Canin,,wet,royal_canin||wet,0.0,False,,,,
Country Dog,Country Dog,premium 7,wet,country_dog|premium_7|wet,0.0,False,,,,
Alpha Spirit,Alpha Spirit,semi moist complete,wet,alpha_spirit|semi_moist_complete|wet,0.32142857142857145,False,Alpha Spirit,Alpha Spirit 7 Days Formula (Semi-Moist),alpha_spirit|alpha_spirit_7_days_formula_(semi-moist)|dry,dry
Concept For,Concept For,life,wet,concept_for|life|wet,0.0,False,,,,
Bosch,Bosch,sensitive,wet,bosch|sensitive|wet,0.6206896551724138,False,Bosch,Sensitive Lamb  Rice,bosch|sensitive_lamb__rice|unknown,dry
Royal Canin,Royal Canin,golden retriever,wet,royal_canin|golden_retriever|wet,0.0,False,,,,
Harringtons,Harringtons,,dry,harringtons||dry,0.0,False,,,,
Wainwrights,Wainwrights,nutritious insects with superfoods,wet,wainwrights|nutritious_insects_with_superfoods|wet,0.0,False,,,,
Fish4Dogs,Fish4Dogs,superior complete,wet,fish4dogs|superior_complete|wet,0.0,False,,,,
Collards,Collards,and rice,wet,collards|and_rice|wet,0.0,False,,,,
Tribal,Tribal,fresh pressed,dry,tribal|fresh_pressed|dry,0.0,False,,,,
Eukanuba,Eukanuba,natureplus grain free and,dry,eukanuba|natureplus_grain_free_and|dry,0.4150943396226416,False,Eukanuba,Adult Large Breed Lamb  Rice,eukanuba|adult_large_breed_lamb__rice|dry,dry
Virbac,Virbac,veterinary hpm neutered dog and toy,wet,virbac|veterinary_hpm_neutered_dog_and_toy|wet,0.0,False,,,,
Alpha Spirit,Alpha Spirit,complete pouch,wet,alpha_spirit|complete_pouch|wet,0.19607843137254902,False,Alpha Spirit,Alpha Spirit 7 Days Formula (Semi-Moist),alpha_spirit|alpha_spirit_7_days_formula_(semi-moist)|dry,dry
Pedigree,Pedigree,light,wet,pedigree|light|wet,0.0,False,,,,
CSJ,CSJ,old champ,dry,csj|old_champ|dry,0.0,False,,,,
Techni,Techni,cal lifestages and weight control,wet,techni|cal_lifestages_and_weight_control|wet,0.0,False,,,,
Canine,Canine,choice premium,wet,canine|choice_premium|wet,0.0,False,,,,
Pooch,Pooch & Mutt,and mutt renal,dry,pooch_mutt|and_mutt_renal|dry,0.0,False,,,,
Nutriment,Nutriment,recovery support,wet,nutriment|recovery_support|wet,0.0,False,,,,
Eukanuba,Eukanuba,growing,wet,eukanuba|growing|wet,0.23076923076923078,False,Eukanuba,Adult Boxer Chicken,eukanuba|adult_boxer_chicken|dry,dry
Symply,Symply,light,dry,symply|light|dry,0.0,False,,,,
Rinti,Rinti,tins,wet,rinti|tins|wet,0.0,False,,,,
Briantos,Briantos,,wet,briantos||wet,0.0,False,,,,
Green,Green,petfood insectdog,wet,green|petfood_insectdog|wet,0.0,False,,,,
Nutriment,Nutriment,kidney support,wet,nutriment|kidney_support|wet,0.0,False,,,,
Butchers,Butchers,healthy heart foil,wet,butchers|healthy_heart_foil|wet,0.3870967741935484,False,Butchers,Simply Gentle,butchers|simply_gentle|unknown,dry
Markus,Markus,muehle black angus,dry,markus|muehle_black_angus|dry,0.0,False,,,,
Iams,Iams,advanced nutrition and,wet,iams|advanced_nutrition_and|wet,0.0,False,,,,
Cobbydog,Cobbydog,supper cold pressed,wet,cobbydog|supper_cold_pressed|wet,0.0,False,,,,
Alpha Spirit,Alpha Spirit,mediterranean diet sausage iberian pork,raw,alpha_spirit|mediterranean_diet_sausage_iberian_pork|raw,0.18421052631578946,False,Alpha Spirit,Alpha Spirit 7 Days Formula (Semi-Moist),alpha_spirit|alpha_spirit_7_days_formula_(semi-moist)|dry,dry
Ror,ROR,,unknown,ror||unknown,0.0,False,,,,
Beta,Beta,,wet,beta||wet,0.0,False,,,,
Sausage,Sausage,dog sanctuary food grain free,dry,sausage|dog_sanctuary_food_grain_free|dry,0.0,False,,,,
Burgess,Burgess,supadog originals,wet,burgess|supadog_originals|wet,0.631578947368421,False,Burgess,Supadog Chicken Adult,burgess|supadog_chicken_adult|unknown,dry
Wellness,Wellness,core,wet,wellness|core|wet,0.0,False,,,,
Benevo,Benevo,original,wet,benevo|original|wet,0.7272727272727273,False,Benevo,Adult Original,benevo|adult_original|dry,dry
Royal Canin,Royal Canin,maxi,wet,royal_canin|maxi|wet,0.0,False,,,,
Canidae,Canidae,pure foundations formula,wet,canidae|pure_foundations_formula|wet,0.0,False,,,,
Country,Country,value,wet,country|value|wet,0.0,False,,,,
Collards,Collards,and potato,wet,collards|and_potato|wet,0.0,False,,,,
Eukanuba,Eukanuba,all breeds,wet,eukanuba|all_breeds|wet,0.47368421052631576,False,Eukanuba,Adult Large Breed Lamb  Rice,eukanuba|adult_large_breed_lamb__rice|dry,dry
Lifelong,Lifelong,grain free for breeds,dry,lifelong|grain_free_for_breeds|dry,0.0,False,,,,
Brit,Brit,premium by nature,wet,brit|premium_by_nature|wet,0.7555555555555555,False,Brit,Brit Premium by Nature Light,brit|brit_premium_by_nature_light|dry,dry
Hills Science,Hill's,plan 1 sensitive stomach and skin and mini,wet,hill_s|plan_1_sensitive_stomach_and_skin_and_mini|wet,0.0,False,,,,
Orlando,Orlando,natural complete,wet,orlando|natural_complete|wet,0.0,False,,,,
Freshpet,Freshpet,select bags grain free,unknown,freshpet|select_bags_grain_free|unknown,0.0,False,,,,
Primal,Primal,spirit complete wilderness,dry,primal|spirit_complete_wilderness|dry,0.0,False,,,,
Terra,Terra,canis,wet,terra|canis|wet,0.0,False,,,,
Ava,Ava,breed health boxer,wet,ava|breed_health_boxer|wet,0.0,False,,,,
Ci,Ci,tickety boo,dry,ci|tickety_boo|dry,0.0,False,,,,
Canagan,Canagan,tins,wet,canagan|tins|wet,0.6,False,Canagan,Insect,canagan|insect|dry,dry
Millies Wolfheart,Millies Wolfheart,gamekeepers mix,dry,millies_wolfheart|gamekeepers_mix|dry,0.0,False,,,,
Ava,Ava,,wet,ava||wet,0.0,False,,,,
Gentle,Gentle,,dry,gentle||dry,0.0,False,,,,
Wellness,Wellness,core,wet,wellness|core|wet,0.0,False,,,,
Ava,Ava,sensitive skin and stomach,wet,ava|sensitive_skin_and_stomach|wet,0.0,False,,,,
Naturo,Naturo,grain free,dry,naturo|grain_free|dry,0.0,False,,,,
Natures Menu,Natures Menu,original nuggets,unknown,natures_menu|original_nuggets|unknown,0.0,False,,,,
Little,Little,bigpaw naturally delicious,wet,little|bigpaw_naturally_delicious|wet,0.0,False,,,,
Simpsons,Simpsons,premium 8020,wet,simpsons|premium_8020|wet,0.0,False,,,,
Barking Heads,Barking Heads,,dry,barking_heads||dry,0.0,False,,,,
Royal Canin,Royal Canin,cavalier king charles,wet,royal_canin|cavalier_king_charles|wet,0.0,False,,,,
Huntland,Huntland,grain free,dry,huntland|grain_free|dry,0.0,False,,,,
Barkin,Barkin,bistro surf and turf,raw,barkin|bistro_surf_and_turf|raw,0.0,False,,,,
Wilsons,Wilsons,fresh food,unknown,wilsons|fresh_food|unknown,0.0,False,,,,
Hills Science,Hill's,plan 1 and mini,dry,hill_s|plan_1_and_mini|dry,0.0,False,,,,
CSJ,CSJ,little champ,dry,csj|little_champ|dry,0.0,False,,,,
Brit,Brit,care hypoallergenic,wet,brit|care_hypoallergenic|wet,0.5846153846153846,False,Brit,Brit Care Dog Hypoallergenic Senior Lamb & Rice,brit|brit_care_dog_hypoallergenic_senior_lamb_&_rice|dry,dry
Burns,Burns,grain free,dry,burns|grain_free|dry,0.5641025641025641,False,Burns,Adult Grain Free Duck  Potato,burns|adult_grain_free_duck__potato|dry,dry
Forthglade,Forthglade,lightly baked,dry,forthglade|lightly_baked|dry,0.34375,False,Forthglade,Salmon Cold Pressed,forthglade|salmon_cold_pressed|unknown,dry
Harringtons,Harringtons,light,wet,harringtons|light|wet,0.0,False,,,,
Wainwrights,Wainwrights,mature,wet,wainwrights|mature|wet,0.0,False,,,,
Pooch,Pooch & Mutt,and mutt foods,wet,pooch_mutt|and_mutt_foods|wet,0.0,False,,,,
Ydolo,Ydolo,,dry,ydolo||dry,0.0,False,,,,
Terra,Terra,canis hypoallergenic,wet,terra|canis_hypoallergenic|wet,0.0,False,,,,
Nutrivet,Nutrivet,instinct regional meat farmer,wet,nutrivet|instinct_regional_meat_farmer|wet,0.0,False,,,,
Primal,Primal,spirit iberian complete,wet,primal|spirit_iberian_complete|wet,0.0,False,,,,
Forza10,Forza10,bio everyday,dry,forza10|bio_everyday|dry,0.0,False,,,,
Canine,Canine,choice premium,wet,canine|choice_premium|wet,0.0,False,,,,
Heights,Heights,farm extra joint care grain free,wet,heights|farm_extra_joint_care_grain_free|wet,0.0,False,,,,
Butchers,Butchers,tripe mix gb label,wet,butchers|tripe_mix_gb_label|wet,0.43137254901960786,False,Butchers,Grain Free Adult Recipes In Gravy,butchers|grain_free_adult_recipes_in_gravy|unknown,wet
CSJ,CSJ,fit n fast,dry,csj|fit_n_fast|dry,0.0,False,,,,
Royal Canin,Royal Canin,labrador retriever,wet,royal_canin|labrador_retriever|wet,0.0,False,,,,
Edgard,Edgard,and cooper bio organic cups,wet,edgard|and_cooper_bio_organic_cups|wet,0.0,False,,,,
Wainwrights,Wainwrights,grain free,wet,wainwrights|grain_free|wet,0.0,False,,,,
Chudleys,Chudleys,lite,wet,chudleys|lite|wet,0.0,False,,,,
Animonda,Animonda,integra protect sensitive,dry,animonda|integra_protect_sensitive|dry,0.48125000000000007,False,Animonda,animonda GranCarno Senior Poultry & Beef,animonda|animonda_grancarno_senior_poultry_&_beef|dry,dry
Natures Deli,Natures Deli,grain free,wet,natures_deli|grain_free|wet,0.0,False,,,,
Angell,Angell,superior,wet,angell|superior|wet,0.47058823529411764,False,Angell,PetCo Superior Maintenance,angell|petco_superior_maintenance|unknown,dry
James,James,and ella,freeze_dried,james|and_ella|freeze_dried,0.0,False,,,,
Growling,Growling,tums,wet,growling|tums|wet,0.0,False,,,,
Rude,Rude,dog food,wet,rude|dog_food|wet,0.0,False,,,,
Eden,Eden,sporting and working,wet,eden|sporting_and_working|wet,0.0,False,,,,
Hills Science,Hill's,plan 1 healthy mobility,wet,hill_s|plan_1_healthy_mobility|wet,0.0,False,,,,
Leader,Leader,sensitive,wet,leader|sensitive|wet,0.0,False,,,,
Bosch,Bosch,,wet,bosch||wet,0.0,False,,,,
Nutribalance,Nutribalance,and,wet,nutribalance|and|wet,0.0,False,,,,
Alpha Spirit,Alpha Spirit,complete meatballs,wet,alpha_spirit|complete_meatballs|wet,0.14545454545454545,False,Alpha Spirit,Alpha Spirit 7 Days Formula (Semi-Moist),alpha_spirit|alpha_spirit_7_days_formula_(semi-moist)|dry,dry
Butchers,Butchers,tripe loaf recipes can,wet,butchers|tripe_loaf_recipes_can|wet,0.631578947368421,False,Butchers,Grain Free Adult Tripe Loaf Recipes,butchers|grain_free_adult_tripe_loaf_recipes|unknown,dry
Natural,Natural,instinct weaning paste,wet,natural|instinct_weaning_paste|wet,0.0,False,,,,
Natures,Natures,way light mature recipe,dry,natures|way_light_mature_recipe|dry,0.0,False,,,,
Wonderdog,Wonderdog,grain free white,wet,wonderdog|grain_free_white|wet,0.0,False,,,,
Naked,Naked,dog active,unknown,naked|dog_active|unknown,0.0,False,,,,
Tails,Tails,com foods,wet,tails|com_foods|wet,0.0,False,,,,
Lovejoys,Lovejoys,hearty and wholesome,wet,lovejoys|hearty_and_wholesome|wet,0.0,False,,,,
Nutriwolds,Nutriwolds,complete,raw,nutriwolds|complete|raw,0.0,False,,,,
Ava,Ava,mature,wet,ava|mature|wet,0.0,False,,,,
Royal Canin,Royal Canin,french bulldog,wet,royal_canin|french_bulldog|wet,0.0,False,,,,
Essential,Essential,kingdom living pate,wet,essential|kingdom_living_pate|wet,0.0,False,,,,
Virbac,Virbac,veterinary hpm baby and toy,wet,virbac|veterinary_hpm_baby_and_toy|wet,0.0,False,,,,
Eukanuba,Eukanuba,rich in and rice,dry,eukanuba|rich_in_and_rice|dry,0.45000000000000007,False,Eukanuba,Adult Large Breed Lamb  Rice,eukanuba|adult_large_breed_lamb__rice|dry,dry
Royal Canin,Royal Canin,maxi starter,wet,royal_canin|maxi_starter|wet,0.0,False,,,,
Skinners,Skinners,life sensitive,wet,skinners|life_sensitive|wet,0.0,False,,,,
Eukanuba,Eukanuba,active,wet,eukanuba|active|wet,0.32,False,Eukanuba,Adult Boxer Chicken,eukanuba|adult_boxer_chicken|dry,dry
Chudleys,Chudleys,classic,dry,chudleys|classic|dry,0.0,False,,,,
Heights,Heights,farm extra joint care,wet,heights|farm_extra_joint_care|wet,0.0,False,,,,
Collards,Collards,tray older overweight,wet,collards|tray_older_overweight|wet,0.0,False,,,,
Farmina Natural,Farmina Natural,and delicious pumpkin and maxi,dry,farmina_natural|and_delicious_pumpkin_and_maxi|dry,0.0,False,,,,
James Wellbeloved,James Wellbeloved,high protein,dry,james_wellbeloved|high_protein|dry,0.0,False,,,,
Denes,Denes,natural and delicious,wet,denes|natural_and_delicious|wet,0.0,False,,,,
Pro Plan,Pro Plan,robust optibalance,dry,pro_plan|robust_optibalance|dry,0.0,False,,,,
Pero,Pero,organic dog food,dry,pero|organic_dog_food|dry,0.0,False,,,,
Albion,Albion,complete,unknown,albion|complete|unknown,0.0,False,,,,
Hills Science,Hill's,plan mature 7 youthful vitality and mini,dry,hill_s|plan_mature_7_youthful_vitality_and_mini|dry,0.0,False,,,,
Billy,Billy,and margot,dry,billy|and_margot|dry,0.35675675675675683,False,Billy,Margot Lamb Superfood Blend,billy|margot_lamb_superfood_blend|dry,dry
Natures,Natures,way grain free and dog,wet,natures|way_grain_free_and_dog|wet,0.0,False,,,,
Tilly,Tilly,and ted,wet,tilly|and_ted|wet,0.0,False,,,,
Royal Canin,Royal Canin,dalmatian,wet,royal_canin|dalmatian|wet,0.0,False,,,,
Pets at Home,Pets at Home,complete nutrition in gravy,wet,pets_at_home|complete_nutrition_in_gravy|wet,0.0,False,,,,
Wainwrights,Wainwrights,pouches,wet,wainwrights|pouches|wet,0.0,False,,,,
Edgard,Edgard,and cooper kibble,dry,edgard|and_cooper_kibble|dry,0.0,False,,,,
Skinners,Skinners,field and trial working 26,dry,skinners|field_and_trial_working_26|dry,0.0,False,,,,
Laughing,Laughing,dog grain free complete,wet,laughing|dog_grain_free_complete|wet,0.0,False,,,,
Growling,Growling,tums,dry,growling|tums|dry,0.0,False,,,,
Billy,Billy,and margot pouches,raw,billy|and_margot_pouches|raw,0.48148148148148145,False,Billy,Margot Puppy Chicken Superfood Blend,billy|margot_puppy_chicken_superfood_blend|dry,dry
Green,Green,pantry mobility,wet,green|pantry_mobility|wet,0.0,False,,,,
Wolf,Wolf,tucker primal complete meals,wet,wolf|tucker_primal_complete_meals|wet,0.0,False,,,,
James Wellbeloved,James Wellbeloved,,wet,james_wellbeloved||wet,0.0,False,,,,
Lilys Kitchen,Lilys Kitchen,organic bake,wet,lilys_kitchen|organic_bake|wet,0.0,False,,,,
Bonacibo,Bonacibo,can,wet,bonacibo|can|wet,0.0,False,,,,
Josera,Josera,kids,wet,josera|kids|wet,0.0,False,,,,
Alpha Spirit,Alpha Spirit,mediterranean diet sausage poultry,raw,alpha_spirit|mediterranean_diet_sausage_poultry|raw,0.22535211267605634,False,Alpha Spirit,Alpha Spirit 7 Days Formula (Semi-Moist),alpha_spirit|alpha_spirit_7_days_formula_(semi-moist)|dry,dry
Cotswold,Cotswold,,unknown,cotswold||unknown,0.0,False,,,,
Waitrose,Waitrose,grain free,dry,waitrose|grain_free|dry,0.0,False,,,,
Almo,Almo,nature holistic,dry,almo|nature_holistic|dry,0.5454545454545454,False,Almo,Nature Holistic Puppy With Fresh Chicken,almo|nature_holistic_puppy_with_fresh_chicken|unknown,wet
Hills,Hills,prescription diet metabolic weight management cans,wet,hills|prescription_diet_metabolic_weight_management_cans|wet,0.0,False,,,,
Vitalin,Vitalin,,wet,vitalin||wet,0.0,False,,,,
Acana,Acana,recipe,raw,acana|recipe|raw,0.6666666666666666,False,Acana,Puppy Recipe,acana|puppy_recipe|dry,dry
Husse,Husse,optimal light,wet,husse|optimal_light|wet,0.0,False,,,,
Luna,Luna,and me superblends seniors club,raw,luna|and_me_superblends_seniors_club|raw,0.0,False,,,,
CSJ,CSJ,complete tripe,dry,csj|complete_tripe|dry,0.0,False,,,,
Wildways,Wildways,,wet,wildways||wet,0.0,False,,,,
Tesco,Tesco,complete and balanced nutrition,wet,tesco|complete_and_balanced_nutrition|wet,0.0,False,,,,
Royal Canin,Royal Canin,german shepherd,wet,royal_canin|german_shepherd|wet,0.0,False,,,,
Dachshund,Dachshund,superfood light,dry,dachshund|superfood_light|dry,0.55,False,Dachshund,Superfood Free Range Turkey Adult,dachshund|superfood_free_range_turkey_adult|unknown,dry
Husse,Husse,opus ocean,wet,husse|opus_ocean|wet,0.0,False,,,,
Naturaw,Naturaw,forage,unknown,naturaw|forage|unknown,0.0,False,,,,
Buddy,Buddy,grass fed sensitive,dry,buddy|grass_fed_sensitive|dry,0.5238095238095238,False,Buddy,Pet Food Grass Fed Lamb,buddy|pet_food_grass_fed_lamb|unknown,dry
Alpha,Alpha,sensitive,dry,alpha|sensitive|dry,0.5210526315789474,False,Alpha,Feeds Sensitive Chicken  Rice,alpha|feeds_sensitive_chicken__rice|unknown,dry
Virbac,Virbac,veterinary hpm neutered dog and,wet,virbac|veterinary_hpm_neutered_dog_and|wet,0.0,False,,,,
Lifestage,Lifestage,grain free,wet,lifestage|grain_free|wet,0.0,False,,,,
Bob and Lush,Bob & Lush,light and tasty,wet,bob_lush|light_and_tasty|wet,0.0,False,,,,
More,More,,dry,more||dry,0.0,False,,,,
Cobbydog,Cobbydog,grain free,wet,cobbydog|grain_free|wet,0.0,False,,,,
Bosch,Bosch,light,wet,bosch|light|wet,1.0,False,Bosch,Light,bosch|light|unknown,dry
Lecker,Lecker,bites gourmet meal,freeze_dried,lecker|bites_gourmet_meal|freeze_dried,0.0,False,,,,
Mcadams,McAdams,foods,wet,mcadams|foods|wet,0.0,False,,,,
Barking Heads,Barking Heads,,wet,barking_heads||wet,0.0,False,,,,
Denes,Denes,tins,wet,denes|tins|wet,0.0,False,,,,
Hills Science,Hill's,plan 1 6 and mini with and rice,dry,hill_s|plan_1_6_and_mini_with_and_rice|dry,0.0,False,,,,
Alpha Spirit,Alpha Spirit,imperial sausage iberian pork,wet,alpha_spirit|imperial_sausage_iberian_pork|wet,0.12121212121212122,False,Alpha Spirit,Alpha Spirit 7 Days Formula (Semi-Moist),alpha_spirit|alpha_spirit_7_days_formula_(semi-moist)|dry,dry
Husse,Husse,ocean care mini,wet,husse|ocean_care_mini|wet,0.0,False,,,,
Salters,Salters,,wet,salters||wet,0.0,False,,,,
Royal Canin,Royal Canin,mini dermacomfort,wet,royal_canin|mini_dermacomfort|wet,0.0,False,,,,
Farmina Natural,Farmina Natural,and delicious mini,dry,farmina_natural|and_delicious_mini|dry,0.0,False,,,,
Kronch,Kronch,active,raw,kronch|active|raw,0.0,False,,,,
Sainsburys,Sainsburys,complete nutrition,dry,sainsburys|complete_nutrition|dry,0.0,False,,,,
Wilko,Wilko,natures best,dry,wilko|natures_best|dry,0.0,False,,,,
Almo,Almo,nature holistic,wet,almo|nature_holistic|wet,0.6,False,Almo,Nature Holistic Puppy With Fresh Chicken,almo|nature_holistic_puppy_with_fresh_chicken|unknown,wet
Burgess,Burgess,supadog active,wet,burgess|supadog_active|wet,0.6486486486486487,False,Burgess,Supadog Adult with Beef,burgess|supadog_adult_with_beef|unknown,dry
Vitalin,Vitalin,royale,dry,vitalin|royale|dry,0.0,False,,,,
Cooper,Cooper,and co,wet,cooper|and_co|wet,0.0,False,,,,
Pure,Pure,pet food,freeze_dried,pure|pet_food|freeze_dried,0.0,False,,,,
Morrisons,Morrisons,natural complete wheat free,dry,morrisons|natural_complete_wheat_free|dry,0.0,False,,,,
Essential,Essential,nautical living pate,wet,essential|nautical_living_pate|wet,0.0,False,,,,
Nutriment,Nutriment,,wet,nutriment||wet,0.0,False,,,,
Earls,Earls,tender pate,wet,earls|tender_pate|wet,0.0,False,,,,
Wolf of Wilderness,Wolf of Wilderness,tins,wet,wolf_of_wilderness|tins|wet,0.0,False,,,,
Husse,Husse,sterilised,wet,husse|sterilised|wet,0.0,False,,,,
Trophy,Trophy,super premium grain free,wet,trophy|super_premium_grain_free|wet,0.0,False,,,,
Natures,Natures,harvest cold pressed,raw,natures|harvest_cold_pressed|raw,0.0,False,,,,
Burns,Burns,original and rice,dry,burns|original_and_rice|dry,0.8380952380952381,False,Burns,Original Lamb  Brown Rice,burns|original_lamb__brown_rice|dry,dry
Symply,Symply,fuel,dry,symply|fuel|dry,0.0,False,,,,
Royal Canin,Royal Canin,veterinary diet hepatic,wet,royal_canin|veterinary_diet_hepatic|wet,0.0,False,,,,
Engage,Engage,with rice,wet,engage|with_rice|wet,0.0,False,,,,
Bonacibo,Bonacibo,dog,dry,bonacibo|dog|dry,0.0,False,,,,
Platinum,Platinum,vetactive sensitive,raw,platinum|vetactive_sensitive|raw,0.0,False,,,,
Lifestage,Lifestage,dog grain free,wet,lifestage|dog_grain_free|wet,0.0,False,,,,
Husse,Husse,ocean care,wet,husse|ocean_care|wet,0.0,False,,,,
Wildpack,WildPack,,unknown,wildpack||unknown,0.0,False,,,,
Wildways,Wildways,,wet,wildways||wet,0.0,False,,,,
Royal Canin,Royal Canin,x 8,wet,royal_canin|x_8|wet,0.0,False,,,,
Eden,Eden,semi moist,wet,eden|semi_moist|wet,0.0,False,,,,
Healthy,Healthy,paws light,wet,healthy|paws_light|wet,0.0,False,,,,
Pero,Pero,super sensitive and grain free,dry,pero|super_sensitive_and_grain_free|dry,0.0,False,,,,
Golden,Golden,eagle and,dry,golden|eagle_and|dry,0.0,False,,,,
Arden Grange,Arden Grange,premium,wet,arden_grange|premium|wet,0.34146341463414637,False,Arden Grange,Grange Adult Premium Chicken  Rice,arden|grange_adult_premium_chicken__rice|dry,dry
Lifelong,Lifelong,grain free for and breeds,dry,lifelong|grain_free_for_and_breeds|dry,0.0,False,,,,
Denes,Denes,options healthy skin,wet,denes|options_healthy_skin|wet,0.0,False,,,,
Clinivet,Clinivet,,wet,clinivet||wet,0.0,False,,,,
Pooch,Pooch & Mutt,and mutt sensitivity,dry,pooch_mutt|and_mutt_sensitivity|dry,0.0,False,,,,
Lupo,Lupo,sensitive 24 10,wet,lupo|sensitive_24_10|wet,0.0,False,,,,
Devini,Devini,,wet,devini||wet,0.0,False,,,,
Royal Canin,Royal Canin,hypoallergenic,wet,royal_canin|hypoallergenic|wet,0.0,False,,,,
Dachshund,Dachshund,superfood,dry,dachshund|superfood|dry,0.4714285714285714,False,Dachshund,Superfood Free Range Turkey Adult,dachshund|superfood_free_range_turkey_adult|unknown,dry
Pro Plan,Pro Plan,robust optistart,wet,pro_plan|robust_optistart|wet,0.0,False,,,,
Salters,Salters,energy,dry,salters|energy|dry,0.0,False,,,,
Lifestage,Lifestage,grain free,dry,lifestage|grain_free|dry,0.0,False,,,,
Wainwrights,Wainwrights,light,dry,wainwrights|light|dry,0.0,False,,,,
Vetspec,Vetspec,omega 3 joint mobility formula,wet,vetspec|omega_3_joint_mobility_formula|wet,0.0,False,,,,
Wolf of Wilderness,Wolf of Wilderness,the taste of,wet,wolf_of_wilderness|the_taste_of|wet,0.0,False,,,,
Ziwi,Ziwi,peak tins,wet,ziwi|peak_tins|wet,0.0,False,,,,
Barking Heads,Barking Heads,golden years,wet,barking_heads|golden_years|wet,0.7764705882352942,False,Barking Heads,Heads Golden Years Wet,barking|heads_golden_years_wet|wet,wet
Guru,Guru,surf and turf,wet,guru|surf_and_turf|wet,0.0,False,,,,
Dachshund,Dachshund,superfood all life stages,dry,dachshund|superfood_all_life_stages|dry,0.6068965517241379,False,Dachshund,Superfood Free Range Turkey Adult,dachshund|superfood_free_range_turkey_adult|unknown,dry
Fish4Dogs,Fish4Dogs,superior complete bite,wet,fish4dogs|superior_complete_bite|wet,0.0,False,,,,
Lilys Kitchen,Lilys Kitchen,breakfast crunch,dry,lilys_kitchen|breakfast_crunch|dry,0.0,False,,,,
Natures Menu,Natures Menu,original pouches,wet,natures_menu|original_pouches|wet,0.0,False,,,,
Lilys Kitchen,Lilys Kitchen,dogs,dry,lilys_kitchen|dogs|dry,0.0,False,,,,
Husse,Husse,light chunks in gravy,wet,husse|light_chunks_in_gravy|wet,0.0,False,,,,
Alpha Spirit,Alpha Spirit,complete canned,raw,alpha_spirit|complete_canned|raw,0.19230769230769232,False,Alpha Spirit,Alpha Spirit 7 Days Formula (Semi-Moist),alpha_spirit|alpha_spirit_7_days_formula_(semi-moist)|dry,dry
Lukullus,Lukullus,pouches grain free,wet,lukullus|pouches_grain_free|wet,0.0,False,,,,
Terra,Terra,canis grain free,wet,terra|canis_grain_free|wet,0.0,False,,,,
Ydolo,Ydolo,,wet,ydolo||wet,0.0,False,,,,
Essential,Essential,older pate,wet,essential|older_pate|wet,0.0,False,,,,
Ava,Ava,,wet,ava||wet,0.0,False,,,,
Beta,Beta,,dry,beta||dry,0.0,False,,,,
Natures Deli,Natures Deli,light,wet,natures_deli|light|wet,0.0,False,,,,
Eden,Eden,gourmet,wet,eden|gourmet|wet,0.0,False,,,,
Ava,Ava,,wet,ava||wet,0.0,False,,,,
Yarrah,Yarrah,,dry,yarrah||dry,0.0,False,,,,
Denes,Denes,options sensitive digestion,wet,denes|options_sensitive_digestion|wet,0.0,False,,,,
Billy,Billy,and margot superfood,unknown,billy|and_margot_superfood|unknown,0.6808510638297872,False,Billy,Margot Lamb Superfood Blend,billy|margot_lamb_superfood_blend|dry,dry
Rocco,Rocco,world tour,wet,rocco|world_tour|wet,0.0,False,,,,
Skippers,Skippers,ocean grain free,wet,skippers|ocean_grain_free|wet,0.0,False,,,,
Wildpack,WildPack,,unknown,wildpack||unknown,0.0,False,,,,
Harringtons,Harringtons,grain free trays,wet,harringtons|grain_free_trays|wet,0.0,False,,,,
Billy,Billy,and margot cans,raw,billy|and_margot_cans|raw,0.45454545454545453,False,Billy,Margot Salmon Superfood Blend,billy|margot_salmon_superfood_blend|dry,dry
Essential,Essential,the beginning pate,wet,essential|the_beginning_pate|wet,0.0,False,,,,
Natures,Natures,variety selected,dry,natures|variety_selected|dry,0.0,False,,,,
Naturea,Naturea,regional,wet,naturea|regional|wet,0.0,False,,,,
Natural,Natural,greatness complete,wet,natural|greatness_complete|wet,0.0,False,,,,
Fish4Dogs,Fish4Dogs,superior weight control,wet,fish4dogs|superior_weight_control|wet,0.0,False,,,,
Natural,Natural,greatness ultra premium,wet,natural|greatness_ultra_premium|wet,0.0,False,,,,
Trophy,Trophy,premium maintenance,dry,trophy|premium_maintenance|dry,0.0,False,,,,
Mcadams,McAdams,,dry,mcadams||dry,0.0,False,,,,
Naturea,Naturea,light and,wet,naturea|light_and|wet,0.0,False,,,,
Acana,Acana,recipe,raw,acana|recipe|raw,0.6666666666666666,False,Acana,Puppy Recipe,acana|puppy_recipe|dry,dry
K9,K9,optimum grain free,wet,k9|optimum_grain_free|wet,0.0,False,,,,
Icepaw,Icepaw,pure 24 12,dry,icepaw|pure_24_12|dry,0.0,False,,,,
Ci,Ci,tickety boo,wet,ci|tickety_boo|wet,0.0,False,,,,
Autarky,Autarky,,dry,autarky||dry,0.0,False,,,,
Burgess,Burgess,sensitive,wet,burgess|sensitive|wet,0.75,False,Burgess,Sensitive Puppy,burgess|sensitive_puppy|unknown,dry
Omni,Omni,,wet,omni||wet,0.0,False,,,,
Able,Able,,unknown,able||unknown,0.0,False,,,,
Seven,Seven,grain free,wet,seven|grain_free|wet,0.0,False,,,,
Collards,Collards,can food,wet,collards|can_food|wet,0.0,False,,,,
Cotswold,Cotswold,active 80 20 wild,unknown,cotswold|active_80_20_wild|unknown,0.19047619047619047,False,Cotswold,Pet Supplies Fallons Small Bite Salmon  Potato,cotswold|pet_supplies_fallons_small_bite_salmon__potato|unknown,dry
Encore,Encore,tins pate,wet,encore|tins_pate|wet,0.0,False,,,,
Lukullus,Lukullus,naturkost,dry,lukullus|naturkost|dry,0.0,False,,,,
Royal Canin,Royal Canin,labrador retriever,wet,royal_canin|labrador_retriever|wet,0.0,False,,,,
Step,Step,up,dry,step|up|dry,0.0,False,,,,
Iams,Iams,advanced nutrition and,dry,iams|advanced_nutrition_and|dry,0.0,False,,,,
CSJ,CSJ,command performance 24 active,dry,csj|command_performance_24_active|dry,0.0,False,,,,
Collards,Collards,older overweight and rice,dry,collards|older_overweight_and_rice|dry,0.0,False,,,,
Canidae,Canidae,pure sky,wet,canidae|pure_sky|wet,0.0,False,,,,
Yora,Yora,light,dry,yora|light|dry,0.0,False,,,,
Wonderdog,Wonderdog,resting mix,wet,wonderdog|resting_mix|wet,0.0,False,,,,
Butchers,Butchers,meaty recipes can,wet,butchers|meaty_recipes_can|wet,0.5720000000000001,False,Butchers,Grain Free Adult Recipes In Gravy,butchers|grain_free_adult_recipes_in_gravy|unknown,wet
Simpsons,Simpsons,premium sensitive,wet,simpsons|premium_sensitive|wet,0.0,False,,,,
Millies Wolfheart,Millies Wolfheart,agility mix,dry,millies_wolfheart|agility_mix|dry,0.0,False,,,,
Butchers,Butchers,perfect can,wet,butchers|perfect_can|wet,0.5833333333333334,False,Butchers,Puppy Perfect,butchers|puppy_perfect|unknown,dry
Pro Plan,Pro Plan,athletic,dry,pro_plan|athletic|dry,0.0,False,,,,
Lifelong,Lifelong,grain free for breeds,dry,lifelong|grain_free_for_breeds|dry,0.0,False,,,,
Alpha Spirit,Alpha Spirit,mediterranean diet sausage wild,raw,alpha_spirit|mediterranean_diet_sausage_wild|raw,0.20588235294117646,False,Alpha Spirit,Alpha Spirit 7 Days Formula (Semi-Moist),alpha_spirit|alpha_spirit_7_days_formula_(semi-moist)|dry,dry
Eukanuba,Eukanuba,developing,wet,eukanuba|developing|wet,0.3,False,Eukanuba,Adult Golden Retriever Chicken,eukanuba|adult_golden_retriever_chicken|dry,dry
Wellness,Wellness,core low fat,wet,wellness|core_low_fat|wet,0.0,False,,,,
Winner,Winner,,wet,winner||wet,0.0,False,,,,
Laughing,Laughing,dog grain free complete,wet,laughing|dog_grain_free_complete|wet,0.0,False,,,,
Essential,Essential,estate living pate,wet,essential|estate_living_pate|wet,0.0,False,,,,
Morrisons,Morrisons,complete,wet,morrisons|complete|wet,0.0,False,,,,
Healthy,Healthy,paws,wet,healthy|paws|wet,0.0,False,,,,
Lifestage,Lifestage,grain free,wet,lifestage|grain_free|wet,0.0,False,,,,
Wolf of Wilderness,Wolf of Wilderness,soft,wet,wolf_of_wilderness|soft|wet,0.0,False,,,,
Lovejoys,Lovejoys,original,wet,lovejoys|original|wet,0.0,False,,,,
Nutro,Nutro,wild frontier,wet,nutro|wild_frontier|wet,0.0,False,,,,
Guru,Guru,ahoy cold pressed,wet,guru|ahoy_cold_pressed|wet,0.0,False,,,,
Winalot,Winalot,casserole,wet,winalot|casserole|wet,0.0,False,,,,
Trophy,Trophy,premium lite,wet,trophy|premium_lite|wet,0.0,False,,,,
Farmina Natural,Farmina Natural,and delicious pumpkin mini,dry,farmina_natural|and_delicious_pumpkin_mini|dry,0.0,False,,,,
Wainwrights,Wainwrights,light,wet,wainwrights|light|wet,0.0,False,,,,
Vets,Vets,kitchen sensitive care,wet,vets|kitchen_sensitive_care|wet,0.0,False,,,,
Eukanuba,Eukanuba,active,wet,eukanuba|active|wet,0.32,False,Eukanuba,Adult Boxer Chicken,eukanuba|adult_boxer_chicken|dry,dry
Royal Canin,Royal Canin,sensitivity control,wet,royal_canin|sensitivity_control|wet,0.0,False,,,,
Mcintyres,McIntyres,,wet,mcintyres||wet,0.0,False,,,,
Winner,Winner,high energy,dry,winner|high_energy|dry,0.0,False,,,,
Rocco,Rocco,sensitive,wet,rocco|sensitive|wet,0.0,False,,,,
Symply,Symply,trays,wet,symply|trays|wet,0.0,False,,,,
Mcintyres,McIntyres,pouches in jelly,wet,mcintyres|pouches_in_jelly|wet,0.0,False,,,,
Autarky,Autarky,succulent,dry,autarky|succulent|dry,0.5657142857142857,False,Autarky,Autarky Succululent Salmon,autarky|autarky_succululent_salmon|dry,dry
Bakers,Bakers,,dry,bakers||dry,0.0,False,,,,
Lupo,Lupo,natural swiss,dry,lupo|natural_swiss|dry,0.0,False,,,,
Canine,Canine,choice,wet,canine|choice|wet,0.0,False,,,,
Winalot,Winalot,perfect portions in gravy,wet,winalot|perfect_portions_in_gravy|wet,0.0,False,,,,
Natural,Natural,dog food company,dry,natural|dog_food_company|dry,0.0,False,,,,
Collards,Collards,tray,wet,collards|tray|wet,0.0,False,,,,
Harringtons,Harringtons,just 6,wet,harringtons|just_6|wet,0.0,False,,,,
Darf,Darf,complete,raw,darf|complete|raw,0.0,False,,,,
Cooper,Cooper,and co sensitive,wet,cooper|and_co_sensitive|wet,0.0,False,,,,
Pero,Pero,fussy eater,wet,pero|fussy_eater|wet,0.0,False,,,,
Naked,Naked,pup,unknown,naked|pup|unknown,0.0,False,,,,
Golden,Golden,eagle hypo allergenic,dry,golden|eagle_hypo_allergenic|dry,0.0,False,,,,
Green,Green,petfood veggiedog,wet,green|petfood_veggiedog|wet,0.0,False,,,,
Europa,Europa,low calorie,wet,europa|low_calorie|wet,0.0,False,,,,
Yora,Yora,dog food,dry,yora|dog_food|dry,0.0,False,,,,
Farmina Natural,Farmina Natural,and delicious pumpkin and maxi,dry,farmina_natural|and_delicious_pumpkin_and_maxi|dry,0.0,False,,,,
Leader,Leader,,wet,leader||wet,0.0,False,,,,
Tilly,Tilly,and ted trays,wet,tilly|and_ted_trays|wet,0.0,False,,,,
Lifelong,Lifelong,for and breeds,dry,lifelong|for_and_breeds|dry,0.0,False,,,,
Hills,Hills,prescription diet k d,wet,hills|prescription_diet_k_d|wet,0.0,False,,,,
Denes,Denes,light tins,wet,denes|light_tins|wet,0.0,False,,,,
Wainwrights,Wainwrights,light,wet,wainwrights|light|wet,0.0,False,,,,
Pets,Pets,love fresh,wet,pets|love_fresh|wet,0.0,False,,,,
Go,Go,native,wet,go|native|wet,0.0,False,,,,
Orygo,Orygo,,wet,orygo||wet,0.0,False,,,,
Dr,Dr,john silver,dry,dr|john_silver|dry,0.0,False,,,,
Wainwrights,Wainwrights,pouches mature,wet,wainwrights|pouches_mature|wet,0.0,False,,,,
Bounce,Bounce,and bella finest grain free,wet,bounce|and_bella_finest_grain_free|wet,0.4838709677419355,False,Bounce,Bella Irresistible Angus Beef Adult,bounce|bella_irresistible_angus_beef_adult|unknown,dry
Trophy,Trophy,lifestyle working dog and corn,wet,trophy|lifestyle_working_dog_and_corn|wet,0.0,False,,,,
Edgard,Edgard,and cooper cups,wet,edgard|and_cooper_cups|wet,0.0,False,,,,
Lukullus,Lukullus,tins menu gustico,wet,lukullus|tins_menu_gustico|wet,0.0,False,,,,
Royal Canin,Royal Canin,maxi joint care,wet,royal_canin|maxi_joint_care|wet,0.0,False,,,,
Chudleys,Chudleys,original,dry,chudleys|original|dry,0.0,False,,,,
Royal Canin,Royal Canin,veterinary diet gastrointestinal,wet,royal_canin|veterinary_diet_gastrointestinal|wet,0.0,False,,,,
Sainsburys,Sainsburys,natures goodness hypoallergenic terrine,wet,sainsburys|natures_goodness_hypoallergenic_terrine|wet,0.0,False,,,,
Pooch,Pooch & Mutt,and mutt single protein,wet,pooch_mutt|and_mutt_single_protein|wet,0.0,False,,,,
Engage,Engage,,dry,engage||dry,0.0,False,,,,
Lifelong,Lifelong,for breeds,dry,lifelong|for_breeds|dry,0.0,False,,,,
Bentleys,Bentleys,taste of the ocean,dry,bentleys|taste_of_the_ocean|dry,1.0,False,Bentleys,Taste of the Ocean,bentleys|taste_of_the_ocean|unknown,dry
Simpsons,Simpsons,premium 60 40,wet,simpsons|premium_60_40|wet,0.0,False,,,,
James Wellbeloved,James Wellbeloved,light,wet,james_wellbeloved|light|wet,0.0,False,,,,
Royal Canin,Royal Canin,rottweiler,wet,royal_canin|rottweiler|wet,0.0,False,,,,
Skinners,Skinners,field and trial working 30,wet,skinners|field_and_trial_working_30|wet,0.0,False,,,,
Techni,Techni,cal lifestages,wet,techni|cal_lifestages|wet,0.0,False,,,,
Millies Wolfheart,Millies Wolfheart,ultima mix,dry,millies_wolfheart|ultima_mix|dry,0.0,False,,,,
Albion,Albion,complete,unknown,albion|complete|unknown,0.0,False,,,,
Farmina Natural,Farmina Natural,and delicious maxi,dry,farmina_natural|and_delicious_maxi|dry,0.0,False,,,,
Royal Canin,Royal Canin,dachshund,wet,royal_canin|dachshund|wet,0.0,False,,,,
Royal Canin,Royal Canin,yorkshire terrier,wet,royal_canin|yorkshire_terrier|wet,0.0,False,,,,
Carnilove,Carnilove,with blueberries for puppies,wet,carnilove|with_blueberries_for_puppies|wet,0.0,False,,,,
Wolfworthy,Wolfworthy,80 20 countryside,wet,wolfworthy|80_20_countryside|wet,0.0,False,,,,
Naturo,Naturo,grain free trays,wet,naturo|grain_free_trays|wet,0.0,False,,,,
Burns,Burns,weight control,dry,burns|weight_control|dry,0.6416666666666667,False,Burns,Adult Weight Control Chicken  Oats,burns|adult_weight_control_chicken__oats|dry,dry
Essential,Essential,the beginning,dry,essential|the_beginning|dry,0.0,False,,,,
Step,Step,up mature,wet,step|up_mature|wet,0.0,False,,,,
Rocco,Rocco,,wet,rocco||wet,0.0,False,,,,
Chapel,Chapel,farm performance 24,wet,chapel|farm_performance_24|wet,0.0,False,,,,
Alpha Spirit,Alpha Spirit,the only one complete multi protein,wet,alpha_spirit|the_only_one_complete_multi_protein|wet,0.19444444444444445,False,Alpha Spirit,Alpha Spirit 7 Days Formula (Semi-Moist),alpha_spirit|alpha_spirit_7_days_formula_(semi-moist)|dry,dry
Wonderdog,Wonderdog,grain free,wet,wonderdog|grain_free|wet,0.0,False,,,,
Natures,Natures,harvest,wet,natures|harvest|wet,0.0,False,,,,
Wolf of Wilderness,Wolf of Wilderness,soft,wet,wolf_of_wilderness|soft|wet,0.0,False,,,,
Bob and Lush,Bob & Lush,kibble,dry,bob_lush|kibble|dry,0.0,False,,,,
Vitalin,Vitalin,,dry,vitalin||dry,0.0,False,,,,
Naturo,Naturo,grain free,wet,naturo|grain_free|wet,0.0,False,,,,
Laughing,Laughing,dog naturally 5 complete,dry,laughing|dog_naturally_5_complete|dry,0.0,False,,,,
Taste,Taste,of the wild tins,wet,taste|of_the_wild_tins|wet,0.0,False,,,,
Natural,Natural,greatness ultra premium all age and breed,wet,natural|greatness_ultra_premium_all_age_and_breed|wet,0.0,False,,,,
Hills Science,Hill's,plan mature 6,wet,hill_s|plan_mature_6|wet,0.0,False,,,,
Trophy,Trophy,lifestyle sensitive and shine,wet,trophy|lifestyle_sensitive_and_shine|wet,0.0,False,,,,
Huntland,Huntland,trays,wet,huntland|trays|wet,0.0,False,,,,
James Wellbeloved,James Wellbeloved,,wet,james_wellbeloved||wet,0.0,False,,,,
Carnilove,Carnilove,,dry,carnilove||dry,0.0,False,,,,
Wilsons,Wilsons,working dog cold pressed,wet,wilsons|working_dog_cold_pressed|wet,0.0,False,,,,
Langhams,Langhams,grain free selection,wet,langhams|grain_free_selection|wet,0.0,False,,,,
Dachshund,Dachshund,superfood pate,wet,dachshund|superfood_pate|wet,0.5531914893617021,False,Dachshund,Superfood Free Range Turkey Adult,dachshund|superfood_free_range_turkey_adult|unknown,dry
Natures Menu,Natures Menu,original cans,wet,natures_menu|original_cans|wet,0.0,False,,,,
Symply,Symply,grain free trays,wet,symply|grain_free_trays|wet,0.0,False,,,,
Royal Canin,Royal Canin,pug,wet,royal_canin|pug|wet,0.0,False,,,,
Ava,Ava,weight management,wet,ava|weight_management|wet,0.0,False,,,,
Autarky,Autarky,grain free,dry,autarky|grain_free|dry,0.5945945945945946,False,Autarky,Grain Free Tasty White Fish,autarky|grain_free_tasty_white_fish|dry,dry
Vetspec,Vetspec,and formula,wet,vetspec|and_formula|wet,0.0,False,,,,
Nourish,Nourish,grain free,wet,nourish|grain_free|wet,0.0,False,,,,
Ava,Ava,,wet,ava||wet,0.0,False,,,,
Fleischeslust,Fleischeslust,classic sausage,wet,fleischeslust|classic_sausage|wet,0.0,False,,,,
Bug,Bug,bakes regular,wet,bug|bakes_regular|wet,1.0,False,Bug,Bakes Regular,bug|bakes_regular|dry,dry
Leader,Leader,slimline,wet,leader|slimline|wet,0.0,False,,,,
Wilsons,Wilsons,premium cold pressed,wet,wilsons|premium_cold_pressed|wet,0.0,False,,,,
Beco,Beco,can,wet,beco|can|wet,0.14814814814814814,False,Beco,Wild Caught Cod  Haddock,beco|wild_caught_cod__haddock|unknown,dry
Growling,Growling,tums gourmet,dry,growling|tums_gourmet|dry,0.0,False,,,,
Carnilove,Carnilove,true fresh,raw,carnilove|true_fresh|raw,0.0,False,,,,
Salubrious,Salubrious,healthy dog food cold pressed grain and gluten free gastrointestinal,wet,salubrious|healthy_dog_food_cold_pressed_grain_and_gluten_free_gastrointestinal|wet,0.0,False,,,,
Acana,Acana,singles,wet,acana|singles|wet,0.36363636363636365,False,Acana,Highest Protein Grasslands,acana|highest_protein_grasslands|dry,dry
Husse,Husse,valp maxi,wet,husse|valp_maxi|wet,0.0,False,,,,
Ydolo,Ydolo,,dry,ydolo||dry,0.0,False,,,,
Lifestage,Lifestage,grain free,wet,lifestage|grain_free|wet,0.0,False,,,,
Nutriment,Nutriment,liver support,wet,nutriment|liver_support|wet,0.0,False,,,,
Leader,Leader,,wet,leader||wet,0.0,False,,,,
Butchers,Butchers,joints and coat foil,wet,butchers|joints_and_coat_foil|wet,0.7272727272727273,False,Butchers,Joints  Coats,butchers|joints__coats|unknown,dry
Wonderdog,Wonderdog,grain free,wet,wonderdog|grain_free|wet,0.0,False,,,,
Michies,Michies,of cornwall premium complete,unknown,michies|of_cornwall_premium_complete|unknown,0.0,False,,,,
Wainwrights,Wainwrights,,wet,wainwrights||wet,0.0,False,,,,
Pro Plan,Pro Plan,veterinary diet dermatosis,dry,pro_plan|veterinary_diet_dermatosis|dry,0.0,False,,,,
Millies Wolfheart,Millies Wolfheart,countryside mix,dry,millies_wolfheart|countryside_mix|dry,0.0,False,,,,
Canine,Canine,choice light,wet,canine|choice_light|wet,0.0,False,,,,
Royal Canin,Royal Canin,shih tzu,wet,royal_canin|shih_tzu|wet,0.0,False,,,,
Acana,Acana,light and fit recipe,raw,acana|light_and_fit_recipe|raw,0.918918918918919,False,Acana,Light  fit Recipe,acana|light__fit_recipe|dry,dry
Freshpet,Freshpet,select rolls,wet,freshpet|select_rolls|wet,0.0,False,,,,
Leader,Leader,,wet,leader||wet,0.0,False,,,,
Hills,Hills,prescription diet a d urgent care,wet,hills|prescription_diet_a_d_urgent_care|wet,0.0,False,,,,
Royal Canin,Royal Canin,veterinary diet dental,wet,royal_canin|veterinary_diet_dental|wet,0.0,False,,,,
Bosch,Bosch,,wet,bosch||wet,0.0,False,,,,
Denes,Denes,tins,wet,denes|tins|wet,0.0,False,,,,
Aatu,Aatu,for puppies,raw,aatu|for_puppies|raw,0.43478260869565216,False,Aatu,Puppy Salmon,aatu|puppy_salmon|dry,dry
Natural,Natural,instinct special diet,wet,natural|instinct_special_diet|wet,0.0,False,,,,
Naturo,Naturo,mini dog pouches,wet,naturo|mini_dog_pouches|wet,0.0,False,,,,
Edmondsons,Edmondsons,,dry,edmondsons||dry,0.0,False,,,,
Alpha,Alpha,sporting maintenance,wet,alpha|sporting_maintenance|wet,0.72,False,Alpha,Feeds Working Maintenance Beef,alpha|feeds_working_maintenance_beef|unknown,dry
Denes,Denes,growth,dry,denes|growth|dry,0.0,False,,,,
Country Pursuit,Country Pursuit,k9 20 percent working dog,dry,country_pursuit|k9_20_percent_working_dog|dry,0.0,False,,,,
Pedigree,Pedigree,,dry,pedigree||dry,0.0,False,,,,
Pooch,Pooch & Mutt,and mutt dog,dry,pooch_mutt|and_mutt_dog|dry,0.0,False,,,,
Asda,Asda,hero working complete,wet,asda|hero_working_complete|wet,0.5217391304347826,False,Asda,Hero Chicken  Veg Working,asda|hero_chicken__veg_working|unknown,dry
Skinners,Skinners,get out and go everyday energy,wet,skinners|get_out_and_go_everyday_energy|wet,0.0,False,,,,
Pooch,Pooch & Mutt,and mutt slim and slender,wet,pooch_mutt|and_mutt_slim_and_slender|wet,0.0,False,,,,
Eukanuba,Eukanuba,mature and all breeds,dry,eukanuba|mature_and_all_breeds|dry,0.44897959183673475,False,Eukanuba,Adult Large Breed Lamb  Rice,eukanuba|adult_large_breed_lamb__rice|dry,dry
Eukanuba,Eukanuba,daily care sensitive digestion,dry,eukanuba|daily_care_sensitive_digestion|dry,0.37931034482758624,False,Eukanuba,Adult Large Breed Lamb  Rice,eukanuba|adult_large_breed_lamb__rice|dry,dry
Gain,Gain,greyhound 28,dry,gain|greyhound_28|dry,0.0,False,,,,
Fish4Dogs,Fish4Dogs,working dog,dry,fish4dogs|working_dog|dry,0.0,False,,,,
Leader,Leader,supreme,wet,leader|supreme|wet,0.0,False,,,,
Royal Canin,Royal Canin,veterinary diet neutered dog,wet,royal_canin|veterinary_diet_neutered_dog|wet,0.0,False,,,,
Natures Menu,Natures Menu,country hunter pouches,wet,natures_menu|country_hunter_pouches|wet,0.0,False,,,,
CSJ,CSJ,command performance 21,dry,csj|command_performance_21|dry,0.0,False,,,,
Freshpet,Freshpet,select bags,unknown,freshpet|select_bags|unknown,0.0,False,,,,
Concept For,Concept For,life sensitive,wet,concept_for|life_sensitive|wet,0.0,False,,,,
James Wellbeloved,James Wellbeloved,superfood,dry,james_wellbeloved|superfood|dry,0.0,False,,,,
Millies Wolfheart,Millies Wolfheart,pork and veg,dry,millies_wolfheart|pork_and_veg|dry,0.0,False,,,,
Caboodle,Caboodle,,wet,caboodle||wet,0.0,False,,,,
Bakers,Bakers,meaty meals dog,wet,bakers|meaty_meals_dog|wet,0.6486486486486487,False,Bakers,Adult Meaty Meals Beef,bakers|adult_meaty_meals_beef|dry,dry
Concept For,Concept For,life,wet,concept_for|life|wet,0.0,False,,,,
Yarrah,Yarrah,,wet,yarrah||wet,0.0,False,,,,
Natures Deli,Natures Deli,,wet,natures_deli||wet,0.0,False,,,,
Royal Canin,Royal Canin,x,wet,royal_canin|x|wet,0.0,False,,,,
Techni,Techni,cal lifestages,wet,techni|cal_lifestages|wet,0.0,False,,,,
Butchers,Butchers,recovery and revive can,wet,butchers|recovery_and_revive_can|wet,0.7169811320754716,False,Butchers,Recovery  Revive Adult Chicken,butchers|recovery__revive_adult_chicken|unknown,dry
Royal Canin,Royal Canin,satiety weight management,dry,royal_canin|satiety_weight_management|dry,0.0,False,,,,
Royal Canin,Royal Canin,mini,wet,royal_canin|mini|wet,0.0,False,,,,
Zenoo,Zenoo,natural,freeze_dried,zenoo|natural|freeze_dried,0.0,False,,,,
Earls,Earls,complete,dry,earls|complete|dry,0.0,False,,,,
Royal Canin,Royal Canin,poodle,wet,royal_canin|poodle|wet,0.0,False,,,,
Nutro,Nutro,wild frontier,wet,nutro|wild_frontier|wet,0.0,False,,,,
Primal,Primal,spirit iberian complete canned nordic sealand,wet,primal|spirit_iberian_complete_canned_nordic_sealand|wet,0.0,False,,,,
Chappie,Chappie,original tins,wet,chappie|original_tins|wet,0.0,False,,,,
Gelert,Gelert,country choice maintenance,dry,gelert|country_choice_maintenance|dry,0.0,False,,,,
James,James,and ella kibble and,freeze_dried,james|and_ella_kibble_and|freeze_dried,0.0,False,,,,
Burns,Burns,mini,dry,burns|mini|dry,0.3142857142857143,False,Burns,Puppy Mini Chicken  Rice,burns|puppy_mini_chicken__rice|dry,dry
Hills Science,Hill's,plan,wet,hill_s|plan|wet,0.0,False,,,,
Arden Grange,Arden Grange,,wet,arden_grange||wet,0.0,False,,,,
Country Dog,Country Dog,premium tray,wet,country_dog|premium_tray|wet,0.0,False,,,,
James Wellbeloved,James Wellbeloved,superfood,dry,james_wellbeloved|superfood|dry,0.0,False,,,,
More,More,,dry,more||dry,0.0,False,,,,
Buddy,Buddy,light,dry,buddy|light|dry,0.275,False,Buddy,Pet Food Wild Caught Salmon,buddy|pet_food_wild_caught_salmon|unknown,dry
Gusto,Gusto,,dry,gusto||dry,0.0,False,,,,
Lovejoys,Lovejoys,pure and simple grain free,wet,lovejoys|pure_and_simple_grain_free|wet,0.0,False,,,,
Natural,Natural,greatness complete light cod,wet,natural|greatness_complete_light_cod|wet,0.0,False,,,,
Amala,Amala,and,wet,amala|and|wet,0.23076923076923078,False,Amala,Fish and Chicken Recipe,amala|fish_and_chicken_recipe|unknown,dry
Eukanuba,Eukanuba,thriving mature toy breed,dry,eukanuba|thriving_mature_toy_breed|dry,0.4150943396226416,False,Eukanuba,Adult Large Breed Lamb  Rice,eukanuba|adult_large_breed_lamb__rice|dry,dry
Forthglade,Forthglade,complete grain free,wet,forthglade|complete_grain_free|wet,0.3157894736842105,False,Forthglade,Salmon Cold Pressed,forthglade|salmon_cold_pressed|unknown,dry
Royal Canin,Royal Canin,maxi dermacomfort,wet,royal_canin|maxi_dermacomfort|wet,0.0,False,,,,
Royal Canin,Royal Canin,bulldog,wet,royal_canin|bulldog|wet,0.0,False,,,,
Hownd,Hownd,plant powered superfood,dry,hownd|plant_powered_superfood|dry,0.0,False,,,,
Millies Wolfheart,Millies Wolfheart,and veg,dry,millies_wolfheart|and_veg|dry,0.0,False,,,,
Country Pursuit,Country Pursuit,original,dry,country_pursuit|original|dry,0.0,False,,,,
Royal Canin,Royal Canin,chihuahua,wet,royal_canin|chihuahua|wet,0.0,False,,,,
Tuggs,Tuggs,fresh food,unknown,tuggs|fresh_food|unknown,0.0,False,,,,
Natural,Natural,greatness ultra premium and mini,dry,natural|greatness_ultra_premium_and_mini|dry,0.0,False,,,,
Langhams,Langhams,snap pack,wet,langhams|snap_pack|wet,0.0,False,,,,
Naturediet,Naturediet,feel good lite,wet,naturediet|feel_good_lite|wet,0.0,False,,,,
Naturo,Naturo,grain and gluten free cans,wet,naturo|grain_and_gluten_free_cans|wet,0.0,False,,,,
Nutriment,Nutriment,,wet,nutriment||wet,0.0,False,,,,
Virbac,Virbac,veterinary hpm and toy,dry,virbac|veterinary_hpm_and_toy|dry,0.0,False,,,,
Animonda,Animonda,integra protect renal,wet,animonda|integra_protect_renal|wet,0.40740740740740744,False,Animonda,animonda GranCarno Original Adult,animonda|animonda_grancarno_original_adult|wet,wet
Ava,Ava,breed health labrador retriever,wet,ava|breed_health_labrador_retriever|wet,0.0,False,,,,
Carnilove,Carnilove,true fresh,dry,carnilove|true_fresh|dry,0.0,False,,,,
Alpha Spirit,Alpha Spirit,semi moist complete,wet,alpha_spirit|semi_moist_complete|wet,0.32142857142857145,False,Alpha Spirit,Alpha Spirit 7 Days Formula (Semi-Moist),alpha_spirit|alpha_spirit_7_days_formula_(semi-moist)|dry,dry
Wagg,Wagg,,wet,wagg||wet,0.0,False,,,,
Pedigree,Pedigree,in loaf tins,wet,pedigree|in_loaf_tins|wet,0.0,False,,,,
Rude,Rude,dog food hypoallergenic,wet,rude|dog_food_hypoallergenic|wet,0.0,False,,,,
Collards,Collards,with potato,dry,collards|with_potato|dry,0.0,False,,,,
Buddy,Buddy,active free range,dry,buddy|active_free_range|dry,0.6439024390243903,False,Buddy,Pet Food Free Range Duck,buddy|pet_food_free_range_duck|unknown,dry
Lukullus,Lukullus,tins grain free,wet,lukullus|tins_grain_free|wet,0.0,False,,,,
Edmondsons,Edmondsons,,dry,edmondsons||dry,0.0,False,,,,
Go,Go,native,wet,go|native|wet,0.0,False,,,,
Natures Deli,Natures Deli,,wet,natures_deli||wet,0.0,False,,,,
More,More,light,wet,more|light|wet,0.0,False,,,,
Natures Deli,Natures Deli,,wet,natures_deli||wet,0.0,False,,,,
Wilsons,Wilsons,insect cold pressed,wet,wilsons|insect_cold_pressed|wet,0.0,False,,,,
Country Dog,Country Dog,premium 1 light,wet,country_dog|premium_1_light|wet,0.0,False,,,,
Nutrivet,Nutrivet,instinct atlantic ten,wet,nutrivet|instinct_atlantic_ten|wet,0.0,False,,,,
Lilys Kitchen,Lilys Kitchen,,wet,lilys_kitchen||wet,0.0,False,,,,
Beta,Beta,light,wet,beta|light|wet,0.43478260869565216,False,Beta,Adult Light Turkey,beta|adult_light_turkey|dry,dry
Pooch,Pooch & Mutt,and mutt hepatic,dry,pooch_mutt|and_mutt_hepatic|dry,0.0,False,,,,
Millies Wolfheart,Millies Wolfheart,obedience mix,dry,millies_wolfheart|obedience_mix|dry,0.0,False,,,,
Natures,Natures,variety complete,freeze_dried,natures|variety_complete|freeze_dried,0.0,False,,,,
Lukullus,Lukullus,veggie,wet,lukullus|veggie|wet,0.0,False,,,,
Pro Plan,Pro Plan,athletic optibalance,dry,pro_plan|athletic_optibalance|dry,0.0,False,,,,
Rinti,Rinti,tins,wet,rinti|tins|wet,0.0,False,,,,
Royal Canin,Royal Canin,mini,wet,royal_canin|mini|wet,0.0,False,,,,
Butchers,Butchers,simply gentle can,wet,butchers|simply_gentle_can|wet,0.8666666666666667,False,Butchers,Simply Gentle,butchers|simply_gentle|unknown,dry
Virbac,Virbac,veterinary hpm baby and,dry,virbac|veterinary_hpm_baby_and|dry,0.0,False,,,,
Southend Dog,Southend Dog,,unknown,southend_dog||unknown,0.0,False,,,,
Pedigree,Pedigree,,wet,pedigree||wet,0.0,False,,,,
Farmina Natural,Farmina Natural,and delicious ancestral grain,dry,farmina_natural|and_delicious_ancestral_grain|dry,0.0,False,,,,
Lifestage,Lifestage,naturals dog food,wet,lifestage|naturals_dog_food|wet,0.0,False,,,,
Naturo,Naturo,grain free trays,wet,naturo|grain_free_trays|wet,0.0,False,,,,
Step,Step,up,wet,step|up|wet,0.0,False,,,,
Pitpat,PitPat,light,wet,pitpat|light|wet,0.0,False,,,,
Alpha Spirit,Alpha Spirit,imperial sausage wild,wet,alpha_spirit|imperial_sausage_wild|wet,0.13793103448275862,False,Alpha Spirit,Alpha Spirit 7 Days Formula (Semi-Moist),alpha_spirit|alpha_spirit_7_days_formula_(semi-moist)|dry,dry
Salubrious,Salubrious,healthy dog food cold pressed grain and gluten free,wet,salubrious|healthy_dog_food_cold_pressed_grain_and_gluten_free|wet,0.0,False,,,,
Carnilove,Carnilove,,dry,carnilove||dry,0.0,False,,,,
Kronch,Kronch,basic,raw,kronch|basic|raw,0.0,False,,,,
Orijen,Orijen,fit and trim,freeze_dried,orijen|fit_and_trim|freeze_dried,0.0,False,,,,
Hills Science,Hill's,plan 1 5 light,wet,hill_s|plan_1_5_light|wet,0.0,False,,,,
Pero,Pero,high meat and grain free,wet,pero|high_meat_and_grain_free|wet,0.0,False,,,,
Barkin,Barkin,bistro special diet and vegetables,raw,barkin|bistro_special_diet_and_vegetables|raw,0.0,False,,,,
Europa,Europa,50 50 grain free,dry,europa|50_50_grain_free|dry,0.0,False,,,,
Wonderdog,Wonderdog,elite,wet,wonderdog|elite|wet,0.0,False,,,,
CSJ,CSJ,herbie nuts,dry,csj|herbie_nuts|dry,0.0,False,,,,
Orlando,Orlando,chunks in gravy,wet,orlando|chunks_in_gravy|wet,0.0,False,,,,
Tribal,Tribal,fresh pressed,dry,tribal|fresh_pressed|dry,0.0,False,,,,
Naturea,Naturea,atlantica,wet,naturea|atlantica|wet,0.0,False,,,,
Eukanuba,Eukanuba,natureplus and,dry,eukanuba|natureplus_and|dry,0.37931034482758624,False,Eukanuba,Adult Dachshund,eukanuba|adult_dachshund|unknown,dry
Canagan,Canagan,puppies,wet,canagan|puppies|wet,0.3076923076923077,False,Canagan,Insect,canagan|insect|dry,dry
Forthglade,Forthglade,complete wholegrain,wet,forthglade|complete_wholegrain|wet,0.2631578947368421,False,Forthglade,Salmon Cold Pressed,forthglade|salmon_cold_pressed|unknown,dry
Autarky,Autarky,mature lite delicious,wet,autarky|mature_lite_delicious|wet,0.84,False,Autarky,Mature Lite Delicious Chicken,autarky|mature_lite_delicious_chicken|dry,dry
Honeys,Honeys,out of season working dog food,unknown,honeys|out_of_season_working_dog_food|unknown,0.0,False,,,,
Ror,ROR,,unknown,ror||unknown,0.0,False,,,,
Mcadams,McAdams,,dry,mcadams||dry,0.0,False,,,,
Belcando,Belcando,m l,wet,belcando|m_l|wet,0.3142857142857143,False,Belcando,Adult Light,belcando|adult_light|unknown,wet
Wolf,Wolf,tucker complete meals,wet,wolf|tucker_complete_meals|wet,0.0,False,,,,
Millies Wolfheart,Millies Wolfheart,highland mix,dry,millies_wolfheart|highland_mix|dry,0.0,False,,,,
Wainwrights,Wainwrights,free run with superfoods,wet,wainwrights|free_run_with_superfoods|wet,0.0,False,,,,
Virbac,Virbac,veterinary hpm neutered dog and,dry,virbac|veterinary_hpm_neutered_dog_and|dry,0.0,False,,,,
Belcando,Belcando,active m xl,raw,belcando|active_m_xl|raw,0.5217391304347826,False,Belcando,Adult Active,belcando|adult_active|unknown,wet
Clinivet,Clinivet,,wet,clinivet||wet,0.0,False,,,,
K9,K9,optimum can,wet,k9|optimum_can|wet,0.0,False,,,,
Wainwrights,Wainwrights,,wet,wainwrights||wet,0.0,False,,,,
Arden Grange,Arden Grange,partners,wet,arden_grange|partners|wet,0.4631578947368421,False,Arden Grange,"Grange Partners Lamb, Rice  Veg","arden|grange_partners_lamb,_rice__veg|wet",wet
Essential,Essential,the beginning,dry,essential|the_beginning|dry,0.0,False,,,,
Hills,Hills,prescription diet gastrointestinal biome stew,wet,hills|prescription_diet_gastrointestinal_biome_stew|wet,0.0,False,,,,
Burns,Burns,organic,wet,burns|organic|wet,0.4375,False,Burns,Original Fish  Brown Rice,burns|original_fish__brown_rice|dry,dry
James Wellbeloved,James Wellbeloved,,dry,james_wellbeloved||dry,0.0,False,,,,
Canagan,Canagan,dental,wet,canagan|dental|wet,0.4444444444444444,False,Canagan,Dental Free-Run Turkey,canagan|dental_free-run_turkey|dry,dry
Wellness,Wellness,core,wet,wellness|core|wet,0.0,False,,,,
Growling,Growling,tums delicate,dry,growling|tums_delicate|dry,0.0,False,,,,
Rawgeous,Rawgeous,single protein meals,wet,rawgeous|single_protein_meals|wet,0.0,False,,,,
Cesar,Cesar,classics,wet,cesar|classics|wet,0.0,False,,,,
Edgard,Edgard,and cooper bio organic kibble,dry,edgard|and_cooper_bio_organic_kibble|dry,0.0,False,,,,
Hills Science,Hill's,plan mature 7 and mini,dry,hill_s|plan_mature_7_and_mini|dry,0.0,False,,,,
Simpsons,Simpsons,premium,dry,simpsons|premium|dry,0.0,False,,,,
Canagan,Canagan,,wet,canagan||wet,0.0,False,,,,
Arden Grange,Arden Grange,,wet,arden_grange||wet,0.0,False,,,,
Dr,Dr,john titanium,wet,dr|john_titanium|wet,0.0,False,,,,
Mcadams,McAdams,sensitive,dry,mcadams|sensitive|dry,0.0,False,,,,
Step,Step,up light and sensitive,dry,step|up_light_and_sensitive|dry,0.0,False,,,,
Applaws,Applaws,,wet,applaws||wet,0.0,False,,,,
Millies Wolfheart,Millies Wolfheart,peak performance,dry,millies_wolfheart|peak_performance|dry,0.0,False,,,,
Belcando,Belcando,power m xl,wet,belcando|power_m_xl|wet,0.47619047619047616,False,Belcando,Junior Maxi,belcando|junior_maxi|unknown,dry
Exe,Exe,valley feed,wet,exe|valley_feed|wet,0.0,False,,,,
Royal Canin,Royal Canin,mini sterilised care,wet,royal_canin|mini_sterilised_care|wet,0.0,False,,,,
Arden Grange,Arden Grange,,wet,arden_grange||wet,0.0,False,,,,
Skinners,Skinners,field and trial,wet,skinners|field_and_trial|wet,0.0,False,,,,
Poppys,Poppys,picnic power balls,raw,poppys|picnic_power_balls|raw,0.0,False,,,,
Concept For,Concept For,life,wet,concept_for|life|wet,0.0,False,,,,
Scrumbles,Scrumbles,complete sensitive,wet,scrumbles|complete_sensitive|wet,0.0,False,,,,
Almo,Almo,nature holistic,dry,almo|nature_holistic|dry,0.5454545454545454,False,Almo,Nature Holistic Puppy With Fresh Chicken,almo|nature_holistic_puppy_with_fresh_chicken|unknown,wet
Seven,Seven,grain free,dry,seven|grain_free|dry,0.0,False,,,,
Wagg,Wagg,,dry,wagg||dry,0.0,False,,,,
James Wellbeloved,James Wellbeloved,,dry,james_wellbeloved||dry,0.0,False,,,,
Darf,Darf,complete,raw,darf|complete|raw,0.0,False,,,,
Ci,Ci,mighty meaty,dry,ci|mighty_meaty|dry,0.0,False,,,,
Feelwells,Feelwells,grain free,dry,feelwells|grain_free|dry,0.0,False,,,,
Pooch,Pooch & Mutt,and mutt,dry,pooch_mutt|and_mutt|dry,0.0,False,,,,
Asda,Asda,naturally nutritious,wet,asda|naturally_nutritious|wet,0.2916666666666667,False,Asda,ASDA Hero Puppy With Chicken,asda|asda_hero_puppy_with_chicken|dry,dry
Royal Canin,Royal Canin,cocker,wet,royal_canin|cocker|wet,0.0,False,,,,
Laughing,Laughing,dog wheat free complete,wet,laughing|dog_wheat_free_complete|wet,0.0,False,,,,
Eukanuba,Eukanuba,active toy breed,wet,eukanuba|active_toy_breed|wet,0.4090909090909091,False,Eukanuba,Adult Large Breed Lamb  Rice,eukanuba|adult_large_breed_lamb__rice|dry,dry
Natural,Natural,instinct,wet,natural|instinct|wet,0.0,False,,,,
Calibra Expert,Calibra Expert,nutrition energy,wet,calibra_expert|nutrition_energy|wet,0.0,False,,,,
Bounce,Bounce,and bella finest grain free,wet,bounce|and_bella_finest_grain_free|wet,0.4838709677419355,False,Bounce,Bella Irresistible Angus Beef Adult,bounce|bella_irresistible_angus_beef_adult|unknown,dry
Luna,Luna,and me,raw,luna|and_me|raw,0.0,False,,,,
Freshpet,Freshpet,select rolls,wet,freshpet|select_rolls|wet,0.0,False,,,,
Ava,Ava,mature,wet,ava|mature|wet,0.0,False,,,,
Concept For,Concept For,life labrador retriever,dry,concept_for|life_labrador_retriever|dry,0.0,False,,,,
Natures Menu,Natures Menu,original nuggets active,unknown,natures_menu|original_nuggets_active|unknown,0.0,False,,,,
Royal Canin,Royal Canin,mini light weight care,wet,royal_canin|mini_light_weight_care|wet,0.0,False,,,,
Concept For,Concept For,life,wet,concept_for|life|wet,0.0,False,,,,
Natural,Natural,greatness ultra premium mini breed,dry,natural|greatness_ultra_premium_mini_breed|dry,0.0,False,,,,
Wellness,Wellness,core,wet,wellness|core|wet,0.0,False,,,,
Cobbydog,Cobbydog,optimum cold pressed,wet,cobbydog|optimum_cold_pressed|wet,0.0,False,,,,
Wainwrights,Wainwrights,grain free,wet,wainwrights|grain_free|wet,0.0,False,,,,
Burns,Burns,original,wet,burns|original|wet,0.48484848484848486,False,Burns,Puppy Original Lamb  Rice,burns|puppy_original_lamb__rice|dry,dry
Scrumbles,Scrumbles,puppies and toys,wet,scrumbles|puppies_and_toys|wet,0.0,False,,,,
Millies Wolfheart,Millies Wolfheart,forager,dry,millies_wolfheart|forager|dry,0.0,False,,,,
Natures Menu,Natures Menu,original cans,wet,natures_menu|original_cans|wet,0.0,False,,,,
Lifestage,Lifestage,,wet,lifestage||wet,0.0,False,,,,
Simpsons,Simpsons,premium,dry,simpsons|premium|dry,0.0,False,,,,
K9,K9,optimum maxi breed,wet,k9|optimum_maxi_breed|wet,0.0,False,,,,
Edmondsons,Edmondsons,,dry,edmondsons||dry,0.0,False,,,,
Nourish,Nourish,grain free,wet,nourish|grain_free|wet,0.0,False,,,,
Hills Science,Hill's,plan 1 6 and mini with,dry,hill_s|plan_1_6_and_mini_with|dry,0.0,False,,,,
Wainwrights,Wainwrights,mature,wet,wainwrights|mature|wet,0.0,False,,,,
Yarrah,Yarrah,vega,wet,yarrah|vega|wet,0.0,False,,,,
Bakers,Bakers,,dry,bakers||dry,0.0,False,,,,
Arkwrights,Arkwrights,complete,dry,arkwrights|complete|dry,0.4512820512820513,False,Arkwrights,Sensitive Complete with Chicken,arkwrights|sensitive_complete_with_chicken|unknown,dry
Paleo,Paleo,ridge essentials,wet,paleo|ridge_essentials|wet,0.0,False,,,,
Acana,Acana,recipe,raw,acana|recipe|raw,0.6666666666666666,False,Acana,Puppy Recipe,acana|puppy_recipe|dry,dry
Wolf of Wilderness,Wolf of Wilderness,,raw,wolf_of_wilderness||raw,0.0,False,,,,
Beta,Beta,,wet,beta||wet,0.0,False,,,,
Butchers,Butchers,succulent recipes foil,wet,butchers|succulent_recipes_foil|wet,0.5599999999999999,False,Butchers,Grain Free Adult Recipes In Jelly,butchers|grain_free_adult_recipes_in_jelly|unknown,wet
Natures Menu,Natures Menu,original nuggets,wet,natures_menu|original_nuggets|wet,0.0,False,,,,
Hills Science,Hill's,plan mature 7 light,dry,hill_s|plan_mature_7_light|dry,0.0,False,,,,
Vets,Vets,kitchen sensitive care,wet,vets|kitchen_sensitive_care|wet,0.0,False,,,,
Icepaw,Icepaw,reset pure 23 11,dry,icepaw|reset_pure_23_11|dry,0.0,False,,,,
Natures,Natures,way grain free mature,dry,natures|way_grain_free_mature|dry,0.0,False,,,,
Lovel,Lovel,fresh,raw,lovel|fresh|raw,0.0,False,,,,
Fish4Dogs,Fish4Dogs,superior weight control bite,wet,fish4dogs|superior_weight_control_bite|wet,0.0,False,,,,
Skippers,Skippers,ocean feast,dry,skippers|ocean_feast|dry,0.0,False,,,,
Almo,Almo,nature holistic,dry,almo|nature_holistic|dry,0.5454545454545454,False,Almo,Nature Holistic Puppy With Fresh Chicken,almo|nature_holistic_puppy_with_fresh_chicken|unknown,wet
Greenacres,GreenAcres,light,wet,greenacres|light|wet,0.0,False,,,,
Salubrious,Salubrious,healthy dog food cold pressed with grains,raw,salubrious|healthy_dog_food_cold_pressed_with_grains|raw,0.0,False,,,,
Bosch,Bosch,active,wet,bosch|active|wet,0.3157894736842105,False,Bosch,Organic Adult,bosch|organic_adult|unknown,dry
Thrive,Thrive,premiumplus,dry,thrive|premiumplus|dry,0.0,False,,,,
Royal Canin,Royal Canin,miniature schnauzer,wet,royal_canin|miniature_schnauzer|wet,0.0,False,,,,
Carnilove,Carnilove,true fresh and healthy weight,wet,carnilove|true_fresh_and_healthy_weight|wet,0.0,False,,,,
Acana,Acana,highest protein,wet,acana|highest_protein|wet,0.8048780487804879,False,Acana,Highest Protein Ranchlands,acana|highest_protein_ranchlands|unknown,wet
Gelert,Gelert,country choice performance,wet,gelert|country_choice_performance|wet,0.0,False,,,,
Dr,Dr,john gold,wet,dr|john_gold|wet,0.0,False,,,,
Fish4Dogs,Fish4Dogs,finest toy breed,dry,fish4dogs|finest_toy_breed|dry,0.0,False,,,,
Lifestage,Lifestage,,wet,lifestage||wet,0.0,False,,,,
Naturea,Naturea,growth,wet,naturea|growth|wet,0.0,False,,,,
Royal Canin,Royal Canin,satiety weight management dog,dry,royal_canin|satiety_weight_management_dog|dry,0.0,False,,,,
Naturo,Naturo,grain and gluten free cans,wet,naturo|grain_and_gluten_free_cans|wet,0.0,False,,,,
Virbac,Virbac,veterinary hpm special,dry,virbac|veterinary_hpm_special|dry,0.0,False,,,,
Canine,Canine,choice,wet,canine|choice|wet,0.0,False,,,,
Tesco,Tesco,natures choice,dry,tesco|natures_choice|dry,0.0,False,,,,
Royal Canin,Royal Canin,veterinary health nutrition mature,wet,royal_canin|veterinary_health_nutrition_mature|wet,0.0,False,,,,
Ydolo,Ydolo,,wet,ydolo||wet,0.0,False,,,,
Millies Wolfheart,Millies Wolfheart,utility mix,dry,millies_wolfheart|utility_mix|dry,0.0,False,,,,
Pedigree,Pedigree,tins with jelly,wet,pedigree|tins_with_jelly|wet,0.0,False,,,,
Gentle,Gentle,tinned,wet,gentle|tinned|wet,0.0,False,,,,
Little,Little,bigpaw complete food for and toy dogs,wet,little|bigpaw_complete_food_for_and_toy_dogs|wet,0.0,False,,,,
Natures,Natures,harvest grain free,wet,natures|harvest_grain_free|wet,0.0,False,,,,
Platinum,Platinum,vetactive light,raw,platinum|vetactive_light|raw,0.0,False,,,,
Royal Canin,Royal Canin,dachshund,wet,royal_canin|dachshund|wet,0.0,False,,,,
Winner,Winner,lite,wet,winner|lite|wet,0.0,False,,,,
Eden,Eden,sporting and working,wet,eden|sporting_and_working|wet,0.0,False,,,,
Platinum,Platinum,,raw,platinum||raw,0.0,False,,,,
Earls,Earls,pouches in jelly,wet,earls|pouches_in_jelly|wet,0.0,False,,,,
Seven,Seven,grain free light,wet,seven|grain_free_light|wet,0.0,False,,,,
Pooch,Pooch & Mutt,and mutt,dry,pooch_mutt|and_mutt|dry,0.0,False,,,,
Nourish,Nourish,grain free,dry,nourish|grain_free|dry,0.0,False,,,,
Skinners,Skinners,ruff and ready,wet,skinners|ruff_and_ready|wet,0.0,False,,,,
Country Dog,Country Dog,premium 1 tray,wet,country_dog|premium_1_tray|wet,0.0,False,,,,
Lilys Kitchen,Lilys Kitchen,organic trays,wet,lilys_kitchen|organic_trays|wet,0.0,False,,,,
Essential,Essential,contour pate,wet,essential|contour_pate|wet,0.0,False,,,,
Trophy,Trophy,lifestyle special,dry,trophy|lifestyle_special|dry,0.0,False,,,,
Poppys,Poppys,picnic power follow on paste,raw,poppys|picnic_power_follow_on_paste|raw,0.0,False,,,,
Iams,Iams,advanced nutrition and,dry,iams|advanced_nutrition_and|dry,0.0,False,,,,
Farmina Natural,Farmina Natural,and delicious mini and,dry,farmina_natural|and_delicious_mini_and|dry,0.0,False,,,,
Naturo,Naturo,,dry,naturo||dry,0.0,False,,,,
Acana,Acana,recipe,raw,acana|recipe|raw,0.6666666666666666,False,Acana,Puppy Recipe,acana|puppy_recipe|dry,dry
Step,Step,up grain free,dry,step|up_grain_free|dry,0.0,False,,,,
Concept For,Concept For,life golden retriever,wet,concept_for|life_golden_retriever|wet,0.0,False,,,,
Buddy,Buddy,,dry,buddy||dry,0.0,False,,,,
Carnilove,Carnilove,true fresh,dry,carnilove|true_fresh|dry,0.0,False,,,,
Primal,Primal,spirit iberian complete canned,wet,primal|spirit_iberian_complete_canned|wet,0.0,False,,,,
James Wellbeloved,James Wellbeloved,,wet,james_wellbeloved||wet,0.0,False,,,,
Tails,Tails,com example recipes hypoallergenic,dry,tails|com_example_recipes_hypoallergenic|dry,0.0,False,,,,
Earls,Earls,worker complete,dry,earls|worker_complete|dry,0.0,False,,,,
Arden Grange,Arden Grange,,dry,arden_grange||dry,0.0,False,,,,
Edmondsons,Edmondsons,light,wet,edmondsons|light|wet,0.0,False,,,,
Bella,Bella,and duke complete 7c working dog,unknown,bella|and_duke_complete_7c_working_dog|unknown,0.0,False,,,,
Wellness,Wellness,core,wet,wellness|core|wet,0.0,False,,,,
Lovejoys,Lovejoys,original,dry,lovejoys|original|dry,0.0,False,,,,
Husse,Husse,light,wet,husse|light|wet,0.0,False,,,,
Cooper,Cooper,and co fussy,dry,cooper|and_co_fussy|dry,0.0,False,,,,
Clinivet,Clinivet,,wet,clinivet||wet,0.0,False,,,,
Applaws,Applaws,all breeds,wet,applaws|all_breeds|wet,0.5142857142857142,False,Applaws,Adult Large Breed Chicken,applaws|adult_large_breed_chicken|dry,dry
Leader,Leader,,wet,leader||wet,0.0,False,,,,
Amazon,Amazon,,wet,amazon||wet,0.0,False,,,,
Purizon,Purizon,grain free,dry,purizon|grain_free|dry,0.0,False,,,,
Beco,Beco,,dry,beco||dry,0.0,False,,,,
Pets at Home,Pets at Home,complete nutrition,wet,pets_at_home|complete_nutrition|wet,0.0,False,,,,
Darf,Darf,complete light,raw,darf|complete_light|raw,0.0,False,,,,
Wolf of Wilderness,Wolf of Wilderness,,wet,wolf_of_wilderness||wet,0.0,False,,,,
Royal Canin,Royal Canin,digestive care,wet,royal_canin|digestive_care|wet,0.0,False,,,,
Natural,Natural,greatness complete,wet,natural|greatness_complete|wet,0.0,False,,,,
Walker,Walker,and drake,wet,walker|and_drake|wet,0.0,False,,,,
Step,Step,up,wet,step|up|wet,0.0,False,,,,
Leader,Leader,,dry,leader||dry,0.0,False,,,,
Natures Menu,Natures Menu,original pouches light,wet,natures_menu|original_pouches_light|wet,0.0,False,,,,
Natures Deli,Natures Deli,grain free,wet,natures_deli|grain_free|wet,0.0,False,,,,
Naturea,Naturea,naturals,wet,naturea|naturals|wet,0.0,False,,,,
Country Dog,Country Dog,premium 1,wet,country_dog|premium_1|wet,0.0,False,,,,
Naturediet,Naturediet,feel good,wet,naturediet|feel_good|wet,0.0,False,,,,
Simpsons,Simpsons,premium,wet,simpsons|premium|wet,0.0,False,,,,
Akela,Akela,80 20 original,wet,akela|80_20_original|wet,0.34615384615384615,False,Akela,80:20 Suffolk Duck Complete Working Dog,akela|80:20_suffolk_duck_complete_working_dog|unknown,dry
Nutrivet,Nutrivet,instinct,wet,nutrivet|instinct|wet,0.0,False,,,,
Nutriwolds,Nutriwolds,complete single source supper,raw,nutriwolds|complete_single_source_supper|raw,0.0,False,,,,
Akela,Akela,80 20 suffolk,wet,akela|80_20_suffolk|wet,0.47058823529411764,False,Akela,80:20 Suffolk Duck Complete Working Dog,akela|80:20_suffolk_duck_complete_working_dog|unknown,dry
Earls,Earls,select tender pate,wet,earls|select_tender_pate|wet,0.0,False,,,,
Arden Grange,Arden Grange,weaning,wet,arden_grange|weaning|wet,0.5384615384615384,False,Arden Grange,Grange Weaning/Puppy,arden|grange_weaning/puppy|unknown,dry
Lovejoys,Lovejoys,original,wet,lovejoys|original|wet,0.0,False,,,,
Sainsburys,Sainsburys,complete nutrition cans,wet,sainsburys|complete_nutrition_cans|wet,0.0,False,,,,
Farmina Natural,Farmina Natural,and delicious ancestral grain mini,dry,farmina_natural|and_delicious_ancestral_grain_mini|dry,0.0,False,,,,
Naturo,Naturo,light trays,wet,naturo|light_trays|wet,0.0,False,,,,
Step,Step,up,wet,step|up|wet,0.0,False,,,,
K9,K9,optimum maxi,dry,k9|optimum_maxi|dry,0.0,False,,,,
Feelwells,Feelwells,grain free,dry,feelwells|grain_free|dry,0.0,False,,,,
Nourish,Nourish,grain free,wet,nourish|grain_free|wet,0.0,False,,,,
Pets,Pets,love fresh,wet,pets|love_fresh|wet,0.0,False,,,,
Cobbydog,Cobbydog,and ocean tray,wet,cobbydog|and_ocean_tray|wet,0.0,False,,,,
Carnilove,Carnilove,,dry,carnilove||dry,0.0,False,,,,
Bonacibo,Bonacibo,can,wet,bonacibo|can|wet,0.0,False,,,,
Iams,Iams,advanced nutrition,dry,iams|advanced_nutrition|dry,0.0,False,,,,
Platinum,Platinum,vetactive,raw,platinum|vetactive|raw,0.0,False,,,,
Bob and Lush,Bob & Lush,,wet,bob_lush||wet,0.0,False,,,,
Royal Canin,Royal Canin,light weight care,wet,royal_canin|light_weight_care|wet,0.0,False,,,,
Bella,Bella,and duke complete superfoods,raw,bella|and_duke_complete_superfoods|raw,0.0,False,,,,
Seven,Seven,grain free,wet,seven|grain_free|wet,0.0,False,,,,
Burns,Burns,and original,wet,burns|and_original|wet,0.4864864864864865,False,Burns,Puppy Original Lamb  Rice,burns|puppy_original_lamb__rice|dry,dry
Tilly,Tilly,and ted,wet,tilly|and_ted|wet,0.0,False,,,,
Royal Canin,Royal Canin,cocker,wet,royal_canin|cocker|wet,0.0,False,,,,
Lilys Kitchen,Lilys Kitchen,organic trays,wet,lilys_kitchen|organic_trays|wet,0.0,False,,,,
Wonderdog,Wonderdog,premium hypoallergenic and rice,wet,wonderdog|premium_hypoallergenic_and_rice|wet,0.0,False,,,,
Symply,Symply,feast trays,wet,symply|feast_trays|wet,0.0,False,,,,
Paws,Paws,on plates complete fresh,unknown,paws|on_plates_complete_fresh|unknown,0.0,False,,,,
Butchers,Butchers,healthy heart can,wet,butchers|healthy_heart_can|wet,0.3829787234042553,False,Butchers,Recovery  Revive Adult Chicken,butchers|recovery__revive_adult_chicken|unknown,dry
Burgess,Burgess,supadog finest greyhound and lurcher,wet,burgess|supadog_finest_greyhound_and_lurcher|wet,0.49122807017543857,False,Burgess,Supadog Chicken Adult,burgess|supadog_chicken_adult|unknown,dry
Carnilove,Carnilove,,wet,carnilove||wet,0.0,False,,,,
Lifestage,Lifestage,grain free,wet,lifestage|grain_free|wet,0.0,False,,,,
Collards,Collards,older overweight and rice,wet,collards|older_overweight_and_rice|wet,0.0,False,,,,
Darf,Darf,complete wild,raw,darf|complete_wild|raw,0.0,False,,,,
Honeys,Honeys,lean,raw,honeys|lean|raw,0.0,False,,,,
Butchers,Butchers,traditional recipes foil,wet,butchers|traditional_recipes_foil|wet,0.8837209302325582,False,Butchers,Traditional Recipes,butchers|traditional_recipes|unknown,dry
Symply,Symply,,dry,symply||dry,0.0,False,,,,
Wainwrights,Wainwrights,superfood trays,wet,wainwrights|superfood_trays|wet,0.0,False,,,,
Hills Science,Hill's,plan 1 6 light,wet,hill_s|plan_1_6_light|wet,0.0,False,,,,
Country Dog,Country Dog,original 1,dry,country_dog|original_1|dry,0.0,False,,,,
Chudleys,Chudleys,sensitive,wet,chudleys|sensitive|wet,0.0,False,,,,
Eden,Eden,gourmet range,wet,eden|gourmet_range|wet,0.0,False,,,,
Dr,Dr,john grain free,wet,dr|john_grain_free|wet,0.0,False,,,,
Symply,Symply,,dry,symply||dry,0.0,False,,,,
Percuro,Percuro,,wet,percuro||wet,0.0,False,,,,
Wainwrights,Wainwrights,mature,dry,wainwrights|mature|dry,0.0,False,,,,
Country Dog,Country Dog,premium 7,wet,country_dog|premium_7|wet,0.0,False,,,,
Akela,Akela,working dog food,wet,akela|working_dog_food|wet,0.6153846153846154,False,Akela,90:10 Ultra Complete Working Dog Food,akela|90:10_ultra_complete_working_dog_food|unknown,dry
Different,Different,dog,unknown,different|dog|unknown,0.20689655172413793,False,Different,Dog Low Purine  Phosphorus,different|dog_low_purine__phosphorus|unknown,dry
Natures Deli,Natures Deli,,wet,natures_deli||wet,0.0,False,,,,
Cobbydog,Cobbydog,immunity impact cold pressed,wet,cobbydog|immunity_impact_cold_pressed|wet,0.0,False,,,,
Wellness,Wellness,core,wet,wellness|core|wet,0.0,False,,,,
Orijen,Orijen,,freeze_dried,orijen||freeze_dried,0.0,False,,,,
Percuro,Percuro,,wet,percuro||wet,0.0,False,,,,
Europa,Europa,nutrition and rice,wet,europa|nutrition_and_rice|wet,0.0,False,,,,
Skinners,Skinners,field and trial muesli mix,wet,skinners|field_and_trial_muesli_mix|wet,0.0,False,,,,
Pedigree,Pedigree,tins with jelly,wet,pedigree|tins_with_jelly|wet,0.0,False,,,,
Wolf of Wilderness,Wolf of Wilderness,soft,wet,wolf_of_wilderness|soft|wet,0.0,False,,,,
Clinivet,Clinivet,energy,wet,clinivet|energy|wet,0.0,False,,,,
Kronch,Kronch,optimal,dry,kronch|optimal|dry,0.0,False,,,,
Orygo,Orygo,pate,wet,orygo|pate|wet,0.0,False,,,,
Essential,Essential,contour,dry,essential|contour|dry,0.0,False,,,,
Rinti,Rinti,tins,wet,rinti|tins|wet,0.0,False,,,,
Akela,Akela,80 20 scottish,dry,akela|80_20_scottish|dry,0.44000000000000006,False,Akela,80:20 Scottish Salmon Complete Working Dog/Puppy Food,akela|80:20_scottish_salmon_complete_working_dog/puppy_food|unknown,dry
Orijen,Orijen,,freeze_dried,orijen||freeze_dried,0.0,False,,,,
Bella,Bella,and duke complete 7c premium,raw,bella|and_duke_complete_7c_premium|raw,0.0,False,,,,
Grub,Grub,club steam cooked,wet,grub|club_steam_cooked|wet,0.0,False,,,,
Healthy,Healthy,paws,wet,healthy|paws|wet,0.0,False,,,,
James,James,and ella cold pressed,dry,james|and_ella_cold_pressed|dry,0.0,False,,,,
Ava,Ava,,wet,ava||wet,0.0,False,,,,
Collards,Collards,and rice,wet,collards|and_rice|wet,0.0,False,,,,
Bella,Bella,and duke complete 7c premium,wet,bella|and_duke_complete_7c_premium|wet,0.0,False,,,,
Applaws,Applaws,,dry,applaws||dry,0.0,False,,,,
Wagg,Wagg,,dry,wagg||dry,0.0,False,,,,
Nutribalance,Nutribalance,,wet,nutribalance||wet,0.0,False,,,,
Wilko,Wilko,natures best tins,wet,wilko|natures_best_tins|wet,0.0,False,,,,
Animonda,Animonda,integra protect intestinal,wet,animonda|integra_protect_intestinal|wet,0.4474576271186441,False,Animonda,animonda GranCarno Original Adult,animonda|animonda_grancarno_original_adult|wet,wet
Skinners,Skinners,field and trial foods and,wet,skinners|field_and_trial_foods_and|wet,0.0,False,,,,
Lovel,Lovel,,wet,lovel||wet,0.0,False,,,,
Natures Menu,Natures Menu,original pouches,wet,natures_menu|original_pouches|wet,0.0,False,,,,
Millies Wolfheart,Millies Wolfheart,tracker mix,wet,millies_wolfheart|tracker_mix|wet,0.0,False,,,,
Wainwrights,Wainwrights,grain free,wet,wainwrights|grain_free|wet,0.0,False,,,,
Workinghprs,WorkingHPRs,grain free,dry,workinghprs|grain_free|dry,0.0,False,,,,
Naturediet,Naturediet,feel good grain free,wet,naturediet|feel_good_grain_free|wet,0.0,False,,,,
Nutriment,Nutriment,leo and wolf meatballs,raw,nutriment|leo_and_wolf_meatballs|raw,0.0,False,,,,
Hills Science,Hill's,plan 1 5,wet,hill_s|plan_1_5|wet,0.0,False,,,,
Eukanuba,Eukanuba,caring,dry,eukanuba|caring|dry,0.264,False,Eukanuba,Adult Boxer Chicken,eukanuba|adult_boxer_chicken|dry,dry
Royal Canin,Royal Canin,maxi,wet,royal_canin|maxi|wet,0.0,False,,,,
Country Dog,Country Dog,premium grain free 1,wet,country_dog|premium_grain_free_1|wet,0.0,False,,,,
Fish4Dogs,Fish4Dogs,superior complete bite,wet,fish4dogs|superior_complete_bite|wet,0.0,False,,,,
Lifestage,Lifestage,grain free,raw,lifestage|grain_free|raw,0.0,False,,,,
Symply,Symply,,dry,symply||dry,0.0,False,,,,
Primal,Primal,spirit complete rebel farm,dry,primal|spirit_complete_rebel_farm|dry,0.0,False,,,,
Farmina Natural,Farmina Natural,and delicious ancestral grain light mini and,dry,farmina_natural|and_delicious_ancestral_grain_light_mini_and|dry,0.0,False,,,,
Pets at Home,Pets at Home,essentials complete chunks in jelly,wet,pets_at_home|essentials_complete_chunks_in_jelly|wet,0.0,False,,,,
Symply,Symply,fuel trays,wet,symply|fuel_trays|wet,0.0,False,,,,
Bug,Bug,bakes grain free,wet,bug|bakes_grain_free|wet,1.0,False,Bug,Bakes Grain Free,bug|bakes_grain_free|dry,dry
Wellness,Wellness,core 95 percent,wet,wellness|core_95_percent|wet,0.0,False,,,,
Natures Deli,Natures Deli,grain free,wet,natures_deli|grain_free|wet,0.0,False,,,,
Rosies,Rosies,farm country style,dry,rosies|farm_country_style|dry,0.0,False,,,,
Earls,Earls,cans in gravy,wet,earls|cans_in_gravy|wet,0.0,False,,,,
Essential,Essential,older,dry,essential|older|dry,0.0,False,,,,
Alpha,Alpha,grain free,dry,alpha|grain_free|dry,0.4782608695652174,False,Alpha,"Feeds Grain Free Chicken, Potato  Veg","alpha|feeds_grain_free_chicken,_potato__veg|unknown",dry
Orygo,Orygo,pate,wet,orygo|pate|wet,0.0,False,,,,
Yarrah,Yarrah,grain free,wet,yarrah|grain_free|wet,0.0,False,,,,
Naked,Naked,dog superfoods,unknown,naked|dog_superfoods|unknown,0.0,False,,,,
Skinners,Skinners,life,dry,skinners|life|dry,0.0,False,,,,
Tesco,Tesco,natures choice,wet,tesco|natures_choice|wet,0.0,False,,,,
Trophy,Trophy,lifestyle rice and veg,dry,trophy|lifestyle_rice_and_veg|dry,0.0,False,,,,
Hills Science,Hill's,plan 1 performance,wet,hill_s|plan_1_performance|wet,0.0,False,,,,
Piccolo,Piccolo,smaller dogs,dry,piccolo|smaller_dogs|dry,0.0,False,,,,
Benevo,Benevo,organic,dry,benevo|organic|dry,0.41904761904761906,False,Benevo,Adult Original,benevo|adult_original|dry,dry
Raaw,Raaw,dog food,wet,raaw|dog_food|wet,0.0,False,,,,
James Wellbeloved,James Wellbeloved,pouches,wet,james_wellbeloved|pouches|wet,0.0,False,,,,
Leader,Leader,,dry,leader||dry,0.0,False,,,,
Billy,Billy,and margot cans,raw,billy|and_margot_cans|raw,0.45454545454545453,False,Billy,Margot Salmon Superfood Blend,billy|margot_salmon_superfood_blend|dry,dry
Paleo,Paleo,ridge paleo plus,unknown,paleo|ridge_paleo_plus|unknown,0.0,False,,,,
Benyfit,Benyfit,natural,raw,benyfit|natural|raw,0.5923076923076923,False,Benyfit,Natural Beef  Tripe,benyfit|natural_beef__tripe|raw,raw
Guru,Guru,tasty tucker,wet,guru|tasty_tucker|wet,0.0,False,,,,
Icepaw,Icepaw,pure 29 17,dry,icepaw|pure_29_17|dry,0.0,False,,,,
Royal Canin,Royal Canin,maxi,wet,royal_canin|maxi|wet,0.0,False,,,,
Millies Wolfheart,Millies Wolfheart,gundog mix,wet,millies_wolfheart|gundog_mix|wet,0.0,False,,,,
Gelert,Gelert,country choice performance,wet,gelert|country_choice_performance|wet,0.0,False,,,,
Chudleys,Chudleys,working crunch,dry,chudleys|working_crunch|dry,0.0,False,,,,
Eden,Eden,80 20 kibble,wet,eden|80_20_kibble|wet,0.0,False,,,,
Harringtons,Harringtons,superfood grain free,dry,harringtons|superfood_grain_free|dry,0.0,False,,,,
Wainwrights,Wainwrights,mature grain free,wet,wainwrights|mature_grain_free|wet,0.0,False,,,,
Green,Green,pantry calm and relax,wet,green|pantry_calm_and_relax|wet,0.0,False,,,,
Seven,Seven,grain free,dry,seven|grain_free|dry,0.0,False,,,,
Years,Years,complete nutrition system,wet,years|complete_nutrition_system|wet,0.0,False,,,,
