our_product_key,opff_id,score,components,status,brand_slug
"applaws|adult_chicken,_salmon__vegetables|wet",5060122491433,0.8712121212121212,"{""token_jaccard"": 1.0, ""protein_overlap"": 1.0, ""char_fuzzy"": 0.6060606060606061, ""form_lifestage"": 0.5}",auto,applaws
"applaws|applaws_adult_chicken,_salmon_&_vegetables|wet",5060122491433,0.8712121212121212,"{""token_jaccard"": 1.0, ""protein_overlap"": 1.0, ""char_fuzzy"": 0.6060606060606061, ""form_lifestage"": 0.5}",auto,applaws
affinity|advance_medium_puppy|unknown,8410650200408,0.6833333333333333,"{""token_jaccard"": 1.0, ""protein_overlap"": 0, ""char_fuzzy"": 0.6666666666666666, ""form_lifestage"": 0.5}",needs_review,affinity
acana|acana_puppy_large_breed_recipe|dry,0064992500115,0.6447368421052632,"{""token_jaccard"": 1.0, ""protein_overlap"": 0, ""char_fuzzy"": 0.47368421052631576, ""form_lifestage"": 0.5}",needs_review,acana
acana|acana_puppy_recipe|dry,0064992500115,0.6269230769230769,"{""token_jaccard"": 1.0, ""protein_overlap"": 0, ""char_fuzzy"": 0.38461538461538464, ""form_lifestage"": 0.5}",needs_review,acana
acana|acana_puppy_small_breed_recipe|dry,0064992500115,0.6342105263157896,"{""token_jaccard"": 1.0, ""protein_overlap"": 0, ""char_fuzzy"": 0.42105263157894735, ""form_lifestage"": 0.5}",needs_review,acana
acana|puppy_large_breed_recipe|dry,0064992500115,0.6447368421052632,"{""token_jaccard"": 1.0, ""protein_overlap"": 0, ""char_fuzzy"": 0.47368421052631576, ""form_lifestage"": 0.5}",needs_review,acana
acana|puppy_recipe|dry,0064992500115,0.6269230769230769,"{""token_jaccard"": 1.0, ""protein_overlap"": 0, ""char_fuzzy"": 0.38461538461538464, ""form_lifestage"": 0.5}",needs_review,acana
acana|puppy_small_breed_recipe|dry,0064992500115,0.6342105263157896,"{""token_jaccard"": 1.0, ""protein_overlap"": 0, ""char_fuzzy"": 0.42105263157894735, ""form_lifestage"": 0.5}",needs_review,acana
advance|adult_medium|dry,8410650160467,0.6217948717948718,"{""token_jaccard"": 1.0, ""protein_overlap"": 0, ""char_fuzzy"": 0.358974358974359, ""form_lifestage"": 0.5}",needs_review,advance
advance|advance_yorkshire_terrier_adult|dry,8410650160467,0.646,"{""token_jaccard"": 1.0, ""protein_overlap"": 0, ""char_fuzzy"": 0.48, ""form_lifestage"": 0.5}",needs_review,advance
affinity|advance_adult_french_bulldog|unknown,8410650162270,0.08571428571428572,"{""token_jaccard"": 0.0, ""protein_overlap"": 0, ""char_fuzzy"": 0.42857142857142855, ""form_lifestage"": 0.0}",rejected,affinity
affinity|advance_maxi_adult_chicken__rice|unknown,8410650200408,0.08800000000000001,"{""token_jaccard"": 0.0, ""protein_overlap"": 0.0, ""char_fuzzy"": 0.44, ""form_lifestage"": 0.0}",rejected,affinity
affinity|advance_maxi_light_chicken__rice|unknown,8410650162270,0.10566037735849057,"{""token_jaccard"": 0.0, ""protein_overlap"": 0.0, ""char_fuzzy"": 0.5283018867924528, ""form_lifestage"": 0.0}",rejected,affinity
affinity|advance_maxi_puppy_chicken__rice|unknown,8410650200408,0.428,"{""token_jaccard"": 0.5, ""protein_overlap"": 0.0, ""char_fuzzy"": 0.64, ""form_lifestage"": 0.5}",rejected,affinity
affinity|advance_maxi_senior_vitality_chicken__rice|unknown,3700260215691,0.36363636363636365,"{""token_jaccard"": 0.5, ""protein_overlap"": 0.0, ""char_fuzzy"": 0.3181818181818182, ""form_lifestage"": 0.5}",rejected,affinity
affinity|advance_medium_adult_chicken__rice|unknown,8410650200408,0.1,"{""token_jaccard"": 0.0, ""protein_overlap"": 0.0, ""char_fuzzy"": 0.5, ""form_lifestage"": 0.0}",rejected,affinity
affinity|advance_mini_light_chicken__rice|unknown,8410650162270,0.10566037735849057,"{""token_jaccard"": 0.0, ""protein_overlap"": 0.0, ""char_fuzzy"": 0.5283018867924528, ""form_lifestage"": 0.0}",rejected,affinity
affinity|advance_mini_senior_8_chicken__rice|unknown,3700260215691,0.3790123456790123,"{""token_jaccard"": 0.5, ""protein_overlap"": 0.0, ""char_fuzzy"": 0.3950617283950617, ""form_lifestage"": 0.5}",rejected,affinity
affinity|ultima_medium/_maxi_adult_with_beef|unknown,8410650220246,0.09491525423728814,"{""token_jaccard"": 0.0, ""protein_overlap"": 0.0, ""char_fuzzy"": 0.4745762711864407, ""form_lifestage"": 0.0}",rejected,affinity
affinity|ultima_medium/_maxi_golden__labrador_with_chicken|unknown,3700260215691,0.0723404255319149,"{""token_jaccard"": 0.0, ""protein_overlap"": 0.0, ""char_fuzzy"": 0.3617021276595745, ""form_lifestage"": 0.0}",rejected,affinity
affinity|ultima_medium/_maxi_light_in_fat_chicken|unknown,8410650220277,0.09565217391304348,"{""token_jaccard"": 0.0, ""protein_overlap"": 0.0, ""char_fuzzy"": 0.4782608695652174, ""form_lifestage"": 0.0}",rejected,affinity
affinity|ultima_medium/maxi_digestive_wellbeing_with_salmon|unknown,8410650220246,0.06933333333333334,"{""token_jaccard"": 0.0, ""protein_overlap"": 0.0, ""char_fuzzy"": 0.3466666666666667, ""form_lifestage"": 0.0}",rejected,affinity
affinity|ultima_medium/maxi_junior_chicken|unknown,8410650200408,0.33076923076923076,"{""token_jaccard"": 0.5, ""protein_overlap"": 0.0, ""char_fuzzy"": 0.15384615384615385, ""form_lifestage"": 0.5}",rejected,affinity
affinity|ultima_medium/maxi_senior_chicken|unknown,3700260215691,0.39499999999999996,"{""token_jaccard"": 0.5, ""protein_overlap"": 0.0, ""char_fuzzy"": 0.475, ""form_lifestage"": 0.5}",rejected,affinity
affinity|ultima_nature_medium/maxi_beef|unknown,8410650220246,0.12363636363636364,"{""token_jaccard"": 0.0, ""protein_overlap"": 0.0, ""char_fuzzy"": 0.6181818181818182, ""form_lifestage"": 0.0}",rejected,affinity
brit|adult_lamb__rice|dry,8594031444923,0.08275862068965517,"{""token_jaccard"": 0.0, ""protein_overlap"": 0.0, ""char_fuzzy"": 0.41379310344827586, ""form_lifestage"": 0.0}",rejected,brit
brit|adult_large_breed_chicken|dry,8594031444923,0.05128205128205128,"{""token_jaccard"": 0.0, ""protein_overlap"": 0.0, ""char_fuzzy"": 0.2564102564102564, ""form_lifestage"": 0.0}",rejected,brit
brit|adult_light|dry,8594031444923,0.06315789473684211,"{""token_jaccard"": 0.0, ""protein_overlap"": 0.0, ""char_fuzzy"": 0.3157894736842105, ""form_lifestage"": 0.0}",rejected,brit
brit|adult_medium_breed_chicken|dry,8594031444923,0.05,"{""token_jaccard"": 0.0, ""protein_overlap"": 0.0, ""char_fuzzy"": 0.25, ""form_lifestage"": 0.0}",rejected,brit
brit|adult_small_breed_chicken|dry,8594031444923,0.05128205128205128,"{""token_jaccard"": 0.0, ""protein_overlap"": 0.0, ""char_fuzzy"": 0.2564102564102564, ""form_lifestage"": 0.0}",rejected,brit
brit|adult_sport_chicken|dry,8594031444923,0.06060606060606061,"{""token_jaccard"": 0.0, ""protein_overlap"": 0.0, ""char_fuzzy"": 0.30303030303030304, ""form_lifestage"": 0.0}",rejected,brit
brit|brit_care_dog_grain-free_adult_large_breed_salmon_&_potato|dry,8594031444923,0.06666666666666667,"{""token_jaccard"": 0.0, ""protein_overlap"": 0.0, ""char_fuzzy"": 0.3333333333333333, ""form_lifestage"": 0.0}",rejected,brit
brit|brit_care_dog_grain-free_adult_salmon_&_potato|dry,8594031444923,0.0761904761904762,"{""token_jaccard"": 0.0, ""protein_overlap"": 0.0, ""char_fuzzy"": 0.38095238095238093, ""form_lifestage"": 0.0}",rejected,brit
brit|brit_care_dog_grain-free_junior_large_breed_salmon_&_potatoes|dry,8594031444923,0.06315789473684211,"{""token_jaccard"": 0.0, ""protein_overlap"": 0.0, ""char_fuzzy"": 0.3157894736842105, ""form_lifestage"": 0.0}",rejected,brit
brit|brit_care_dog_grain-free_puppy_salmon_&_potato|dry,8594031444923,0.05714285714285714,"{""token_jaccard"": 0.0, ""protein_overlap"": 0.0, ""char_fuzzy"": 0.2857142857142857, ""form_lifestage"": 0.0}",rejected,brit
brit|brit_care_dog_grain-free_senior_&_light_salmon_&_potato|dry,8594031444923,0.06511627906976745,"{""token_jaccard"": 0.0, ""protein_overlap"": 0.0, ""char_fuzzy"": 0.32558139534883723, ""form_lifestage"": 0.0}",rejected,brit
brit|brit_care_dog_grain-free_sensitive_game_&_potato|dry,8594031444923,0.07272727272727274,"{""token_jaccard"": 0.0, ""protein_overlap"": 0.0, ""char_fuzzy"": 0.36363636363636365, ""form_lifestage"": 0.0}",rejected,brit
brit|brit_care_dog_hypoallergenic_adult_large_breed_lamb_&_rice|dry,8594031444923,0.03076923076923077,"{""token_jaccard"": 0.0, ""protein_overlap"": 0.0, ""char_fuzzy"": 0.15384615384615385, ""form_lifestage"": 0.0}",rejected,brit
brit|brit_care_dog_hypoallergenic_adult_medium_breed_lamb_&_rice|dry,8594031444923,0.030303030303030304,"{""token_jaccard"": 0.0, ""protein_overlap"": 0.0, ""char_fuzzy"": 0.15151515151515152, ""form_lifestage"": 0.0}",rejected,brit
brit|brit_care_dog_hypoallergenic_junior_large_breed_lamb_&_rice|dry,8594031444923,0.024242424242424246,"{""token_jaccard"": 0.0, ""protein_overlap"": 0.0, ""char_fuzzy"": 0.12121212121212122, ""form_lifestage"": 0.0}",rejected,brit
brit|brit_care_dog_hypoallergenic_puppy_lamb_&_rice|dry,8594031444923,0.052830188679245285,"{""token_jaccard"": 0.0, ""protein_overlap"": 0.0, ""char_fuzzy"": 0.2641509433962264, ""form_lifestage"": 0.0}",rejected,brit
brit|brit_care_dog_hypoallergenic_senior_lamb_&_rice|dry,8594031444923,0.022222222222222223,"{""token_jaccard"": 0.0, ""protein_overlap"": 0.0, ""char_fuzzy"": 0.1111111111111111, ""form_lifestage"": 0.0}",rejected,brit
brit|brit_care_dog_hypoallergenic_weight_loss_rabbit|dry,8594031444923,0.03571428571428572,"{""token_jaccard"": 0.0, ""protein_overlap"": 0.0, ""char_fuzzy"": 0.17857142857142858, ""form_lifestage"": 0.0}",rejected,brit
brit|brit_care_dog_sustainable_adult_large_breed_chicken_&_insects|dry,8594031444923,0.041176470588235294,"{""token_jaccard"": 0.0, ""protein_overlap"": 0.0, ""char_fuzzy"": 0.20588235294117646, ""form_lifestage"": 0.0}",rejected,brit
brit|brit_care_dog_sustainable_adult_medium_breed_chicken_&_insects|dry,8594031444923,0.04057971014492754,"{""token_jaccard"": 0.0, ""protein_overlap"": 0.0, ""char_fuzzy"": 0.2028985507246377, ""form_lifestage"": 0.0}",rejected,brit
brit|brit_care_dog_sustainable_adult_small_breed_chicken_&_insects|dry,8594031444923,0.041176470588235294,"{""token_jaccard"": 0.0, ""protein_overlap"": 0.0, ""char_fuzzy"": 0.20588235294117646, ""form_lifestage"": 0.0}",rejected,brit
brit|brit_care_dog_sustainable_junior_large_breed_chicken_&_insects|dry,8594031444923,0.034782608695652174,"{""token_jaccard"": 0.0, ""protein_overlap"": 0.0, ""char_fuzzy"": 0.17391304347826086, ""form_lifestage"": 0.0}",rejected,brit
brit|brit_care_dog_sustainable_puppy_chicken_&_insects|dry,8594031444923,0.04285714285714286,"{""token_jaccard"": 0.0, ""protein_overlap"": 0.0, ""char_fuzzy"": 0.21428571428571427, ""form_lifestage"": 0.0}",rejected,brit
brit|brit_care_dog_sustainable_sensitive_fish_&_insects|dry,8594031444923,0.042105263157894736,"{""token_jaccard"": 0.0, ""protein_overlap"": 0.0, ""char_fuzzy"": 0.21052631578947367, ""form_lifestage"": 0.0}",rejected,brit
brit|brit_care_grain-free_junior_large_breed_salmon_&_potato|dry,8594031444923,0.06274509803921569,"{""token_jaccard"": 0.0, ""protein_overlap"": 0.0, ""char_fuzzy"": 0.3137254901960784, ""form_lifestage"": 0.0}",rejected,brit
brit|brit_care_hypoallergenic_adult_small_breed_lamb_&_rice|dry,8594031444923,0.03278688524590164,"{""token_jaccard"": 0.0, ""protein_overlap"": 0.0, ""char_fuzzy"": 0.16393442622950818, ""form_lifestage"": 0.0}",rejected,brit
brit|brit_care_hypoallergenic_dog_show_champion_salmon_&_herring|dry,8594031444923,0.018181818181818184,"{""token_jaccard"": 0.0, ""protein_overlap"": 0.0, ""char_fuzzy"": 0.09090909090909091, ""form_lifestage"": 0.0}",rejected,brit
brit|brit_care_mini_grain_free_adult_lamb|dry,8594031444923,0.05882352941176471,"{""token_jaccard"": 0.0, ""protein_overlap"": 0.0, ""char_fuzzy"": 0.29411764705882354, ""form_lifestage"": 0.0}",rejected,brit
brit|brit_care_mini_grain_free_light_&_sterilized|dry,8594031444923,0.047058823529411764,"{""token_jaccard"": 0.0, ""protein_overlap"": 0.0, ""char_fuzzy"": 0.23529411764705882, ""form_lifestage"": 0.0}",rejected,brit
brit|brit_care_mini_grain_free_puppy_lamb|dry,8594031444923,0.07058823529411766,"{""token_jaccard"": 0.0, ""protein_overlap"": 0.0, ""char_fuzzy"": 0.35294117647058826, ""form_lifestage"": 0.0}",rejected,brit
brit|brit_fresh_turkey_with_pea_light_fit_&_slim|dry,8594031444923,0.05454545454545454,"{""token_jaccard"": 0.0, ""protein_overlap"": 0.0, ""char_fuzzy"": 0.2727272727272727, ""form_lifestage"": 0.0}",rejected,brit
brit|brit_premium_adult_large_chicken|dry,8594031444923,0.06060606060606061,"{""token_jaccard"": 0.0, ""protein_overlap"": 0.0, ""char_fuzzy"": 0.30303030303030304, ""form_lifestage"": 0.0}",rejected,brit
brit|brit_premium_adult_medium_chicken|dry,8594031444923,0.05882352941176471,"{""token_jaccard"": 0.0, ""protein_overlap"": 0.0, ""char_fuzzy"": 0.29411764705882354, ""form_lifestage"": 0.0}",rejected,brit
brit|brit_premium_adult_s|dry,8594031444923,0.0761904761904762,"{""token_jaccard"": 0.0, ""protein_overlap"": 0.0, ""char_fuzzy"": 0.38095238095238093, ""form_lifestage"": 0.0}",rejected,brit
brit|brit_premium_by_nature_junior_large_breed_with_chicken|dry,8594031444923,0.03636363636363637,"{""token_jaccard"": 0.0, ""protein_overlap"": 0.0, ""char_fuzzy"": 0.18181818181818182, ""form_lifestage"": 0.0}",rejected,brit
brit|brit_premium_by_nature_light|dry,8594031444923,0.08695652173913043,"{""token_jaccard"": 0.0, ""protein_overlap"": 0.0, ""char_fuzzy"": 0.43478260869565216, ""form_lifestage"": 0.0}",rejected,brit
brit|brit_premium_by_nature_senior_l/xl|dry,8594031444923,0.05714285714285714,"{""token_jaccard"": 0.0, ""protein_overlap"": 0.0, ""char_fuzzy"": 0.2857142857142857, ""form_lifestage"": 0.0}",rejected,brit
brit|brit_premium_by_nature_senior_s/m|dry,8594031444923,0.05882352941176471,"{""token_jaccard"": 0.0, ""protein_overlap"": 0.0, ""char_fuzzy"": 0.29411764705882354, ""form_lifestage"": 0.0}",rejected,brit
brit|brit_premium_by_nature_sensitive_lamb|dry,8594031444923,0.05263157894736842,"{""token_jaccard"": 0.0, ""protein_overlap"": 0.0, ""char_fuzzy"": 0.2631578947368421, ""form_lifestage"": 0.0}",rejected,brit
brit|brit_premium_by_nature_sport|dry,8594031444923,0.06896551724137932,"{""token_jaccard"": 0.0, ""protein_overlap"": 0.0, ""char_fuzzy"": 0.3448275862068966, ""form_lifestage"": 0.0}",rejected,brit
brit|brit_premium_junior_m|dry,8594031444923,0.05454545454545454,"{""token_jaccard"": 0.0, ""protein_overlap"": 0.0, ""char_fuzzy"": 0.2727272727272727, ""form_lifestage"": 0.0}",rejected,brit
brit|brit_premium_junior_xl|dry,8594031444923,0.052173913043478265,"{""token_jaccard"": 0.0, ""protein_overlap"": 0.0, ""char_fuzzy"": 0.2608695652173913, ""form_lifestage"": 0.0}",rejected,brit
brit|care_adult_large_breed_lamb__rice|dry,8594031444923,0.043478260869565216,"{""token_jaccard"": 0.0, ""protein_overlap"": 0.0, ""char_fuzzy"": 0.21739130434782608, ""form_lifestage"": 0.0}",rejected,brit
brit|care_adult_large_breed_salmon__potato|dry,8594031444923,0.072,"{""token_jaccard"": 0.0, ""protein_overlap"": 0.0, ""char_fuzzy"": 0.36, ""form_lifestage"": 0.0}",rejected,brit
brit|care_adult_medium_breed_lamb__rice|dry,8594031444923,0.04255319148936171,"{""token_jaccard"": 0.0, ""protein_overlap"": 0.0, ""char_fuzzy"": 0.2127659574468085, ""form_lifestage"": 0.0}",rejected,brit
brit|care_adult_medium_breed_sensitive_venison|dry,8594031444923,0.050909090909090904,"{""token_jaccard"": 0.0, ""protein_overlap"": 0.0, ""char_fuzzy"": 0.2545454545454545, ""form_lifestage"": 0.0}",rejected,brit
brit|care_adult_salmon__potato|dry,8594031444923,0.08421052631578947,"{""token_jaccard"": 0.0, ""protein_overlap"": 0.0, ""char_fuzzy"": 0.42105263157894735, ""form_lifestage"": 0.0}",rejected,brit
brit|care_adult_show_champion_salmon|dry,8594031444923,0.044444444444444446,"{""token_jaccard"": 0.0, ""protein_overlap"": 0.0, ""char_fuzzy"": 0.2222222222222222, ""form_lifestage"": 0.0}",rejected,brit
brit|care_adult_small_breed_lamb__rice|dry,8594031444923,0.043478260869565216,"{""token_jaccard"": 0.0, ""protein_overlap"": 0.0, ""char_fuzzy"": 0.21739130434782608, ""form_lifestage"": 0.0}",rejected,brit
brit|care_adult_weight_loss_rabbit|dry,8594031444923,0.05581395348837209,"{""token_jaccard"": 0.0, ""protein_overlap"": 0.0, ""char_fuzzy"": 0.27906976744186046, ""form_lifestage"": 0.0}",rejected,brit
brit|care_hair__skin_insect__fish|unknown,8594031444923,0.03,"{""token_jaccard"": 0.0, ""protein_overlap"": 0.0, ""char_fuzzy"": 0.15, ""form_lifestage"": 0.0}",rejected,brit
brit|care_junior_large_breed_lamb__rice|dry,8594031444923,0.03404255319148936,"{""token_jaccard"": 0.0, ""protein_overlap"": 0.0, ""char_fuzzy"": 0.1702127659574468, ""form_lifestage"": 0.0}",rejected,brit
brit|care_junior_large_breed_salmon__potato|dry,8594031444923,0.06274509803921569,"{""token_jaccard"": 0.0, ""protein_overlap"": 0.0, ""char_fuzzy"": 0.3137254901960784, ""form_lifestage"": 0.0}",rejected,brit
brit|care_puppy_grain_free_salmon__potato|dry,8594031444923,0.05263157894736842,"{""token_jaccard"": 0.0, ""protein_overlap"": 0.0, ""char_fuzzy"": 0.2631578947368421, ""form_lifestage"": 0.0}",rejected,brit
brit|care_puppy_lamb__rice|dry,8594031444923,0.05882352941176471,"{""token_jaccard"": 0.0, ""protein_overlap"": 0.0, ""char_fuzzy"": 0.29411764705882354, ""form_lifestage"": 0.0}",rejected,brit
brit|care_senior_lamb__rice|dry,8594031444923,0.03428571428571429,"{""token_jaccard"": 0.0, ""protein_overlap"": 0.0, ""char_fuzzy"": 0.17142857142857143, ""form_lifestage"": 0.0}",rejected,brit
brit|junior_large_breed_chicken|dry,8594031444923,0.04000000000000001,"{""token_jaccard"": 0.0, ""protein_overlap"": 0.0, ""char_fuzzy"": 0.2, ""form_lifestage"": 0.0}",rejected,brit
brit|junior_medium_breed_chicken|dry,8594031444923,0.039024390243902446,"{""token_jaccard"": 0.0, ""protein_overlap"": 0.0, ""char_fuzzy"": 0.1951219512195122, ""form_lifestage"": 0.0}",rejected,brit
brit|junior_xl_breed_chicken|dry,8594031444923,0.043243243243243246,"{""token_jaccard"": 0.0, ""protein_overlap"": 0.0, ""char_fuzzy"": 0.21621621621621623, ""form_lifestage"": 0.0}",rejected,brit
brit|premium_by_nature_adult_m|dry,8594031444923,0.06451612903225806,"{""token_jaccard"": 0.0, ""protein_overlap"": 0.0, ""char_fuzzy"": 0.3225806451612903, ""form_lifestage"": 0.0}",rejected,brit
brit|premium_by_nature_adult_xl_with_chicken|dry,8594031444923,0.044444444444444446,"{""token_jaccard"": 0.0, ""protein_overlap"": 0.0, ""char_fuzzy"": 0.2222222222222222, ""form_lifestage"": 0.0}",rejected,brit
brit|premium_by_nature_beef_with_tripe_adult|unknown,8594031444923,0.044444444444444446,"{""token_jaccard"": 0.0, ""protein_overlap"": 0.0, ""char_fuzzy"": 0.2222222222222222, ""form_lifestage"": 0.0}",rejected,brit
brit|premium_by_nature_chicken_with_hearts_adult|unknown,8594031444923,0.0816326530612245,"{""token_jaccard"": 0.0, ""protein_overlap"": 0.0, ""char_fuzzy"": 0.40816326530612246, ""form_lifestage"": 0.0}",rejected,brit
brit|premium_by_nature_fish_with_fish_skin_adult|unknown,8594031444923,0.04081632653061225,"{""token_jaccard"": 0.0, ""protein_overlap"": 0.0, ""char_fuzzy"": 0.20408163265306123, ""form_lifestage"": 0.0}",rejected,brit
brit|premium_by_nature_lamb_with_buckwheat_adult|unknown,8594031444923,0.04081632653061225,"{""token_jaccard"": 0.0, ""protein_overlap"": 0.0, ""char_fuzzy"": 0.20408163265306123, ""form_lifestage"": 0.0}",rejected,brit
brit|premium_by_nature_pork_with_trachea_adult|unknown,8594031444923,0.04255319148936171,"{""token_jaccard"": 0.0, ""protein_overlap"": 0.0, ""char_fuzzy"": 0.2127659574468085, ""form_lifestage"": 0.0}",rejected,brit
brit|premium_by_nature_puppy__junior_fillets_in_gravy_with_turkey__carrots|unknown,8594031444923,0.21883561643835614,"{""token_jaccard"": 0.25, ""protein_overlap"": 0.0, ""char_fuzzy"": 0.2191780821917808, ""form_lifestage"": 0.5}",rejected,brit
brit|premium_by_nature_turkey_with_liver_junior|unknown,8594031444923,0.04166666666666667,"{""token_jaccard"": 0.0, ""protein_overlap"": 0.0, ""char_fuzzy"": 0.20833333333333334, ""form_lifestage"": 0.0}",rejected,brit
brit|premium_sausage_chicken|unknown,8594031444923,0.05517241379310345,"{""token_jaccard"": 0.0, ""protein_overlap"": 0.0, ""char_fuzzy"": 0.27586206896551724, ""form_lifestage"": 0.0}",rejected,brit
brit|premium_sausage_sport_beef__fish|unknown,8594031444923,0.043243243243243246,"{""token_jaccard"": 0.0, ""protein_overlap"": 0.0, ""char_fuzzy"": 0.21621621621621623, ""form_lifestage"": 0.0}",rejected,brit
brit|premium_sausage_turkey|unknown,8594031444923,0.04285714285714286,"{""token_jaccard"": 0.0, ""protein_overlap"": 0.0, ""char_fuzzy"": 0.21428571428571427, ""form_lifestage"": 0.0}",rejected,brit
brit|senior_l_and_xl_breed_chicken|dry,8594031444923,0.037209302325581395,"{""token_jaccard"": 0.0, ""protein_overlap"": 0.0, ""char_fuzzy"": 0.18604651162790697, ""form_lifestage"": 0.0}",rejected,brit
brit|senior_s/m_breed_chicken|dry,8594031444923,0.042105263157894736,"{""token_jaccard"": 0.0, ""protein_overlap"": 0.0, ""char_fuzzy"": 0.21052631578947367, ""form_lifestage"": 0.0}",rejected,brit
animonda|animonda_grancarno_adult_poultry_&_beef|dry,4017721837149,0.06666666666666667,"{""token_jaccard"": 0.0, ""protein_overlap"": 0.0, ""char_fuzzy"": 0.3333333333333333, ""form_lifestage"": 0.0}",rejected,animonda
animonda|animonda_grancarno_adult_poultry_&_lamb|dry,4017721837231,0.06060606060606061,"{""token_jaccard"": 0.0, ""protein_overlap"": 0.0, ""char_fuzzy"": 0.30303030303030304, ""form_lifestage"": 0.0}",rejected,animonda
animonda|animonda_grancarno_junior_poultry_&_lamb|dry,4017721837231,0.05882352941176471,"{""token_jaccard"": 0.0, ""protein_overlap"": 0.0, ""char_fuzzy"": 0.29411764705882354, ""form_lifestage"": 0.0}",rejected,animonda
animonda|animonda_grancarno_original_adult|wet,4017721837156,0.09411764705882353,"{""token_jaccard"": 0.0, ""protein_overlap"": 0, ""char_fuzzy"": 0.47058823529411764, ""form_lifestage"": 0.0}",rejected,animonda
animonda|animonda_grancarno_original_junior|wet,4017721837156,0.1,"{""token_jaccard"": 0.0, ""protein_overlap"": 0, ""char_fuzzy"": 0.5, ""form_lifestage"": 0.0}",rejected,animonda
animonda|animonda_grancarno_original_senior|wet,4017721837156,0.09230769230769231,"{""token_jaccard"": 0.0, ""protein_overlap"": 0, ""char_fuzzy"": 0.46153846153846156, ""form_lifestage"": 0.0}",rejected,animonda
animonda|animonda_grancarno_senior_poultry_&_beef|dry,4017721837149,0.08000000000000002,"{""token_jaccard"": 0.0, ""protein_overlap"": 0.0, ""char_fuzzy"": 0.4, ""form_lifestage"": 0.0}",rejected,animonda
animonda|animonda_vom_feinsten_adult_grain-free|wet,4017721832052,0.16000000000000003,"{""token_jaccard"": 0.0, ""protein_overlap"": 0, ""char_fuzzy"": 0.8, ""form_lifestage"": 0.0}",rejected,animonda
animonda|grancarno_adult_dog_with_game_(wet)|wet,4017721837149,0.08135593220338984,"{""token_jaccard"": 0.0, ""protein_overlap"": 0, ""char_fuzzy"": 0.4067796610169492, ""form_lifestage"": 0.0}",rejected,animonda
animonda|grancarno_adult_dog_with_game|unknown,4017721837149,0.07272727272727274,"{""token_jaccard"": 0.0, ""protein_overlap"": 0, ""char_fuzzy"": 0.36363636363636365, ""form_lifestage"": 0.0}",rejected,animonda
animonda|grancarno_adult_dog_with_turkey|unknown,4017721837149,0.07017543859649122,"{""token_jaccard"": 0.0, ""protein_overlap"": 0.0, ""char_fuzzy"": 0.3508771929824561, ""form_lifestage"": 0.0}",rejected,animonda
animonda|grancarno_adult_poultry_&_beef_(dry)|dry,4017721837149,0.06896551724137932,"{""token_jaccard"": 0.0, ""protein_overlap"": 0.0, ""char_fuzzy"": 0.3448275862068966, ""form_lifestage"": 0.0}",rejected,animonda
animonda|grancarno_junior_dog_with_turkey|unknown,4017721837149,0.06896551724137932,"{""token_jaccard"": 0.0, ""protein_overlap"": 0.0, ""char_fuzzy"": 0.3448275862068966, ""form_lifestage"": 0.0}",rejected,animonda
auchan|auchan_complete_dry_dog_food_beef|dry,3596710426645,0.07719298245614035,"{""token_jaccard"": 0.0, ""protein_overlap"": 0.0, ""char_fuzzy"": 0.38596491228070173, ""form_lifestage"": 0.0}",rejected,auchan
acana|acana_adult_dog_recipe_(grain-free)|dry,0064992500115,0.02666666666666667,"{""token_jaccard"": 0.0, ""protein_overlap"": 0, ""char_fuzzy"": 0.13333333333333333, ""form_lifestage"": 0.0}",rejected,acana
acana|acana_free_run_duck|dry,0064992500115,0.047058823529411764,"{""token_jaccard"": 0.0, ""protein_overlap"": 0.0, ""char_fuzzy"": 0.23529411764705882, ""form_lifestage"": 0.0}",rejected,acana
acana|acana_grass-fed_lamb|dry,0064992500115,0.022857142857142857,"{""token_jaccard"": 0.0, ""protein_overlap"": 0.0, ""char_fuzzy"": 0.11428571428571428, ""form_lifestage"": 0.0}",rejected,acana
acana|acana_highest_protein_grasslands|dry,0064992500115,0.04255319148936171,"{""token_jaccard"": 0.0, ""protein_overlap"": 0, ""char_fuzzy"": 0.2127659574468085, ""form_lifestage"": 0.0}",rejected,acana
acana|acana_highest_protein_pacifica|dry,0064992500115,0.044444444444444446,"{""token_jaccard"": 0.0, ""protein_overlap"": 0, ""char_fuzzy"": 0.2222222222222222, ""form_lifestage"": 0.0}",rejected,acana
acana|acana_light__fit_recipe|dry,0064992500115,0.03333333333333333,"{""token_jaccard"": 0.0, ""protein_overlap"": 0, ""char_fuzzy"": 0.16666666666666666, ""form_lifestage"": 0.0}",rejected,acana
acana|acana_light_&_fit_recipe|dry,0064992500115,0.03333333333333333,"{""token_jaccard"": 0.0, ""protein_overlap"": 0, ""char_fuzzy"": 0.16666666666666666, ""form_lifestage"": 0.0}",rejected,acana
acana|acana_prairie_poultry|dry,0064992500115,0.05555555555555556,"{""token_jaccard"": 0.0, ""protein_overlap"": 0, ""char_fuzzy"": 0.2777777777777778, ""form_lifestage"": 0.0}",rejected,acana
acana|acana_red_meat|dry,0064992500115,0.041379310344827586,"{""token_jaccard"": 0.0, ""protein_overlap"": 0, ""char_fuzzy"": 0.20689655172413793, ""form_lifestage"": 0.0}",rejected,acana
acana|acana_senior|dry,0064992500115,0.05925925925925926,"{""token_jaccard"": 0.0, ""protein_overlap"": 0, ""char_fuzzy"": 0.2962962962962963, ""form_lifestage"": 0.0}",rejected,acana
acana|acana_yorkshire_pork|dry,0064992500115,0.06857142857142857,"{""token_jaccard"": 0.0, ""protein_overlap"": 0.0, ""char_fuzzy"": 0.34285714285714286, ""form_lifestage"": 0.0}",rejected,acana
acana|adult_dog_recipe|unknown,0064992500115,0.02666666666666667,"{""token_jaccard"": 0.0, ""protein_overlap"": 0, ""char_fuzzy"": 0.13333333333333333, ""form_lifestage"": 0.0}",rejected,acana
acana|adult_large_breed_recipe|unknown,0064992500115,0.031578947368421054,"{""token_jaccard"": 0.0, ""protein_overlap"": 0, ""char_fuzzy"": 0.15789473684210525, ""form_lifestage"": 0.0}",rejected,acana
acana|adult_small_breed_recipe|unknown,0064992500115,0.021052631578947368,"{""token_jaccard"": 0.0, ""protein_overlap"": 0, ""char_fuzzy"": 0.10526315789473684, ""form_lifestage"": 0.0}",rejected,acana
acana|free_run_duck|dry,0064992500115,0.047058823529411764,"{""token_jaccard"": 0.0, ""protein_overlap"": 0.0, ""char_fuzzy"": 0.23529411764705882, ""form_lifestage"": 0.0}",rejected,acana
acana|grass-fed_lamb|dry,0064992500115,0.022857142857142857,"{""token_jaccard"": 0.0, ""protein_overlap"": 0.0, ""char_fuzzy"": 0.11428571428571428, ""form_lifestage"": 0.0}",rejected,acana
acana|highest_protein_grasslands|dry,0064992500115,0.04255319148936171,"{""token_jaccard"": 0.0, ""protein_overlap"": 0, ""char_fuzzy"": 0.2127659574468085, ""form_lifestage"": 0.0}",rejected,acana
acana|highest_protein_pacifica|dry,0064992500115,0.044444444444444446,"{""token_jaccard"": 0.0, ""protein_overlap"": 0, ""char_fuzzy"": 0.2222222222222222, ""form_lifestage"": 0.0}",rejected,acana
acana|highest_protein_ranchlands|unknown,0064992500115,0.04255319148936171,"{""token_jaccard"": 0.0, ""protein_overlap"": 0, ""char_fuzzy"": 0.2127659574468085, ""form_lifestage"": 0.0}",rejected,acana
acana|highest_protein_wild_prairie|unknown,0064992500115,0.0489795918367347,"{""token_jaccard"": 0.0, ""protein_overlap"": 0, ""char_fuzzy"": 0.24489795918367346, ""form_lifestage"": 0.0}",rejected,acana
acana|light__fit_recipe|dry,0064992500115,0.03333333333333333,"{""token_jaccard"": 0.0, ""protein_overlap"": 0, ""char_fuzzy"": 0.16666666666666666, ""form_lifestage"": 0.0}",rejected,acana
acana|prairie_poultry|dry,0064992500115,0.05555555555555556,"{""token_jaccard"": 0.0, ""protein_overlap"": 0, ""char_fuzzy"": 0.2777777777777778, ""form_lifestage"": 0.0}",rejected,acana
acana|red_meat|dry,0064992500115,0.041379310344827586,"{""token_jaccard"": 0.0, ""protein_overlap"": 0, ""char_fuzzy"": 0.20689655172413793, ""form_lifestage"": 0.0}",rejected,acana
acana|senior|dry,0064992500115,0.05925925925925926,"{""token_jaccard"": 0.0, ""protein_overlap"": 0, ""char_fuzzy"": 0.2962962962962963, ""form_lifestage"": 0.0}",rejected,acana
acana|sport__agility_recipe|unknown,0064992500115,0.07058823529411766,"{""token_jaccard"": 0.0, ""protein_overlap"": 0, ""char_fuzzy"": 0.35294117647058826, ""form_lifestage"": 0.0}",rejected,acana
acana|wild_coast|unknown,0064992500115,0.03870967741935484,"{""token_jaccard"": 0.0, ""protein_overlap"": 0, ""char_fuzzy"": 0.1935483870967742, ""form_lifestage"": 0.0}",rejected,acana
acana|yorkshire_pork|dry,0064992500115,0.06857142857142857,"{""token_jaccard"": 0.0, ""protein_overlap"": 0.0, ""char_fuzzy"": 0.34285714285714286, ""form_lifestage"": 0.0}",rejected,acana
applaws|adult_chicken__lamb|dry,5060122491433,0.5207547169811321,"{""token_jaccard"": 0.5, ""protein_overlap"": 0.5, ""char_fuzzy"": 0.6037735849056604, ""form_lifestage"": 0.5}",rejected,applaws
applaws|adult_chicken_breast_in_broth|wet,5060122491433,0.5895833333333333,"{""token_jaccard"": 0.6666666666666666, ""protein_overlap"": 0.5, ""char_fuzzy"": 0.53125, ""form_lifestage"": 0.5}",rejected,applaws
"applaws|adult_chicken,_beef_liver__vegetables|wet",5060122491433,0.4971428571428571,"{""token_jaccard"": 0.5, ""protein_overlap"": 0.5, ""char_fuzzy"": 0.4857142857142857, ""form_lifestage"": 0.5}",rejected,applaws
"applaws|adult_chicken,_ham__vegetables|wet",5060122491433,0.5912698412698414,"{""token_jaccard"": 0.6666666666666666, ""protein_overlap"": 0.5, ""char_fuzzy"": 0.5396825396825397, ""form_lifestage"": 0.5}",rejected,applaws
"applaws|adult_chicken,_tuna__vegetables|wet",5060122491433,0.51875,"{""token_jaccard"": 0.5, ""protein_overlap"": 0.5, ""char_fuzzy"": 0.59375, ""form_lifestage"": 0.5}",rejected,applaws
applaws|adult_chicken|dry,5060122491433,0.5916666666666668,"{""token_jaccard"": 0.6666666666666666, ""protein_overlap"": 0.5, ""char_fuzzy"": 0.5416666666666666, ""form_lifestage"": 0.5}",rejected,applaws
applaws|adult_large_breed_chicken|dry,5060122491433,0.5833333333333334,"{""token_jaccard"": 0.6666666666666666, ""protein_overlap"": 0.5, ""char_fuzzy"": 0.5, ""form_lifestage"": 0.5}",rejected,applaws
applaws|applaws_adult_chicken__lamb|dry,5060122491433,0.5207547169811321,"{""token_jaccard"": 0.5, ""protein_overlap"": 0.5, ""char_fuzzy"": 0.6037735849056604, ""form_lifestage"": 0.5}",rejected,applaws
applaws|applaws_adult_chicken_(dry)|dry,5060122491433,0.5153846153846153,"{""token_jaccard"": 0.5, ""protein_overlap"": 0.5, ""char_fuzzy"": 0.5769230769230769, ""form_lifestage"": 0.5}",rejected,applaws
applaws|applaws_adult_chicken_&_lamb|dry,5060122491433,0.5207547169811321,"{""token_jaccard"": 0.5, ""protein_overlap"": 0.5, ""char_fuzzy"": 0.6037735849056604, ""form_lifestage"": 0.5}",rejected,applaws
applaws|applaws_adult_chicken_breast_in_broth|wet,5060122491433,0.5895833333333333,"{""token_jaccard"": 0.6666666666666666, ""protein_overlap"": 0.5, ""char_fuzzy"": 0.53125, ""form_lifestage"": 0.5}",rejected,applaws
"applaws|applaws_adult_chicken,_beef_liver_&_vegetables|wet",5060122491433,0.4971428571428571,"{""token_jaccard"": 0.5, ""protein_overlap"": 0.5, ""char_fuzzy"": 0.4857142857142857, ""form_lifestage"": 0.5}",rejected,applaws
"applaws|applaws_adult_chicken,_ham_&_vegetables|wet",5060122491433,0.5912698412698414,"{""token_jaccard"": 0.6666666666666666, ""protein_overlap"": 0.5, ""char_fuzzy"": 0.5396825396825397, ""form_lifestage"": 0.5}",rejected,applaws
"applaws|applaws_adult_chicken,_tuna_&_vegetables|wet",5060122491433,0.51875,"{""token_jaccard"": 0.5, ""protein_overlap"": 0.5, ""char_fuzzy"": 0.59375, ""form_lifestage"": 0.5}",rejected,applaws
applaws|applaws_adult_chicken|dry,5060122491433,0.5916666666666668,"{""token_jaccard"": 0.6666666666666666, ""protein_overlap"": 0.5, ""char_fuzzy"": 0.5416666666666666, ""form_lifestage"": 0.5}",rejected,applaws
applaws|applaws_adult_large_breed_chicken|dry,5060122491433,0.5833333333333334,"{""token_jaccard"": 0.6666666666666666, ""protein_overlap"": 0.5, ""char_fuzzy"": 0.5, ""form_lifestage"": 0.5}",rejected,applaws
applaws|applaws_adult_small_&_medium_breed_-_chicken_with_lamb|dry,5060122491433,0.5194805194805194,"{""token_jaccard"": 0.5, ""protein_overlap"": 0.5, ""char_fuzzy"": 0.5974025974025974, ""form_lifestage"": 0.5}",rejected,applaws
applaws|applaws_adult_small_&_medium_breed_-_chicken|dry,5060122491433,0.5728855721393036,"{""token_jaccard"": 0.6666666666666666, ""protein_overlap"": 0.5, ""char_fuzzy"": 0.44776119402985076, ""form_lifestage"": 0.5}",rejected,applaws
applaws|applaws_puppy_chicken|dry,5060122491433,0.30000000000000004,"{""token_jaccard"": 0.25, ""protein_overlap"": 0.5, ""char_fuzzy"": 0.375, ""form_lifestage"": 0.0}",rejected,applaws
applaws|applaws_puppy_large_breed_-_chicken|dry,5060122491433,0.29833333333333334,"{""token_jaccard"": 0.25, ""protein_overlap"": 0.5, ""char_fuzzy"": 0.36666666666666664, ""form_lifestage"": 0.0}",rejected,applaws
applaws|applaws_puppy_large_breed_chicken|dry,5060122491433,0.29833333333333334,"{""token_jaccard"": 0.25, ""protein_overlap"": 0.5, ""char_fuzzy"": 0.36666666666666664, ""form_lifestage"": 0.0}",rejected,applaws
applaws|applaws_puppy_small_&_medium_breed_-_chicken|dry,5060122491433,0.29067164179104477,"{""token_jaccard"": 0.25, ""protein_overlap"": 0.5, ""char_fuzzy"": 0.3283582089552239, ""form_lifestage"": 0.0}",rejected,applaws
applaws|applaws_senior_chicken|dry,5060122491433,0.2903061224489796,"{""token_jaccard"": 0.25, ""protein_overlap"": 0.5, ""char_fuzzy"": 0.32653061224489793, ""form_lifestage"": 0.0}",rejected,applaws
applaws|applaws_taste_toppers_in_gravy|wet,5060122491433,0.056140350877192984,"{""token_jaccard"": 0.0, ""protein_overlap"": 0.0, ""char_fuzzy"": 0.2807017543859649, ""form_lifestage"": 0.0}",rejected,applaws
applaws|applaws_taste_toppers_mixed_pack|wet,5060122491433,0.07142857142857144,"{""token_jaccard"": 0.0, ""protein_overlap"": 0.0, ""char_fuzzy"": 0.35714285714285715, ""form_lifestage"": 0.0}",rejected,applaws
applaws|puppy_chicken|dry,5060122491433,0.30000000000000004,"{""token_jaccard"": 0.25, ""protein_overlap"": 0.5, ""char_fuzzy"": 0.375, ""form_lifestage"": 0.0}",rejected,applaws
applaws|puppy_large_breed_chicken|dry,5060122491433,0.29833333333333334,"{""token_jaccard"": 0.25, ""protein_overlap"": 0.5, ""char_fuzzy"": 0.36666666666666664, ""form_lifestage"": 0.0}",rejected,applaws
applaws|senior_chicken|dry,5060122491433,0.2903061224489796,"{""token_jaccard"": 0.25, ""protein_overlap"": 0.5, ""char_fuzzy"": 0.32653061224489793, ""form_lifestage"": 0.0}",rejected,applaws
applaws|taste_toppers_jelly_tin_selection|unknown,5060122491433,0.05882352941176471,"{""token_jaccard"": 0.0, ""protein_overlap"": 0.0, ""char_fuzzy"": 0.29411764705882354, ""form_lifestage"": 0.0}",rejected,applaws
aldi|adult_dry_with_beef__vegetables|dry,4099200012681,0.05333333333333334,"{""token_jaccard"": 0.0, ""protein_overlap"": 0.0, ""char_fuzzy"": 0.26666666666666666, ""form_lifestage"": 0.0}",rejected,aldi
aldi|earls_beef_in_gravy|unknown,4099200012681,0.047058823529411764,"{""token_jaccard"": 0.0, ""protein_overlap"": 0.0, ""char_fuzzy"": 0.23529411764705882, ""form_lifestage"": 0.0}",rejected,aldi
aldi|earls_chicken_in_gravy|unknown,4099200012681,0.05405405405405406,"{""token_jaccard"": 0.0, ""protein_overlap"": 0.0, ""char_fuzzy"": 0.2702702702702703, ""form_lifestage"": 0.0}",rejected,aldi
aldi|earls_moist__meaty_chunks_with_chicken|unknown,4099200012681,0.046153846153846156,"{""token_jaccard"": 0.0, ""protein_overlap"": 0.0, ""char_fuzzy"": 0.23076923076923078, ""form_lifestage"": 0.0}",rejected,aldi
aldi|earls_tender_pate_with_beef__liver|unknown,4099200012681,0.05,"{""token_jaccard"": 0.0, ""protein_overlap"": 0.0, ""char_fuzzy"": 0.25, ""form_lifestage"": 0.0}",rejected,aldi
aldi|earls_tender_pate_with_beef|unknown,4099200012681,0.05714285714285714,"{""token_jaccard"": 0.0, ""protein_overlap"": 0.0, ""char_fuzzy"": 0.2857142857142857, ""form_lifestage"": 0.0}",rejected,aldi
aldi|earls_tender_pate_with_lamb|unknown,4099200012681,0.06666666666666667,"{""token_jaccard"": 0.0, ""protein_overlap"": 0.0, ""char_fuzzy"": 0.3333333333333333, ""form_lifestage"": 0.0}",rejected,aldi
aldi|earls_tender_pate_with_turkey__lamb|unknown,4099200012681,0.05714285714285714,"{""token_jaccard"": 0.0, ""protein_overlap"": 0.0, ""char_fuzzy"": 0.2857142857142857, ""form_lifestage"": 0.0}",rejected,aldi
aldi|earls_with_beef_in_jelly|unknown,4099200012681,0.041025641025641026,"{""token_jaccard"": 0.0, ""protein_overlap"": 0.0, ""char_fuzzy"": 0.20512820512820512, ""form_lifestage"": 0.0}",rejected,aldi
aldi|earls_with_chicken__vegetables|unknown,4099200012681,0.05454545454545454,"{""token_jaccard"": 0.0, ""protein_overlap"": 0.0, ""char_fuzzy"": 0.2727272727272727, ""form_lifestage"": 0.0}",rejected,aldi
aldi|earls_with_chicken_in_jelly|unknown,4099200012681,0.047619047619047616,"{""token_jaccard"": 0.0, ""protein_overlap"": 0.0, ""char_fuzzy"": 0.23809523809523808, ""form_lifestage"": 0.0}",rejected,aldi
aldi|earls_worker_dog_with_chicken__vegetables|unknown,4099200012681,0.04363636363636364,"{""token_jaccard"": 0.0, ""protein_overlap"": 0.0, ""char_fuzzy"": 0.21818181818181817, ""form_lifestage"": 0.0}",rejected,aldi
aldi|langhams_salmon_grain_free|unknown,4099200012681,0.05333333333333334,"{""token_jaccard"": 0.0, ""protein_overlap"": 0.0, ""char_fuzzy"": 0.26666666666666666, ""form_lifestage"": 0.0}",rejected,aldi
aldi|langhams_snap_and_serve_pack_mix|unknown,4099200012681,0.037209302325581395,"{""token_jaccard"": 0, ""protein_overlap"": 0, ""char_fuzzy"": 0.18604651162790697, ""form_lifestage"": 0.0}",rejected,aldi
aldi|worker_dog_with_beef__vegetables|unknown,4099200012681,0.043478260869565216,"{""token_jaccard"": 0.0, ""protein_overlap"": 0.0, ""char_fuzzy"": 0.21739130434782608, ""form_lifestage"": 0.0}",rejected,aldi
brekkies|brekkies_complete_chicken|dry,3700260210061,0.037209302325581395,"{""token_jaccard"": 0.0, ""protein_overlap"": 0.0, ""char_fuzzy"": 0.18604651162790697, ""form_lifestage"": 0.0}",rejected,brekkies
brekkies|brekkies_delicious_beef|dry,3182550011600,0.06666666666666667,"{""token_jaccard"": 0.0, ""protein_overlap"": 0.0, ""char_fuzzy"": 0.3333333333333333, ""form_lifestage"": 0.0}",rejected,brekkies
advance|advance_french_bulldog_with_duck|dry,8410650160467,0.05490196078431373,"{""token_jaccard"": 0.0, ""protein_overlap"": 0.0, ""char_fuzzy"": 0.27450980392156865, ""form_lifestage"": 0.0}",rejected,advance
advance|advance_puppy_sensitive_with_salmon|dry,8410650160467,0.022222222222222223,"{""token_jaccard"": 0.0, ""protein_overlap"": 0.0, ""char_fuzzy"": 0.1111111111111111, ""form_lifestage"": 0.0}",rejected,advance
benevo|adult_original|dry,5060130540017,0.047619047619047616,"{""token_jaccard"": 0.0, ""protein_overlap"": 0, ""char_fuzzy"": 0.23809523809523808, ""form_lifestage"": 0.0}",rejected,benevo
benevo|duo_complete_for_dogs_and_cats|wet,5060130540017,0.0816326530612245,"{""token_jaccard"": 0.0, ""protein_overlap"": 0, ""char_fuzzy"": 0.40816326530612246, ""form_lifestage"": 0.0}",rejected,benevo
benevo|grain_free_vegetable_feast|wet,5060130540017,0.07441860465116279,"{""token_jaccard"": 0.0, ""protein_overlap"": 0, ""char_fuzzy"": 0.37209302325581395, ""form_lifestage"": 0.0}",rejected,benevo
benevo|puppy|dry,5060130540017,0.012121212121212123,"{""token_jaccard"": 0.0, ""protein_overlap"": 0, ""char_fuzzy"": 0.06060606060606061, ""form_lifestage"": 0.0}",rejected,benevo
