product_key,brand,brand_slug,product_name
4paws|supplies_premium_cold_pressed_omega_salmon|unknown,4PAWS,4paws,Supplies Premium Cold Pressed Omega Salmon
4paws|supplies_premium_cold_pressed_tasty_chicken|unknown,4PAWS,4paws,Supplies Premium Cold Pressed Tasty Chicken
4paws|supplies_working_dog_cold_pressed_brilliant_beef|unknown,4PAWS,4paws,Supplies Working Dog Cold Pressed Brilliant Beef
4paws|supplies_working_dog_cold_pressed_choice_chicken|unknown,4PAWS,4paws,Supplies Working Dog Cold Pressed Choice Chicken
4paws|supplies_working_dog_cold_pressed_palatable_pork|unknown,4PAWS,4paws,Supplies Working Dog Cold Pressed Palatable Pork
eukanuba|adult_dachshund|unknown,Eukanuba,eukanuba,Adult Dachshund
"4pawsraw|grain_free_puppy_chicken,_turkey,_salmon_sweet_potato__carrot|raw",4PAWSRAW,4pawsraw,"Grain Free Puppy Chicken, Turkey, Salmon Sweet Potato  Carrot"
4pawsraw|grain_free_angus_beef_with_carrot|raw,4PAWSRAW,4pawsraw,Grain Free Angus Beef with Carrot
4pawsraw|grain_free_chicken_sweet_potato__herbs|raw,4PAWSRAW,4pawsraw,Grain Free Chicken Sweet Potato  Herbs
"4pawsraw|grain_free_haddock,_sweet_potato_with_parsley|raw",4PAWSRAW,4pawsraw,"Grain Free Haddock, Sweet Potato With Parsley"
"4pawsraw|grain_free_lamb,_sweet_potato__mint|raw",4PAWSRAW,4pawsraw,"Grain Free Lamb, Sweet Potato  Mint"
"4pawsraw|grain_free_light_turkey,_sweet_potato__cranberry|raw",4PAWSRAW,4pawsraw,"Grain Free Light Turkey, Sweet Potato  Cranberry"
4pawsraw|grain_free_pork_sweet_potato__apple|raw,4PAWSRAW,4pawsraw,Grain Free Pork Sweet Potato  Apple
angell|petco_superior_puppy_grain_free|unknown,Angell,angell,PetCo Superior Puppy Grain Free
aardvark|aardvark_complete_grain_free_insect_dry_food|dry,Aardvark,aardvark,Aardvark Complete Grain Free Insect Dry Food
aatu|aatu_free_run_chicken|dry,Aatu,aatu,Aatu Free Run Chicken
aatu|aatu_free_run_duck|dry,Aatu,aatu,Aatu Free Run Duck
aatu|aatu_free_run_turkey|dry,Aatu,aatu,Aatu Free Run Turkey
aatu|aatu_puppy_salmon|dry,Aatu,aatu,Aatu Puppy Salmon
"4pawsraw|grain_free_tuna_with_salmon,_sweet_potato_and_broccoli|raw",4PAWSRAW,4pawsraw,"Grain Free Tuna with Salmon, Sweet Potato and Broccoli"
4pawsraw|grain_free_turkey_sweet_potato__cranberry|raw,4PAWSRAW,4pawsraw,Grain Free Turkey Sweet Potato  Cranberry
"4pawsraw|grain_free_venison,_salmon,_sweet_potato__mulberry|raw",4PAWSRAW,4pawsraw,"Grain Free Venison, Salmon, Sweet Potato  Mulberry"
aardvark|complete_grain_free_insect_dry_food|dry,Aardvark,aardvark,Complete Grain Free Insect Dry Food
aatu|aatu_salmon|dry,Aatu,aatu,Aatu Salmon
aatu|chicken|unknown,Aatu,aatu,Chicken
aatu|duck__turkey|unknown,Aatu,aatu,Duck  Turkey
aatu|pork__wild_boar|unknown,Aatu,aatu,Pork  Wild Boar
aatu|shellfish|unknown,Aatu,aatu,Shellfish
aatu|tuna__salmon|unknown,Aatu,aatu,Tuna  Salmon
eukanuba|adult_german_shepherd|unknown,Eukanuba,eukanuba,Adult German Shepherd
aatu|puppy_salmon|dry,Aatu,aatu,Puppy Salmon
acana|acana_free_run_duck|dry,Acana,acana,Acana Free Run Duck
acana|acana_grass-fed_lamb|dry,Acana,acana,Acana Grass-Fed Lamb
aatu|free_run_duck|dry,Aatu,aatu,Free Run Duck
aatu|free_run_turkey|dry,Aatu,aatu,Free Run Turkey
aatu|salmon|dry,Aatu,aatu,Salmon
acana|acana_adult_dog_recipe_(grain-free)|dry,ACANA,acana,ACANA Adult Dog Recipe (Grain-Free)
acana|acana_highest_protein_grasslands|dry,Acana,acana,Acana Highest Protein Grasslands
acana|acana_highest_protein_pacifica|dry,Acana,acana,Acana Highest Protein Pacifica
acana|acana_light__fit_recipe|dry,Acana,acana,Acana Light  fit Recipe
acana|acana_light_&_fit_recipe|dry,Acana,acana,Acana Light & fit Recipe
acana|acana_prairie_poultry|dry,Acana,acana,Acana Prairie Poultry
acana|acana_puppy_large_breed_recipe|dry,Acana,acana,Acana Puppy Large Breed Recipe
doggy_dog|doggy_dog_adult_beef|dry,DOGGY Dog,doggy_dog,Doggy Dog Adult Beef
acana|acana_puppy_recipe|dry,Acana,acana,Acana Puppy Recipe
acana|acana_puppy_small_breed_recipe|dry,Acana,acana,Acana Puppy Small Breed Recipe
acana|acana_red_meat|dry,Acana,acana,Acana Red Meat
acana|acana_senior|dry,Acana,acana,Acana Senior
acana|acana_yorkshire_pork|dry,Acana,acana,Acana Yorkshire Pork
ami|one_planet_green_lentils__broccoli|unknown,Ami,ami,One Planet Green Lentils  Broccoli
acana|adult_large_breed_recipe|unknown,Acana,acana,Adult Large Breed Recipe
acana|adult_small_breed_recipe|unknown,Acana,acana,Adult Small Breed Recipe
acana|free_run_duck|dry,Acana,acana,Free Run Duck
ami|one_planet_medium_and_large_breeds|unknown,Ami,ami,One Planet Medium and Large Breeds
acana|puppy_large_breed_recipe|dry,Acana,acana,Puppy Large Breed Recipe
acana|puppy_recipe|dry,Acana,acana,Puppy Recipe
acana|puppy_small_breed_recipe|dry,Acana,acana,Puppy Small Breed Recipe
acana|senior|dry,Acana,acana,Senior
advance_veterinary_diets|advance_maxi_adult|dry,Advance Veterinary Diets,advance_veterinary_diets,Advance Maxi Adult
acana|highest_protein_grasslands|dry,Acana,acana,Highest Protein Grasslands
acana|highest_protein_pacifica|dry,Acana,acana,Highest Protein Pacifica
acana|highest_protein_ranchlands|unknown,Acana,acana,Highest Protein Ranchlands
acana|light__fit_recipe|dry,Acana,acana,Light  fit Recipe
acana|prairie_poultry|dry,Acana,acana,Prairie Poultry
acana|red_meat|dry,Acana,acana,Red Meat
acana|sport__agility_recipe|unknown,Acana,acana,Sport  Agility Recipe
acana|wild_coast|unknown,Acana,acana,Wild Coast
acana|yorkshire_pork|dry,Acana,acana,Yorkshire Pork
advance_veterinary_diets|advance_maxi_light|dry,Advance Veterinary Diets,advance_veterinary_diets,Advance Maxi Light
arden|grange_adult_grain_free_duck|unknown,Arden,arden,Grange Adult Grain Free Duck
advance_veterinary_diets|advance_maxi_senior|dry,Advance Veterinary Diets,advance_veterinary_diets,Advance Maxi Senior
advance_veterinary_diets|advance_medium_adult|dry,Advance Veterinary Diets,advance_veterinary_diets,Advance Medium Adult
advance_veterinary_diets|advance_medium_light_chicken|dry,Advance Veterinary Diets,advance_veterinary_diets,Advance Medium Light Chicken
advance_veterinary_diets|advance_medium_puppy_protect|dry,Advance Veterinary Diets,advance_veterinary_diets,Advance Medium Puppy Protect
advance_veterinary_diets|advance_medium_senior_vitality_7+|dry,Advance Veterinary Diets,advance_veterinary_diets,Advance Medium Senior Vitality 7+
advance_veterinary_diets|advance_mini_adult|dry,Advance Veterinary Diets,advance_veterinary_diets,Advance Mini Adult
advance_veterinary_diets|advance_mini_sensitive|dry,Advance Veterinary Diets,advance_veterinary_diets,Advance Mini Sensitive
advance_veterinary_diets|advance_puppy_protect_mini|dry,Advance Veterinary Diets,advance_veterinary_diets,Advance Puppy Protect Mini
advance_veterinary_diets|advance_veterinary_diets_articular_care_light|dry,Advance Veterinary Diets,advance_veterinary_diets,Advance Veterinary Diets Articular Care Light
advance_veterinary_diets|advance_veterinary_diets_articular_care|dry,Advance Veterinary Diets,advance_veterinary_diets,Advance Veterinary Diets Articular Care
advance_veterinary_diets|advance_veterinary_diets_atopic_mini|dry,Advance Veterinary Diets,advance_veterinary_diets,Advance Veterinary Diets Atopic Mini
advance_veterinary_diets|advance_veterinary_diets_atopic_with_trout|dry,Advance Veterinary Diets,advance_veterinary_diets,Advance Veterinary Diets Atopic with Trout
beco|free_range_turkey_with_pumpkin__spinach_puppy|unknown,Beco,beco,Free Range Turkey with Pumpkin  Spinach Puppy
bounce|bella_aromatic_chicken__veg_small_breed_adult|unknown,Bounce,bounce,Bella Aromatic Chicken  Veg Small Breed Adult
advance_veterinary_diets|advance_veterinary_diets_gastroenteric_mini|dry,Advance Veterinary Diets,advance_veterinary_diets,Advance Veterinary Diets Gastroenteric Mini
advance_veterinary_diets|advance_veterinary_diets_gastroenteric|dry,Advance Veterinary Diets,advance_veterinary_diets,Advance Veterinary Diets Gastroenteric
advance_veterinary_diets|advance_veterinary_diets_hypoallergenic_mini|dry,Advance Veterinary Diets,advance_veterinary_diets,Advance Veterinary Diets Hypoallergenic Mini
advance_veterinary_diets|advance_veterinary_diets_hypoallergenic|dry,Advance Veterinary Diets,advance_veterinary_diets,Advance Veterinary Diets Hypoallergenic
advance_veterinary_diets|advance_veterinary_diets_light_articular_care|dry,Advance Veterinary Diets,advance_veterinary_diets,Advance Veterinary Diets Light Articular Care
advance_veterinary_diets|advance_veterinary_diets_renal|dry,Advance Veterinary Diets,advance_veterinary_diets,Advance Veterinary Diets Renal
advance_veterinary_diets|advance_veterinary_diets_urinary|dry,Advance Veterinary Diets,advance_veterinary_diets,Advance Veterinary Diets Urinary
advance_veterinary_diets|advance_veterinary_diets_weight_balance_medium/maxi|dry,Advance Veterinary Diets,advance_veterinary_diets,Advance Veterinary Diets Weight Balance Medium/Maxi
advance_veterinary_diets|advance_veterinary_diets_weight_balance_mini|dry,Advance Veterinary Diets,advance_veterinary_diets,Advance Veterinary Diets Weight Balance Mini
advance|adult_medium|dry,Advance,advance,Adult Medium
advance|advance_french_bulldog_with_duck|dry,Advance,advance,Advance French Bulldog with Duck
affinity|advance_adult_french_bulldog|unknown,Affinity,affinity,Advance Adult French Bulldog
eukanuba|adult_boxer_chicken|dry,Eukanuba,eukanuba,Adult Boxer Chicken
advance|advance_yorkshire_terrier_adult|dry,Advance,advance,Advance Yorkshire Terrier Adult
affinity|advance_maxi_adult_chicken__rice|unknown,Affinity,affinity,Advance Maxi Adult Chicken  Rice
affinity|advance_maxi_puppy_chicken__rice|unknown,Affinity,affinity,Advance Maxi Puppy Chicken  Rice
affinity|advance_maxi_senior_vitality_chicken__rice|unknown,Affinity,affinity,Advance Maxi Senior Vitality Chicken  Rice
affinity|advance_medium_adult_chicken__rice|unknown,Affinity,affinity,Advance Medium Adult Chicken  Rice
affinity|advance_medium_puppy|unknown,Affinity,affinity,Advance Medium Puppy
affinity|advance_mini_senior_8_chicken__rice|unknown,Affinity,affinity,Advance Mini Senior 8 Chicken  Rice
affinity|ultima_medium/_maxi_adult_with_beef|unknown,Affinity,affinity,Ultima Medium/ Maxi Adult with Beef
affinity|advance_maxi_light_chicken__rice|unknown,Affinity,affinity,Advance Maxi Light Chicken  Rice
affinity|advance_mini_light_chicken__rice|unknown,Affinity,affinity,Advance Mini Light Chicken  Rice
affinity|ultima_medium/_maxi_golden__labrador_with_chicken|unknown,Affinity,affinity,Ultima Medium/ Maxi Golden  Labrador with Chicken
affinity|ultima_medium/_maxi_light_in_fat_chicken|unknown,Affinity,affinity,Ultima Medium/ Maxi Light in Fat Chicken
eukanuba|adult_golden_retriever_chicken|dry,Eukanuba,eukanuba,Adult Golden Retriever Chicken
affinity|ultima_medium/maxi_junior_chicken|unknown,Affinity,affinity,Ultima Medium/Maxi Junior Chicken
affinity|ultima_medium/maxi_senior_chicken|unknown,Affinity,affinity,Ultima Medium/Maxi Senior Chicken
aflora|puppy_salmon_with_haddock|unknown,Aflora,aflora,Puppy Salmon with Haddock
aflora|senior_turkey|unknown,Aflora,aflora,Senior Turkey
akela|80:20_free-range_chicken_complete_working_dog/puppy_food|unknown,Akela,akela,80:20 Free-Range Chicken Complete Working Dog/Puppy Food
aflora|angus_beef_with_sweet_potato|unknown,Aflora,aflora,Angus Beef with Sweet Potato
aflora|chicken_with_sweet_potato|unknown,Aflora,aflora,Chicken with Sweet Potato
aflora|lamb_with_sweet_potato|unknown,Aflora,aflora,Lamb with Sweet Potato
aflora|large_breed_salmon__trout|unknown,Aflora,aflora,Large Breed Salmon  Trout
aflora|large_breed_turkey|unknown,Aflora,aflora,Large Breed Turkey
aflora|small_breed_chicken_with_sweet_potato|unknown,Aflora,aflora,Small Breed Chicken with Sweet Potato
aflora|venison_with_salmon|unknown,Aflora,aflora,Venison with Salmon
akela|80:20_fish_feast_complete_working_dog_food|unknown,Akela,akela,80:20 Fish Feast Complete Working Dog Food
akela|80:20_scottish_salmon_complete_working_dog/puppy_food|unknown,Akela,akela,80:20 Scottish Salmon Complete Working Dog/Puppy Food
eukanuba|adult_jack_russell_terrier_chicken|dry,Eukanuba,eukanuba,Adult Jack Russell Terrier Chicken
akela|80:20_suffolk_duck_complete_working_dog|unknown,Akela,akela,80:20 Suffolk Duck Complete Working Dog
akela|90:10_ultra_complete_working_dog_food|unknown,Akela,akela,90:10 Ultra Complete Working Dog Food
akela|grain-free_complete_working_dog_70%_angus_beef|unknown,Akela,akela,Grain-Free Complete Working Dog 70% Angus Beef
akela|grain-free_complete_working_dog_70%_kangaroo|unknown,Akela,akela,Grain-Free Complete Working Dog 70% Kangaroo
akela|grain-free_complete_working_dog_chicken_with_goose_70:30|unknown,Akela,akela,Grain-Free Complete Working Dog Chicken With Goose 70:30
akela|grain-free_complete_working_dog_duck__turkey_70:30|unknown,Akela,akela,Grain-Free Complete Working Dog Duck  Turkey 70:30
akela|grain-free_complete_working_dog_fish_feast|unknown,Akela,akela,Grain-Free Complete Working Dog Fish Feast
akela|grain-free_complete_working_dog_original_70:30|unknown,Akela,akela,Grain-Free Complete Working Dog Original 70:30
aldi|adult_dry_with_beef__vegetables|dry,Aldi,aldi,Adult Dry with Beef  Vegetables
akela|grain-free_complete_wet_working_dog_70%_lamb|wet,Akela,akela,Grain-Free Complete Wet Working Dog 70% Lamb
aldi|earls_beef_in_gravy|unknown,Aldi,aldi,Earls Beef in Gravy
aldi|earls_with_chicken__vegetables|unknown,Aldi,aldi,Earls With Chicken  Vegetables
aldi|earls_worker_dog_with_chicken__vegetables|unknown,Aldi,aldi,Earls Worker Dog with Chicken  Vegetables
aldi|langhams_salmon_grain_free|unknown,Aldi,aldi,Langhams Salmon Grain Free
aldi|langhams_snap_and_serve_pack_mix|unknown,Aldi,aldi,Langhams Snap and Serve Pack Mix
aldi|worker_dog_with_beef__vegetables|unknown,Aldi,aldi,Worker Dog with Beef  Vegetables
algoods|complete_food_for_working_dogs_with_chicken|unknown,Algoods,algoods,Complete Food for Working Dogs with Chicken
aldi|earls_moist__meaty_chunks_with_chicken|unknown,Aldi,aldi,Earls Moist  Meaty Chunks with Chicken
aldi|earls_tender_pate_with_beef__liver|unknown,Aldi,aldi,Earls Tender Pate with Beef  Liver
aldi|earls_tender_pate_with_beef|unknown,Aldi,aldi,Earls Tender Pate with Beef
aldi|earls_tender_pate_with_lamb|unknown,Aldi,aldi,Earls Tender Pate with Lamb
aldi|earls_tender_pate_with_turkey__lamb|unknown,Aldi,aldi,Earls Tender Pate With Turkey  Lamb
aldi|earls_with_beef_in_jelly|unknown,Aldi,aldi,Earls with Beef in Jelly
aldi|earls_with_chicken_in_jelly|unknown,Aldi,aldi,Earls with Chicken in Jelly
almo_nature|almo_nature_bioorganic_maintenance|wet,Almo Nature,almo_nature,Almo Nature BioOrganic Maintenance
bozita|robur_sensitive_single_protein_lamb__rice|unknown,Bozita,bozita,Robur Sensitive Single Protein Lamb  Rice
almo_nature|almo_nature_hfc_adult_dog_medium/large_chicken|dry,Almo Nature,almo_nature,Almo Nature HFC Adult Dog Medium/Large Chicken
almo_nature|almo_nature_hfc_adult_dog_medium/large_pork|dry,Almo Nature,almo_nature,Almo Nature HFC Adult Dog Medium/Large Pork
almo_nature|almo_nature_hfc_adult_dog_medium/large_salmon|dry,Almo Nature,almo_nature,Almo Nature HFC Adult Dog Medium/Large Salmon
almo_nature|almo_nature_hfc|wet,Almo Nature,almo_nature,Almo Nature HFC
almo_nature|almo_nature_holistic_large_adult_dog_-_chicken_&_rice|dry,Almo Nature,almo_nature,Almo Nature Holistic Large Adult Dog - Chicken & Rice
almo_nature|almo_nature_holistic_large_adult_dog_-_lamb_&_rice|dry,Almo Nature,almo_nature,Almo Nature Holistic Large Adult Dog - Lamb & Rice
almo_nature|almo_nature_holistic_large_adult_salmon_&_rice_kibble_for_dogs|dry,Almo Nature,almo_nature,Almo Nature Holistic Large Adult Salmon & Rice Kibble for Dogs
almo_nature|almo_nature_holistic_medium_adult_dog_-_lamb_&_rice|dry,Almo Nature,almo_nature,Almo Nature Holistic Medium Adult Dog - Lamb & Rice
almo_nature|almo_nature_holistic_medium_adult_dog_-_salmon_&_rice|dry,Almo Nature,almo_nature,Almo Nature Holistic Medium Adult Dog - Salmon & Rice
almo_nature|almo_nature_holistic_small_adult_dog_-_salmon_&_rice|dry,Almo Nature,almo_nature,Almo Nature Holistic Small Adult Dog - Salmon & Rice
almo_nature|almo_nature_saver_pack|wet,Almo Nature,almo_nature,Almo Nature Saver Pack
almo|nature_holistic_maintenance_large_breed_salmon__rice|unknown,Almo,almo,Nature Holistic Maintenance Large Breed Salmon  Rice
almo|nature_holistic_puppy_with_fresh_chicken|unknown,Almo,almo,Nature Holistic Puppy With Fresh Chicken
alpha_spirit|alpha_spirit_7_days_formula_(semi-moist)|dry,Alpha Spirit,alpha_spirit,Alpha Spirit 7 Days Formula (Semi-Moist)
alpha|feeds_sporting_puppy_chicken__rice|unknown,Alpha,alpha,Feeds Sporting Puppy Chicken  Rice
alpha|spirit_beef_with_sage_canned_meatballs|unknown,Alpha,alpha,Spirit Beef with Sage Canned Meatballs
alpha|spirit_orygo_puppy_salmon__sweet_potato|unknown,Alpha,alpha,Spirit Orygo Puppy Salmon  Sweet Potato
alpha|spirit_duck_with_green_apple|unknown,Alpha,alpha,Spirit Duck with Green Apple
alpha|spirit_duck-the_only_one|unknown,Alpha,alpha,Spirit Duck-The Only One
alpha|spirit_ham_with_melon|unknown,Alpha,alpha,Spirit Ham with Melon
alpha|spirit_lamb_with_pear|unknown,Alpha,alpha,Spirit Lamb with Pear
alpha|spirit_multi_protein-the_only_one|unknown,Alpha,alpha,Spirit Multi Protein-The Only One
eukanuba|adult_labrador_retriever_chicken|dry,Eukanuba,eukanuba,Adult Labrador Retriever Chicken
alpha|spirit_chicken_with_turmeric_canned_meatballs|unknown,Alpha,alpha,Spirit Chicken with Turmeric Canned Meatballs
alpha|spirit_deer_with_rosemary_canned_meatballs|unknown,Alpha,alpha,Spirit Deer with Rosemary Canned Meatballs
alpha|spirit_lamb_with_cumin_canned_meatballs|unknown,Alpha,alpha,Spirit Lamb with Cumin Canned Meatballs
alpha|spirit_orygo_fresh_pork_with_broccoli|unknown,Alpha,alpha,Spirit Orygo Fresh Pork with Broccoli
alpha|spirit_orygo_fresh_salmon_with_blueberry|unknown,Alpha,alpha,Spirit Orygo Fresh Salmon with Blueberry
alpha|spirit_orygo_fresh_turkey_with_pumpkin|unknown,Alpha,alpha,Spirit Orygo Fresh Turkey with Pumpkin
alpha|spirit_orygo_pork_pate_with_broccoli|unknown,Alpha,alpha,Spirit Orygo Pork Pate with Broccoli
alpha|spirit_orygo_senior_chicken_with_legumes|unknown,Alpha,alpha,Spirit Orygo Senior Chicken with Legumes
eukanuba|18kg_eukanuba_dry_dog_food_-_15kg_+_3kg_free!_*|dry,Eukanuba,eukanuba,18kg Eukanuba Dry Dog Food - 15kg + 3kg Free! *
alpha|spirit_pork_with_yellow_apple|unknown,Alpha,alpha,Spirit Pork with Yellow Apple
alpha|spirit_poultry-the_only_one|unknown,Alpha,alpha,Spirit Poultry-The Only One
alpha|spirit_primal_spirit_iberian_pork|unknown,Alpha,alpha,Spirit Primal Spirit Iberian Pork
alpha|spirit_primal_spirit_iberian_salmon|unknown,Alpha,alpha,Spirit Primal Spirit Iberian Salmon
alpha|spirit_primal_spirit_iberian_sardine|unknown,Alpha,alpha,Spirit Primal Spirit Iberian Sardine
alpha|spirit_primal_spirit_oceanland_fish__chicken|unknown,Alpha,alpha,Spirit Primal Spirit Oceanland Fish  Chicken
alpha|spirit_orygo_turkey_pate_with_pumpkin|unknown,Alpha,alpha,Spirit Orygo Turkey Pate with Pumpkin
alpha|spirit_primal_spirit_iberian_ancestral_grassland_complete_wet_sausage|wet,Alpha,alpha,Spirit Primal Spirit Iberian Ancestral Grassland Complete Wet Sausage
alpha|spirit_primal_spirit_iberian_mediterranean_farm_complete_wet_sausage|wet,Alpha,alpha,Spirit Primal Spirit Iberian Mediterranean Farm Complete Wet Sausage
alpha|spirit_primal_spirit_iberian_nordic_sealand_complete_wet_sausage|wet,Alpha,alpha,Spirit Primal Spirit Iberian Nordic Sealand Complete Wet Sausage
alpha|spirit_primal_spirit_iberian_wild_forest_complete_wet_sausage|wet,Alpha,alpha,Spirit Primal Spirit Iberian Wild Forest Complete Wet Sausage
eukanuba|adult_large_breed_lamb__rice|dry,Eukanuba,eukanuba,Adult Large Breed Lamb  Rice
alpha|spirit_puppy-the_only_one|unknown,Alpha,alpha,Spirit Puppy-The Only One
amazon|beef_chunks_in_gravy|unknown,Amazon,amazon,Beef Chunks in Gravy
alpha|spirit_wild_fish-the_only_one|unknown,Alpha,alpha,Spirit Wild Fish-The Only One
amala|fish_and_chicken_recipe_working_dog|unknown,Amala,amala,Fish and Chicken Recipe Working Dog
amala|fish_and_chicken_recipe|unknown,Amala,amala,Fish and Chicken Recipe
alpha|spirit_primal_spirit_rebel_farm_chicken__fish|unknown,Alpha,alpha,Spirit Primal Spirit Rebel Farm Chicken  Fish
alpha|spirit_primal_spirit_wild_waters_fish__chicken|unknown,Alpha,alpha,Spirit Primal Spirit Wild Waters Fish  Chicken
"alpha|spirit_primal_spirit_wilderness_pork,_chicken__fish|unknown",Alpha,alpha,"Spirit Primal Spirit Wilderness Pork, Chicken  Fish"
alpha|spirit_rabbit_with_banana|unknown,Alpha,alpha,Spirit Rabbit with Banana
alpha|spirit_salmon_with_pineapple|unknown,Alpha,alpha,Spirit Salmon with Pineapple
alpha|spirit_sardine_with_banana|unknown,Alpha,alpha,Spirit Sardine with Banana
alpha|spirit_turkey_with_coriander_canned_meatballs|unknown,Alpha,alpha,Spirit Turkey with Coriander Canned Meatballs
alpha|spirit_turkey_with_pear|unknown,Alpha,alpha,Spirit Turkey with Pear
amazon|lifelong_chicken__rice_medium_and_large_breeds|unknown,Amazon,amazon,Lifelong Chicken  Rice Medium and Large Breeds
amazon|lifelong_chicken__rice_small_breed|unknown,Amazon,amazon,Lifelong Chicken  Rice Small Breed
amazon|lifelong_salmon__rice_medium_and_large_breed|unknown,Amazon,amazon,Lifelong Salmon  Rice Medium and Large Breed
amazon|lifelong_small_breed_salmon__rice|unknown,Amazon,amazon,Lifelong Small Breed Salmon  Rice
amazon|rich_in_beef_with_peas|unknown,Amazon,amazon,Rich in Beef with Peas
amazon|rich_in_chicken_with_peas|unknown,Amazon,amazon,Rich in Chicken with Peas
amazon|rich_in_lamb_and_rice|unknown,Amazon,amazon,Rich in Lamb and Rice
amazon|working_dogs_with_lamb__rice|unknown,Amazon,amazon,Working Dogs with Lamb  Rice
amazon|lifelong_grain_free_senior_with_fresh_chicken|unknown,Amazon,amazon,Lifelong Grain Free Senior with Fresh Chicken
amazon|meat_selection_in_gravy|unknown,Amazon,amazon,Meat Selection in Gravy
amazon|pate_with_beef|unknown,Amazon,amazon,Pate with Beef
amazon|pate_with_game|unknown,Amazon,amazon,Pate with Game
amazon|poultry_chunks_in_gravy|unknown,Amazon,amazon,Poultry Chunks in Gravy
ambrosia|adult_all_breeds_beef__fresh_salmon|unknown,Ambrosia,ambrosia,Adult All Breeds Beef  Fresh Salmon
ambrosia|adult_all_breeds_chicken__veggies|unknown,Ambrosia,ambrosia,Adult All Breeds Chicken  Veggies
ambrosia|adult_all_breeds_salmon__rabbit|unknown,Ambrosia,ambrosia,Adult All Breeds Salmon  Rabbit
ambrosia|puppy__growth_chicken__white_fish|unknown,Ambrosia,ambrosia,Puppy  Growth Chicken  White Fish
ambrosia|adult_all_breeds_fresh_turkey__duck|unknown,Ambrosia,ambrosia,Adult All Breeds Fresh Turkey  Duck
ambrosia|adult_all_breeds_fresh_venison__lamb|unknown,Ambrosia,ambrosia,Adult All Breeds Fresh Venison  Lamb
ambrosia|adult_large_breeds_fresh_turkey__chicken|unknown,Ambrosia,ambrosia,Adult Large Breeds Fresh Turkey  Chicken
ambrosia|adult_mini_breeds_fresh_salmon__chicken|unknown,Ambrosia,ambrosia,Adult Mini Breeds Fresh Salmon  Chicken
ambrosia|adult_mini_breeds_fresh_salmon__rabbit|unknown,Ambrosia,ambrosia,Adult Mini Breeds Fresh Salmon  Rabbit
ambrosia|large_breed_puppy__growth_fresh_chicken|unknown,Ambrosia,ambrosia,Large Breed Puppy  Growth Fresh Chicken
ambrosia|mediterranean_diet_all_breeds_fresh_sardine__tuna|unknown,Ambrosia,ambrosia,Mediterranean Diet All Breeds Fresh Sardine  Tuna
ambrosia|mediterranean_diet_senior__sterilized_fresh_sardine__cod|unknown,Ambrosia,ambrosia,Mediterranean Diet Senior  Sterilized Fresh Sardine  Cod
ambrosia|puppy__growth_chicken__fresh_fish|unknown,Ambrosia,ambrosia,Puppy  Growth Chicken  Fresh Fish
ambrosia|senior__sterilized_turkey__white_fish|unknown,Ambrosia,ambrosia,Senior  Sterilized Turkey  White Fish
angell|petco_superior_adult_medium/large_breed|unknown,Angell,angell,PetCo Superior Adult Medium/Large Breed
angell|petco_superior_adult_small_breed|unknown,Angell,angell,PetCo Superior Adult Small Breed
angell|petco_superior_maintenance|unknown,Angell,angell,PetCo Superior Maintenance
ami|one_planet_mini__toys|unknown,Ami,ami,One Planet Mini  Toys
ami|one_planet_orange_pumpkin__sweet_potatoes|unknown,Ami,ami,One Planet Orange Pumpkin  Sweet Potatoes
ami|one_planet_red_beans__tomatoes|unknown,Ami,ami,One Planet Red Beans  Tomatoes
ami|one_planet_yellow_carrots__potatoes|unknown,Ami,ami,One Planet Yellow Carrots  Potatoes
angell|petco_superior_lite_sensitive_tummies_weight_control|unknown,Angell,angell,PetCo Superior Lite Sensitive Tummies Weight Control
brit|adult_medium_breed_chicken|dry,Brit,brit,Adult Medium Breed Chicken
brit|adult_small_breed_chicken|dry,Brit,brit,Adult Small Breed Chicken
ambrosia|senior__sterilized_all_breeds_fresh_turkey|unknown,Ambrosia,ambrosia,Senior  Sterilized All Breeds Fresh Turkey
aniforte|pure_nature_country_beef|unknown,AniForte,aniforte,Pure Nature Country Beef
aniforte|semi_moist_cold_pressed_salmon|unknown,AniForte,aniforte,Semi Moist Cold Pressed Salmon
animonda|animonda_grancarno_original_junior|wet,animonda,animonda,animonda GranCarno Original Junior
aniforte|pure_nature_farms_lamb|unknown,AniForte,aniforte,Pure Nature Farms Lamb
aniforte|pure_nature_greenfield_turkey|unknown,AniForte,aniforte,Pure Nature Greenfield Turkey
aniforte|pure_nature_senior_menu|unknown,AniForte,aniforte,Pure Nature Senior Menu
aniforte|pure_nature_wild_buffalo|unknown,AniForte,aniforte,Pure Nature Wild Buffalo
animonda|animonda_grancarno_adult_poultry_&_beef|dry,Animonda,animonda,animonda GranCarno Adult Poultry & Beef
animonda|animonda_grancarno_adult_poultry_&_lamb|dry,Animonda,animonda,animonda GranCarno Adult Poultry & Lamb
animonda|animonda_grancarno_junior_poultry_&_lamb|dry,Animonda,animonda,animonda GranCarno Junior Poultry & Lamb
animonda|animonda_grancarno_original_adult|wet,animonda,animonda,animonda GranCarno Original Adult
animonda|animonda_grancarno_original_senior|wet,animonda,animonda,animonda GranCarno Original Senior
animonda|animonda_grancarno_senior_poultry_&_beef|dry,Animonda,animonda,animonda GranCarno Senior Poultry & Beef
animonda|animonda_vom_feinsten_adult_grain-free|wet,animonda,animonda,animonda vom Feinsten Adult Grain-Free
animonda|grancarno_adult_dog_with_game|unknown,Animonda,animonda,GranCarno Adult Dog with Game
animonda|grancarno_adult_dog_with_turkey|unknown,Animonda,animonda,GranCarno Adult Dog with Turkey
animonda|grancarno_junior_dog_with_turkey|unknown,Animonda,animonda,GranCarno Junior Dog with Turkey
applaws|adult_chicken__lamb|dry,Applaws,applaws,Adult Chicken  Lamb
applaws|adult_chicken_breast_in_broth|wet,Applaws,applaws,Adult Chicken Breast in Broth
"applaws|adult_chicken,_beef_liver__vegetables|wet",Applaws,applaws,"Adult Chicken, Beef Liver  Vegetables"
"applaws|adult_chicken,_ham__vegetables|wet",Applaws,applaws,"Adult Chicken, Ham  Vegetables"
"applaws|adult_chicken,_salmon__vegetables|wet",Applaws,applaws,"Adult Chicken, Salmon  Vegetables"
"applaws|adult_chicken,_tuna__vegetables|wet",Applaws,applaws,"Adult Chicken, Tuna  Vegetables"
animonda|grancarno_adult_poultry_&_beef_(dry)|dry,Animonda,animonda,GranCarno Adult Poultry & Beef (dry)
antelope|grain_free_adult_fresh_beef|unknown,Antelope,antelope,Grain Free Adult Fresh Beef
antelope|grain_free_adult_fresh_chicken|unknown,Antelope,antelope,Grain Free Adult Fresh Chicken
antelope|grain_free_adult_fresh_lamb|unknown,Antelope,antelope,Grain Free Adult Fresh Lamb
antelope|grain_free_puppy_fresh_turkey|unknown,Antelope,antelope,Grain Free Puppy Fresh Turkey
applaws|adult_chicken|dry,Applaws,applaws,Adult Chicken
applaws|adult_large_breed_chicken|dry,Applaws,applaws,Adult Large Breed Chicken
applaws|applaws_adult_chicken__lamb|dry,Applaws,applaws,Applaws Adult Chicken  Lamb
applaws|applaws_adult_chicken_&_lamb|dry,Applaws,applaws,Applaws Adult Chicken & Lamb
applaws|applaws_adult_chicken_breast_in_broth|wet,Applaws,applaws,Applaws Adult Chicken Breast in Broth
"applaws|applaws_adult_chicken,_beef_liver_&_vegetables|wet",Applaws,applaws,"Applaws Adult Chicken, Beef Liver & Vegetables"
"applaws|applaws_adult_chicken,_ham_&_vegetables|wet",Applaws,applaws,"Applaws Adult Chicken, Ham & Vegetables"
"applaws|applaws_adult_chicken,_salmon_&_vegetables|wet",Applaws,applaws,"Applaws Adult Chicken, Salmon & Vegetables"
"applaws|applaws_adult_chicken,_tuna_&_vegetables|wet",Applaws,applaws,"Applaws Adult Chicken, Tuna & Vegetables"
applaws|applaws_adult_chicken_(dry)|dry,Applaws,applaws,Applaws Adult Chicken (Dry)
applaws|applaws_adult_chicken|dry,Applaws,applaws,Applaws Adult Chicken
applaws|applaws_adult_large_breed_chicken|dry,Applaws,applaws,Applaws Adult Large Breed Chicken
applaws|applaws_puppy_chicken|dry,Applaws,applaws,Applaws Puppy Chicken
applaws|applaws_puppy_large_breed_chicken|dry,Applaws,applaws,Applaws Puppy Large Breed Chicken
applaws|applaws_senior_chicken|dry,Applaws,applaws,Applaws Senior Chicken
applaws|applaws_adult_small_&_medium_breed_-_chicken|dry,Applaws,applaws,Applaws Adult Small & Medium Breed - Chicken
applaws|applaws_puppy_large_breed_-_chicken|dry,Applaws,applaws,Applaws Puppy Large Breed - Chicken
applaws|applaws_puppy_small_&_medium_breed_-_chicken|dry,Applaws,applaws,Applaws Puppy Small & Medium Breed - Chicken
applaws|taste_toppers_jelly_tin_selection|unknown,Applaws,applaws,Taste Toppers Jelly Tin Selection
applaws|puppy_chicken|dry,Applaws,applaws,Puppy Chicken
applaws|puppy_large_breed_chicken|dry,Applaws,applaws,Puppy Large Breed Chicken
applaws|senior_chicken|dry,Applaws,applaws,Senior Chicken
arden_grange|arden_grange_adult_chicken_&_rice|dry,Arden Grange,arden_grange,Arden Grange Adult Chicken & Rice
arden_grange|arden_grange_adult_lamb_&_rice|dry,Arden Grange,arden_grange,Arden Grange Adult Lamb & Rice
arden_grange|arden_grange_adult_light_chicken_&_rice|dry,Arden Grange,arden_grange,Arden Grange Adult Light Chicken & Rice
arden_grange|arden_grange_adult_mini_lamb_&_rice|dry,Arden Grange,arden_grange,Arden Grange Adult Mini Lamb & Rice
arden_grange|arden_grange_adult_premium_chicken_&_rice|dry,Arden Grange,arden_grange,Arden Grange Adult Premium Chicken & Rice
applaws|applaws_taste_toppers_mixed_pack|wet,Applaws,applaws,Applaws Taste Toppers Mixed Pack
arden_grange|arden_grange_adult_prestige_chicken|dry,Arden Grange,arden_grange,Arden Grange Adult Prestige Chicken
arden_grange|arden_grange_adult_salmon_&_rice|dry,Arden Grange,arden_grange,Arden Grange Adult Salmon & Rice
arden_grange|arden_grange_large_breed|dry,Arden Grange,arden_grange,Arden Grange Large Breed
"arden_grange|arden_grange_partners_chicken,_rice_&_veg|wet",Arden Grange,arden_grange,"Arden Grange Partners Chicken, Rice & Veg"
"arden_grange|arden_grange_partners_lamb,_rice_&_veg|wet",Arden Grange,arden_grange,"Arden Grange Partners Lamb, Rice & Veg"
arden_grange|arden_grange_puppy_junior_chicken_&_rice|dry,Arden Grange,arden_grange,Arden Grange Puppy Junior Chicken & Rice
arden_grange|arden_grange_puppy_junior_large_breed_chicken_&_rice|dry,Arden Grange,arden_grange,Arden Grange Puppy Junior Large Breed Chicken & Rice
arden_grange|arden_grange_senior_chicken_&_rice|dry,Arden Grange,arden_grange,Arden Grange Senior Chicken & Rice
arden_grange|arden_grange_sensitive_adult|dry,Arden Grange,arden_grange,Arden Grange Sensitive Adult
arden|grange_adult_chicken__rice|dry,Arden,arden,Grange Adult Chicken  Rice
arden|grange_adult_lamb__rice|dry,Arden,arden,Grange Adult Lamb  Rice
arden|grange_adult_light_chicken__rice|dry,Arden,arden,Grange Adult Light Chicken  Rice
arden|grange_adult_mini_lamb__rice|dry,Arden,arden,Grange Adult Mini Lamb  Rice
arden|grange_adult_premium_chicken__rice|dry,Arden,arden,Grange Adult Premium Chicken  Rice
arden|grange_adult_prestige_chicken|dry,Arden,arden,Grange Adult Prestige Chicken
arden|grange_adult_salmon__rice|dry,Arden,arden,Grange Adult Salmon  Rice
arden|grange_adult_grain_free_lamb|unknown,Arden,arden,Grange Adult Grain Free Lamb
arden|grange_adult_grain_free_salmon|unknown,Arden,arden,Grange Adult Grain Free Salmon
arden|grange_adult_grain_free_turkey|unknown,Arden,arden,Grange Adult Grain Free Turkey
arden|grange_adult_large_breed_sensitive|unknown,Arden,arden,Grange Adult Large Breed Sensitive
arden|grange_adult_pork__rice|unknown,Arden,arden,Grange Adult Pork  Rice
arden|grange_grain_free_adult_duck__superfoods|unknown,Arden,arden,Grange Grain Free Adult Duck  Superfoods
arden|grange_grain_free_adult_lamb__superfoods|unknown,Arden,arden,Grange Grain Free Adult Lamb  Superfoods
arden|grange_grain_free_adult_turkey__superfoods|unknown,Arden,arden,Grange Grain Free Adult Turkey  Superfoods
arden|grange_grain_free_light/senior|unknown,Arden,arden,Grange Grain Free Light/Senior
arden|grange_grain_free_puppy|unknown,Arden,arden,Grange Grain Free Puppy
arden|grange_puppy_junior_chicken__rice|dry,Arden,arden,Grange Puppy Junior Chicken  Rice
arden|grange_puppy_junior_large_breed_chicken__rice|dry,Arden,arden,Grange Puppy Junior Large Breed Chicken  Rice
arden|grange_senior_chicken__rice|dry,Arden,arden,Grange Senior Chicken  Rice
arden|grange_sensitive_adult|dry,Arden,arden,Grange Sensitive Adult
"arden|grange_partners_chicken,_rice__veg|wet",Arden,arden,"Grange Partners Chicken, Rice  Veg"
"arden|grange_partners_lamb,_rice__veg|wet",Arden,arden,"Grange Partners Lamb, Rice  Veg"
arden|grange_mini_adult_chicken__rice|unknown,Arden,arden,Grange Mini Adult Chicken  Rice
arden|grange_partners_sensitive_adult|unknown,Arden,arden,Grange Partners Sensitive Adult
arden|grange_performance_adult|unknown,Arden,arden,Grange Performance Adult
arden|grange_sensitive_light/senior|unknown,Arden,arden,Grange Sensitive Light/Senior
arden|grange_sensitive_mini_adult|unknown,Arden,arden,Grange Sensitive Mini Adult
arden|grange_sensitive_puppy/junior|unknown,Arden,arden,Grange Sensitive Puppy/Junior
arden|grange_weaning/puppy|unknown,Arden,arden,Grange Weaning/Puppy
arion|arion_original_growth_large_breed_fish|dry,Arion,arion,Arion Original Growth Large Breed Fish
arion|arion_original_growth_medium_breed_chicken|dry,Arion,arion,Arion Original Growth Medium Breed Chicken
arion|arion_original_growth_medium_breed_fish|dry,Arion,arion,Arion Original Growth Medium Breed Fish
arion|arion_original_growth_small_breed_chicken|dry,Arion,arion,Arion Original Growth Small Breed Chicken
arion|arion_original_high_energy_all_breeds_chicken|dry,Arion,arion,Arion Original High Energy All Breeds Chicken
arion|arion_original_maintenance_giant_breed_chicken|dry,Arion,arion,Arion Original Maintenance Giant Breed Chicken
arion|arion_original_maintenance_medium_breed_chicken|dry,Arion,arion,Arion Original Maintenance Medium Breed Chicken
arion|arion_original_maintenance_small_breed_chicken|dry,Arion,arion,Arion Original Maintenance Small Breed Chicken
arion|arion_original_mature_7+_medium/large_breed_chicken|dry,Arion,arion,Arion Original Mature 7+ Medium/Large Breed Chicken
arion|arion_original_sensitive_large_breed_lamb|dry,Arion,arion,Arion Original Sensitive Large Breed Lamb
arion|care_digestion|unknown,Arion,arion,Care Digestion
arion|care_hypoallergenic|unknown,Arion,arion,Care Hypoallergenic
arion|care_joint|unknown,Arion,arion,Care Joint
arion|care_weight|unknown,Arion,arion,Care Weight
arkwrights|arkwrights_beef|dry,Arkwrights,arkwrights,Arkwrights Beef
arkwrights|arkwrights_chicken|dry,Arkwrights,arkwrights,Arkwrights Chicken
arion|arion_original_sensitive_small_breed_lamb|dry,Arion,arion,Arion Original Sensitive Small Breed Lamb
arion|arion_original_skin_&_coat_large_breed_salmon|dry,Arion,arion,Arion Original Skin & Coat Large Breed Salmon
arion|arion_original_skin_&_coat_medium_breed_salmon|dry,Arion,arion,Arion Original Skin & Coat Medium Breed Salmon
arion|fresh_adult_active|unknown,Arion,arion,Fresh Adult Active
arion|fresh_adult_medium_large|unknown,Arion,arion,Fresh Adult Medium Large
arion|fresh_adult_sensitive|unknown,Arion,arion,Fresh Adult Sensitive
arion|fresh_adult_small|unknown,Arion,arion,Fresh Adult Small
arion|fresh_junior|unknown,Arion,arion,Fresh Junior
arion|fresh_senior_light|unknown,Arion,arion,Fresh Senior Light
arkwrights|arkwrights_sporting_complete_with_extra_beef|dry,Arkwrights,arkwrights,Arkwrights Sporting Complete with Extra Beef
arkwrights|sensitive_complete_with_chicken|unknown,Arkwrights,arkwrights,Sensitive Complete with Chicken
asda|asda_hero_beef_&_vegetables|dry,ASDA,asda,ASDA Hero Beef & Vegetables
asda|asda_hero_chicken_rice_&_vegetables|dry,ASDA,asda,ASDA Hero Chicken Rice & Vegetables
arkwrights|chicken|dry,Arkwrights,arkwrights,Chicken
arquivet|arquivet_fresh_farm_poultry|dry,Arquivet,arquivet,Arquivet Fresh Farm Poultry
arquivet|arquivet_fresh_free-range_duck|dry,Arquivet,arquivet,Arquivet Fresh Free-Range Duck
arquivet|arquivet_fresh_free-range_turkey|dry,Arquivet,arquivet,Arquivet Fresh Free-Range Turkey
arquivet|arquivet_fresh_iberian_pork|dry,Arquivet,arquivet,Arquivet Fresh Iberian Pork
arquivet|arquivet_grain-free_turkey|dry,Arquivet,arquivet,Arquivet Grain-Free Turkey
arquivet|arquivet_original_adult_lamb_&_rice|dry,Arquivet,arquivet,Arquivet Original Adult Lamb & Rice
arquivet|arquivet_original_senior_&_light_chicken|dry,Arquivet,arquivet,Arquivet Original Senior & Light Chicken
asda|asda_hero_meaty_&_poultry_chunks_in_jelly|wet,ASDA,asda,ASDA Hero Meaty & Poultry Chunks in Jelly
asda|asda_hero_puppy_with_chicken|dry,ASDA,asda,ASDA Hero Puppy With Chicken
asda|asda_hero_senior_chicken_rice_&_veg|dry,ASDA,asda,ASDA Hero Senior Chicken Rice & Veg
autarky|adult_grain_free_delicious_chicken|unknown,Autarky,autarky,Adult Grain Free Delicious Chicken
autarky|adult_grain_free_luscious_lamb|unknown,Autarky,autarky,Adult Grain Free Luscious Lamb
autarky|adult_grain_free_succulent_salmon|unknown,Autarky,autarky,Adult Grain Free Succulent Salmon
asda|hero_chicken__veg_working|unknown,ASDA,asda,Hero Chicken  Veg Working
asda|hero_light_with_chicken_rice__veg|unknown,ASDA,asda,Hero Light with Chicken Rice  Veg
asda|hero_puppy_with_chicken|dry,ASDA,asda,Hero Puppy With Chicken
asda|hero_senior_chicken_rice__veg|dry,ASDA,asda,Hero Senior Chicken Rice  Veg
asda|hero_chicken_rice__vegetables|dry,ASDA,asda,Hero Chicken Rice  Vegetables
asda|hero_meaty__poultry_chunks_in_jelly|wet,ASDA,asda,Hero Meaty  Poultry Chunks in Jelly
auchan|auchan_complete_dry_dog_food_beef|dry,Auchan,auchan,Auchan Complete Dry Dog Food Beef
autarky|autarky_delicious_chicken|dry,Autarky,autarky,Autarky Delicious Chicken
autarky|autarky_grain_free_tasty_white_fish|dry,Autarky,autarky,Autarky Grain Free Tasty White Fish
autarky|autarky_mature_lite_delicious_chicken|dry,Autarky,autarky,Autarky Mature Lite Delicious Chicken
autarky|autarky_mature_lite_succulent_salmon|dry,Autarky,autarky,Autarky Mature Lite Succulent Salmon
autarky|autarky_puppy/junior_delicious_chicken|dry,Autarky,autarky,Autarky Puppy/Junior Delicious Chicken
autarky|autarky_succululent_salmon|dry,Autarky,autarky,Autarky Succululent Salmon
autarky|autarky_tantalising_turkey_&_potato_grain_free|dry,Autarky,autarky,Autarky Tantalising Turkey & Potato Grain Free
autarky|grain_free_tasty_white_fish|dry,Autarky,autarky,Grain Free Tasty White Fish
autarky|mature_lite_delicious_chicken|dry,Autarky,autarky,Mature Lite Delicious Chicken
autarky|mature_lite_succulent_salmon|dry,Autarky,autarky,Mature Lite Succulent Salmon
autarky|puppy/junior_delicious_chicken|dry,Autarky,autarky,Puppy/Junior Delicious Chicken
alpha|feeds_working_maintenance_beef|unknown,Alpha,alpha,Feeds Working Maintenance Beef
autarky|puppy/junior_grain_free_tantalising_turkey|unknown,Autarky,autarky,Puppy/Junior Grain Free Tantalising Turkey
autarky|senior_grain_free_tantalising_turkey|unknown,Autarky,autarky,Senior Grain Free Tantalising Turkey
bakers|adult_beef__vegetable|dry,Bakers,bakers,Adult Beef  Vegetable
bakers|adult_chicken__vegetable|dry,Bakers,bakers,Adult Chicken  Vegetable
bakers|adult_meaty_meals_beef|dry,Bakers,bakers,Adult Meaty Meals Beef
bakers|adult_meaty_meals_chicken|dry,Bakers,bakers,Adult Meaty Meals Chicken
bakers|adult_small_breed_beef__vegetable|dry,Bakers,bakers,Adult Small Breed Beef  Vegetable
bakers|adult_small_breed_chicken__vegetable|dry,Bakers,bakers,Adult Small Breed Chicken  Vegetable
bakers|adult_small_breed_meaty_meals_beef|dry,Bakers,bakers,Adult Small Breed Meaty Meals Beef
bakers|adult_small_breed_meaty_meals_chicken|dry,Bakers,bakers,Adult Small Breed Meaty Meals Chicken
bakers|adult_weight_control_chicken_rice__vegetable|dry,Bakers,bakers,Adult Weight Control Chicken Rice  Vegetable
bakers|bakers_adult_beef_&_vegetable|dry,Bakers,bakers,Bakers Adult Beef & Vegetable
bakers|bakers_adult_chicken_&_vegetable|dry,Bakers,bakers,Bakers Adult Chicken & Vegetable
bakers|bakers_adult_meaty_meals_beef|dry,Bakers,bakers,Bakers Adult Meaty Meals Beef
bakers|puppy_chicken__vegetable|dry,Bakers,bakers,Puppy Chicken  Vegetable
bakers|senior_chicken_rice__vegetable|dry,Bakers,bakers,Senior Chicken Rice  Vegetable
barkinbistro|beef_stew|unknown,barkinBISTRO,barkinbistro,Beef Stew
barkinbistro|chicken_casserole|unknown,barkinBISTRO,barkinbistro,Chicken Casserole
barkinbistro|roast_pork|unknown,barkinBISTRO,barkinbistro,Roast Pork
barking|heads_all_hounder_bowl_lickin_goodness_lamb|unknown,Barking,barking,Heads All Hounder Bowl Lickin Goodness Lamb
barking|heads_all_hounder_fat_dog_slim|unknown,Barking,barking,Heads All Hounder Fat Dog Slim
"alpha|feeds_everyday_beef,_chicken__veg|unknown",Alpha,alpha,"Feeds Everyday Beef, Chicken  Veg"
"barfgold|barf_menü_rind_(beef_menu,_raw_frozen)|BARF",Barfgold,barfgold,"BARF Menü Rind (Beef Menu, Raw Frozen)"
barking|heads_all_hounder_puppy_days_turkey|unknown,Barking,barking,Heads All Hounder Puppy Days Turkey
barking|heads_all_hounder_golden_years|unknown,Barking,barking,Heads All Hounder Golden Years
barking|heads_all_hounder_hair_necessities|unknown,Barking,barking,Heads All Hounder Hair Necessities
barking|heads_all_hounder_tummy_lovin_care_fish|unknown,Barking,barking,Heads All Hounder Tummy Lovin Care Fish
barking|heads_big_foot_golden_years|unknown,Barking,barking,Heads Big Foot Golden Years
barking|heads_big_foot_puppy_days|dry,Barking,barking,Heads Big Foot Puppy Days
barking|heads_beef_waggington_wet|wet,Barking,barking,Heads Beef Waggington Wet
barking|heads_big_foot_bowl_lickin_chicken|dry,Barking,barking,Heads Big Foot Bowl Lickin Chicken
barking|heads_big_foot_chop_lickin_lamb|dry,Barking,barking,Heads Big Foot Chop Lickin Lamb
barking|heads_bowl_lickin_chicken_wet|wet,Barking,barking,Heads Bowl Lickin Chicken Wet
barking|heads_bowl_lickin_chicken|dry,Barking,barking,Heads Bowl Lickin Chicken
barking|heads_chop_lickin_lamb_wet|wet,Barking,barking,Heads Chop Lickin Lamb Wet
barking|heads_chop_lickin_lamb|dry,Barking,barking,Heads Chop Lickin Lamb
barking|heads_doggylicious_duck|dry,Barking,barking,Heads Doggylicious Duck
barking|heads_little_paws_golden_years|unknown,Barking,barking,Heads Little Paws Golden Years
"alpha|feeds_grain_free_chicken,_potato__veg|unknown",Alpha,alpha,"Feeds Grain Free Chicken, Potato  Veg"
barking|heads_puppy_days_wet|wet,Barking,barking,Heads Puppy Days Wet
barking|heads_puppy_days|dry,Barking,barking,Heads Puppy Days
barking|heads_fat_dog_slim|dry,Barking,barking,Heads Fat Dog Slim
barking|heads_fish_n_delish|dry,Barking,barking,Heads Fish N Delish
barking|heads_golden_years_wet|wet,Barking,barking,Heads Golden Years Wet
barking|heads_little_paws_bowl_lickin_chicken|dry,Barking,barking,Heads Little Paws Bowl Lickin Chicken
barking|heads_little_paws_chop_lickin_lamb|dry,Barking,barking,Heads Little Paws Chop Lickin Lamb
barking|heads_little_paws_fuss_pot_duck|dry,Barking,barking,Heads Little Paws Fuss Pot Duck
barking|heads_plant_powered_pooches|dry,Barking,barking,Heads Plant Powered Pooches
barking|heads_pooched_salmon|dry,Barking,barking,Heads Pooched Salmon
barking|heads_top_dog_turkey_wet|wet,Barking,barking,Heads Top Dog Turkey Wet
barking|heads_top_dog_turkey|dry,Barking,barking,Heads Top Dog Turkey
smølke|smølke_dog_adult_mini|dry,Smølke,sm_lke,Smølke Dog Adult Mini
"beanfields|farm_puppy_salmon,_sweet_potato__asparagus|unknown",Beanfields,beanfields,"Farm Puppy Salmon, Sweet Potato  Asparagus"
beanfields|farm_chicken_with_sweet_potato__herbs|unknown,Beanfields,beanfields,Farm Chicken with Sweet Potato  Herbs
"beanfields|farm_salmon,_trout,_sweet_potato__asparagus|unknown",Beanfields,beanfields,"Farm Salmon, Trout, Sweet Potato  Asparagus"
"beanfields|farm_tuna_with_salmon,_sweet_potato__broccoli|unknown",Beanfields,beanfields,"Farm Tuna with Salmon, Sweet Potato  Broccoli"
bear|birdy_organic_beef__garden_medley|unknown,Bear,bear,Birdy Organic Beef  Garden Medley
bear|birdy_organic_gentlemans_chicken_banquet|unknown,Bear,bear,Birdy Organic Gentlemans Chicken Banquet
bear|birdy_organic_grain-free_chicken|unknown,Bear,bear,Birdy Organic Grain-Free Chicken
bear|birdy_organic_regal_lamb_grain-free|unknown,Bear,bear,Birdy Organic Regal Lamb Grain-Free
bear|birdy_organic_surf__turf_grain-free|unknown,Bear,bear,Birdy Organic Surf  Turf Grain-Free
bear|birdy_organic_turkey__chicken_medley|unknown,Bear,bear,Birdy Organic Turkey  Chicken Medley
bear|birdy_organic_vegetable_medley_vegan_dog_food|unknown,Bear,bear,Birdy Organic Vegetable Medley Vegan Dog Food
beco|free_range_chicken_with_carrot__chicory|unknown,Beco,beco,Free Range Chicken with Carrot  Chicory
beco|free_range_chicken_with_carrots__green_beans|unknown,Beco,beco,Free Range Chicken with Carrots  Green Beans
beco|small_breed_free_range_turkey_with_broccoli__pea|unknown,Beco,beco,Small Breed Free Range Turkey with Broccoli  Pea
alpha|feeds_performance_chicken__rice|unknown,Alpha,alpha,Feeds Performance Chicken  Rice
beco|wild_boar_with_broccoli__carrots|unknown,Beco,beco,Wild Boar with Broccoli  Carrots
beco|wild_boar_with_pumpkin__broccoli|unknown,Beco,beco,Wild Boar with Pumpkin  Broccoli
beco|wild_caught_cod__haddock|unknown,Beco,beco,Wild Caught Cod  Haddock
belcando|adult_active|unknown,Belcando,belcando,Adult Active
belcando|adult_dinner|unknown,Belcando,belcando,Adult Dinner
belcando|adult_grain_free_beef|unknown,Belcando,belcando,Adult Grain Free Beef
belcando|adult_grain_free_horse|unknown,Belcando,belcando,Adult Grain Free Horse
belcando|adult_grain_free_ocean|unknown,Belcando,belcando,Adult Grain Free Ocean
belcando|adult_grain_free_poultry|unknown,Belcando,belcando,Adult Grain Free Poultry
belcando|adult_iberico__rice|unknown,Belcando,belcando,Adult Iberico  Rice
belcando|adult_lamb__rice|unknown,Belcando,belcando,Adult Lamb  Rice
belcando|adult_light|unknown,Belcando,belcando,Adult Light
belcando|beef_with_potatoes__peas|unknown,Belcando,belcando,Beef With Potatoes  Peas
alpha|feeds_sensitive_chicken__rice|unknown,Alpha,alpha,Feeds Sensitive Chicken  Rice
belcando|chicken__duck_with_millet__carrots|unknown,Belcando,belcando,Chicken  Duck with Millet  Carrots
belcando|finest_croc|unknown,Belcando,belcando,Finest Croc
belcando|belcando_adult_dinner|dry,Belcando,belcando,Belcando Adult Dinner
belcando|belcando_adult_grain-free_ocean|dry,Belcando,belcando,Belcando Adult Grain-free Ocean
belcando|belcando_adult_iberico_&_rice|dry,Belcando,belcando,Belcando Adult Iberico & Rice
belcando|belcando_adult_lamb_&_rice|dry,Belcando,belcando,Belcando Adult Lamb & Rice
belcando|belcando_adult_multi-croc|dry,Belcando,belcando,Belcando Adult Multi-Croc
belcando|belcando_baseline_fisher|dry,Belcando,belcando,Belcando Baseline Fisher
belcando|belcando_baseline_young|dry,Belcando,belcando,Belcando Baseline Young
belcando|belcando_finest_croc|dry,Belcando,belcando,Belcando Finest Croc
belcando|belcando_grain-free_mix_it|dry,Belcando,belcando,Belcando grain-free Mix It
belcando|belcando_junior_grain-free_poultry|dry,Belcando,belcando,Belcando Junior Grain-free Poultry
belcando|belcando_senior_sensitive|dry,Belcando,belcando,Belcando Senior Sensitive
belcando|finest_grain_free_lamb|unknown,Belcando,belcando,Finest Grain Free Lamb
alpha|feeds_sensitive_extra_duck__rice|unknown,Alpha,alpha,Feeds Sensitive Extra Duck  Rice
belcando|finest_grain_free_senior|unknown,Belcando,belcando,Finest Grain Free Senior
belcando|junior_lamb__rice|unknown,Belcando,belcando,Junior Lamb  Rice
belcando|junior_maxi|unknown,Belcando,belcando,Junior Maxi
benevo|adult_original|dry,Benevo,benevo,Adult Original
belcando|puppy_grain_free_poultry|unknown,Belcando,belcando,Puppy Grain Free Poultry
belcando|turkey_with_rice__courgettes|unknown,Belcando,belcando,Turkey With Rice  Courgettes
beneful|beneful_feel-good_weight|dry,Beneful,beneful,Beneful Feel-Good Weight
beneful|beneful_happy_years_7+|dry,Beneful,beneful,Beneful Happy Years 7+
beneful|saver_pack_beneful_2_x|dry,Beneful,beneful,Saver Pack Beneful 2 x
benevo|duo_complete_for_dogs_and_cats|wet,Benevo,benevo,Duo Complete for Dogs and Cats
benevo|grain_free_vegetable_feast|wet,Benevo,benevo,Grain Free Vegetable Feast
belcando|finest_grain_free_salmon|unknown,Belcando,belcando,Finest Grain Free Salmon
belcando|iberico_pork_with_chick_peas__lingonberry|unknown,Belcando,belcando,Iberico Pork With Chick Peas  Lingonberry
belcando|lamb_with_rice__tomatoes|unknown,Belcando,belcando,Lamb With Rice  tomatoes
benevo|puppy|dry,Benevo,benevo,Puppy
bentleys|buffalo_superfood_blend|unknown,Bentleys,bentleys,Buffalo Superfood Blend
bentleys|duck_superfood_blend|unknown,Bentleys,bentleys,Duck Superfood Blend
bentleys|free_range_chicken_superfood_blend|unknown,Bentleys,bentleys,Free Range Chicken Superfood Blend
bentleys|free_range_turkey_superfoods_blend|unknown,Bentleys,bentleys,Free Range Turkey Superfoods Blend
bentleys|grass_fed_lamb_superfood_blend|unknown,Bentleys,bentleys,Grass Fed Lamb Superfood Blend
bentleys|salmon_superfood_blend|unknown,Bentleys,bentleys,Salmon Superfood Blend
bentleys|taste_of_the_ocean|unknown,Bentleys,bentleys,Taste of the Ocean
alpha|spirit_7_days_formula-the_only_one|unknown,Alpha,alpha,Spirit 7 Days Formula-The Only One
benyfit|natural_beef__tripe|raw,Benyfit,benyfit,Natural Beef  Tripe
benyfit|natural_chicken__tripe|raw,Benyfit,benyfit,Natural Chicken  Tripe
benyfit|natural_duck_complete_working_adult|unknown,Benyfit,benyfit,Natural Duck Complete Working Adult
benyfit|natural_goose__turkey_complete|unknown,Benyfit,benyfit,Natural Goose  Turkey Complete
benyfit|natural_lamb_complete_working_adult|unknown,Benyfit,benyfit,Natural Lamb Complete Working Adult
benyfit|natural_meat_feast_turkey|raw,Benyfit,benyfit,Natural Meat Feast Turkey
benyfit|natural_perfect_puppy_chicken|raw,Benyfit,benyfit,Natural Perfect Puppy Chicken
benyfit|natural_perfect_puppy_turkey|raw,Benyfit,benyfit,Natural Perfect Puppy Turkey
benyfit|natural_senior_care_chicken|raw,Benyfit,benyfit,Natural Senior Care Chicken
benyfit|natural_senior_care_turkey|raw,Benyfit,benyfit,Natural Senior Care Turkey
beta|adult_large_breed_turkey|unknown,Beta,beta,Adult Large Breed Turkey
beta|adult_small_breed_chicken|unknown,Beta,beta,Adult Small Breed Chicken
beta|adult_turkey__lamb|unknown,Beta,beta,Adult Turkey  Lamb
beta|adult_chicken|dry,Beta,beta,Adult Chicken
alpha|spirit_anchovy_with_red_apple|unknown,Alpha,alpha,Spirit Anchovy with Red Apple
beta|adult_light_turkey|dry,Beta,beta,Adult Light Turkey
beta|adult_sensitive_salmon|dry,Beta,beta,Adult Sensitive Salmon
beta|adult_working_chicken|dry,Beta,beta,Adult Working Chicken
beta|puppy_chicken|dry,Beta,beta,Puppy Chicken
beta|puppy_large_breed_turkey|dry,Beta,beta,Puppy Large Breed Turkey
benyfit|natural_succlulent_beef|raw,Benyfit,benyfit,Natural Succlulent Beef
benyfit|natural_tasty_turkey|raw,Benyfit,benyfit,Natural Tasty Turkey
alpha|spirit_beef_with_melon|unknown,Alpha,alpha,Spirit Beef with Melon
beta|senior_chicken|dry,Beta,beta,Senior Chicken
beta|puppy_small_breed_chicken|unknown,Beta,beta,Puppy Small Breed Chicken
beta|puppy_turkey__lamb|unknown,Beta,beta,Puppy Turkey  Lamb
"betty|butch_insect,_sweet_potato_and_cranberry_adult|unknown",BETTY,betty,"BUTCH Insect, Sweet Potato and Cranberry Adult"
"betty|butch_duck,_rice_and_veg|unknown",BETTY,betty,"BUTCH Duck, Rice and Veg"
"betty|butch_lamb,_rice_and_veg|unknown",BETTY,betty,"BUTCH Lamb, Rice and Veg"
betty|butch_grain-free_natural_chicken_small_breed|unknown,BETTY,betty,BUTCH Grain-Free Natural Chicken Small Breed
betty|butch_grain-free_natural_duck|unknown,BETTY,betty,BUTCH Grain-Free Natural Duck
betty|butch_grain-free_natural_lamb_sweet_potato_and_veg|unknown,BETTY,betty,BUTCH Grain-Free Natural Lamb Sweet Potato And Veg
betty|butch_grain-free_natural_turkey_sweet_potato_and_veg_senior|unknown,BETTY,betty,BUTCH Grain-Free Natural Turkey Sweet Potato And Veg Senior
betty|butch_grain-free_natural_turkey_sweet_potato_and_veg|unknown,BETTY,betty,BUTCH Grain-Free Natural Turkey Sweet Potato And Veg
betty|butch_grain-free_natural_venison_sweet_potato_and_veg|unknown,BETTY,betty,BUTCH Grain-Free Natural Venison Sweet Potato And Veg
betty|butch_low-fat_natural_turkey_sweet_potato_and_veg|unknown,BETTY,betty,BUTCH Low-Fat Natural Turkey Sweet Potato And Veg
betty|butch_superfood_adult_angus_beef_with_vegetables|unknown,BETTY,betty,BUTCH Superfood Adult Angus Beef With Vegetables
betty|butch_superfood_adult_chicken_with_vegetables|unknown,BETTY,betty,BUTCH Superfood Adult Chicken With Vegetables
betty|butch_superfood_adult_duck_with_vegetables|unknown,BETTY,betty,BUTCH Superfood Adult Duck With Vegetables
betty|butch_superfood_adult_lamb_with_vegetables|unknown,BETTY,betty,BUTCH Superfood Adult Lamb With Vegetables
betty|butch_superfood_adult_small_breed_low_fat|unknown,BETTY,betty,BUTCH Superfood Adult Small Breed Low Fat
betty|butch_superfood_adult_turkey_with_vegetables|unknown,BETTY,betty,BUTCH Superfood Adult Turkey With Vegetables
alpha|feeds_junior__sporting_chicken__rice|unknown,Alpha,alpha,Feeds Junior  Sporting Chicken  Rice
betty|butch_ocean_fish_and_sweet_potato|unknown,BETTY,betty,BUTCH Ocean Fish and Sweet Potato
betty|butch_peptide_weight_control__joint_care_hypoallergenic|unknown,BETTY,betty,BUTCH Peptide Weight Control  Joint Care Hypoallergenic
betty|butch_natural_ocean_salmon__trout|unknown,BETTY,betty,BUTCH Natural Ocean Salmon  Trout
betty|butch_natural_salmon_large_breed|unknown,BETTY,betty,BUTCH Natural Salmon Large Breed
bewi_dog|bewi_dog_basic|dry,Bewi Dog,bewi_dog,Bewi Dog Basic
betty|butch_turkey_and_sweet_potato|unknown,BETTY,betty,BUTCH Turkey and Sweet Potato
big|bully_pet_supplies_superfoods_all_life_stages_salmon|unknown,BIG,big,BULLY PET SUPPLIES Superfoods All Life Stages Salmon
big|bully_pet_supplies_muscle_builder_80:20_mixed_meat|unknown,BIG,big,BULLY PET SUPPLIES Muscle Builder 80:20 Mixed Meat
brit|adult_large_breed_chicken|dry,Brit,brit,Adult Large Breed Chicken
billy|margot_chicken_superfood_blend|unknown,Billy,billy,Margot Chicken Superfood Blend
billy|margot_chicken_with_superfoods_puppy|wet,Billy,billy,Margot Chicken with Superfoods Puppy
billy|margot_puppy_chicken_superfood_blend|dry,Billy,billy,Margot Puppy Chicken Superfood Blend
big|bully_pet_supplies_working__sporting_chicken|unknown,BIG,big,BULLY PET SUPPLIES Working  Sporting Chicken
big|bully_pet_supplies_working__sporting_dog_angus_beef|unknown,BIG,big,BULLY PET SUPPLIES Working  Sporting Dog Angus Beef
big|bully_pet_supplies_working__sporting_salmon|unknown,BIG,big,BULLY PET SUPPLIES Working  Sporting Salmon
billy|margot_beef_with_superfood_blend_pouch|unknown,Billy,billy,Margot Beef with Superfood Blend Pouch
billy|margot_chicken_with_superfoods_pouch|unknown,Billy,billy,Margot Chicken with Superfoods Pouch
billy|margot_chicken_with_superfoods|wet,Billy,billy,Margot Chicken with Superfoods
billy|margot_lamb_superfood_blend|dry,Billy,billy,Margot Lamb Superfood Blend
billy|margot_salmon_superfood_blend|dry,Billy,billy,Margot Salmon Superfood Blend
biofood|adult_crispy|unknown,Biofood,biofood,Adult Crispy
biofood|adult_mini|unknown,Biofood,biofood,Adult Mini
biofood|petfood_pressed_adult|unknown,Biofood,biofood,Petfood Pressed Adult
biofood|pressed_mini_puppy__small_breed|unknown,Biofood,biofood,Pressed Mini Puppy  Small Breed
biofood|puppy|unknown,Biofood,biofood,Puppy
biofood|beef_menu|unknown,Biofood,biofood,Beef Menu
biofood|control_mini|unknown,Biofood,biofood,Control Mini
biofood|dinner|unknown,Biofood,biofood,Dinner
biofood|lamb__rice|unknown,Biofood,biofood,Lamb  Rice
biofood|meat_diet_chicken__duck|unknown,Biofood,biofood,Meat Diet Chicken  Duck
biofood|meat_diet_chicken__lamb|unknown,Biofood,biofood,Meat Diet Chicken  Lamb
biofood|meat_diet_chicken__salmon|unknown,Biofood,biofood,Meat Diet Chicken  Salmon
billy|margot_wild_boar_superfood_blend|dry,Billy,billy,Margot Wild Boar Superfood Blend
biofood|organic_pressed_chicken|unknown,Biofood,biofood,Organic Pressed Chicken
biofood|pressed_lamb|unknown,Biofood,biofood,Pressed Lamb
biofood|pressed_salmon|unknown,Biofood,biofood,Pressed Salmon
brit|adult_light|dry,Brit,brit,Adult Light
bonzo|bonzo_vitafit_junior|dry,Bonzo,bonzo,Bonzo Vitafit Junior
biofood|senior|unknown,Biofood,biofood,Senior
boost|succulent_chicken_with_superfoods_puppy|unknown,Boost,boost,Succulent Chicken with Superfoods Puppy
boost|fish_supper|unknown,Boost,boost,Fish Supper
boost|hearty_meat_feast_with_superfoods|unknown,Boost,boost,Hearty Meat Feast with Superfoods
boost|juicy_pork_with_superfoods|unknown,Boost,boost,Juicy Pork with Superfoods
boost|succulent_chicken_with_superfoods|unknown,Boost,boost,Succulent Chicken with Superfoods
bonzo|bonzo_mini_menu_beef_&_lamb|dry,Bonzo,bonzo,Bonzo Mini Menu Beef & Lamb
bonzo|bonzo_mini_menu_chicken_&_vegetables|dry,Bonzo,bonzo,Bonzo Mini Menu Chicken & Vegetables
bonzo|bonzo_vitafit_maxi|dry,Bonzo,bonzo,Bonzo Vitafit Maxi
bonzo|bonzo_vitafit_selection_menu|dry,Bonzo,bonzo,Bonzo Vitafit Selection Menu
biofood|sensitive_mini|unknown,Biofood,biofood,Sensitive Mini
biofood|turkey_menu|unknown,Biofood,biofood,Turkey Menu
bob|and_lush_luscious_lamb|unknown,Bob,bob,and Lush Luscious Lamb
bonza|superfoods__ancient_grains|unknown,Bonza,bonza,Superfoods  Ancient Grains
"borders|pet_foods_grain_free_adult_duck,_sweet_potato__orange|unknown",Borders,borders,"Pet Foods Grain Free Adult Duck, Sweet Potato  Orange"
"borders|pet_foods_grain_free_adult_lamb,_sweet_potato__mint|unknown",Borders,borders,"Pet Foods Grain Free Adult Lamb, Sweet Potato  Mint"
brit|adult_sport_chicken|dry,Brit,brit,Adult Sport Chicken
"borders|pet_foods_grain_free_adult_light_with_trout,_salmon,_sweet_potato__asparagus|unknown",Borders,borders,"Pet Foods Grain Free Adult Light With Trout, Salmon, Sweet Potato  Asparagus"
"borders|pet_foods_grain_free_adult_pork,_sweet_potato__apple|unknown",Borders,borders,"Pet Foods Grain Free Adult Pork, Sweet Potato  Apple"
"borders|pet_foods_grain_free_adult_salmon,_trout,_sweet_potato__asparagus|unknown",Borders,borders,"Pet Foods Grain Free Adult Salmon, Trout, Sweet Potato  Asparagus"
borders|pet_foods_grain_free_adult_small_breed_duck_with_sweet_potato__orange|unknown,Borders,borders,Pet Foods Grain Free Adult Small Breed Duck With Sweet Potato  Orange
"borders|pet_foods_grain_free_adult_turkey,_sweet_potato__cranberry|unknown",Borders,borders,"Pet Foods Grain Free Adult Turkey, Sweet Potato  Cranberry"
"borders|pet_foods_grain_free_adult_venison,_sweet_potato__mulberry|unknown",Borders,borders,"Pet Foods Grain Free Adult Venison, Sweet Potato  Mulberry"
borders|pet_foods_grain_free_large_breed_puppy_junior_salmon__sweet_potato|unknown,Borders,borders,Pet Foods Grain Free Large Breed Puppy Junior Salmon  Sweet Potato
"borders|pet_foods_grain_free_light_adult_turkey,_sweet_potato__cranberry|unknown",Borders,borders,"Pet Foods Grain Free Light Adult Turkey, Sweet Potato  Cranberry"
boost|turkey_meal_for_working_dogs|unknown,Boost,boost,Turkey Meal for Working Dogs
brit|brit_care_dog_grain-free_adult_large_breed_salmon_&_potato|dry,Brit,brit,Brit Care Dog Grain-Free Adult Large Breed Salmon & Potato
borders|pet_foods_grain_free_puppy_chicken_with_turkey__salmon|unknown,Borders,borders,Pet Foods Grain Free Puppy Chicken With Turkey  Salmon
"borders|pet_foods_grain_free_small_breed_adult_chicken,_sweet_potato__herb|unknown",Borders,borders,"Pet Foods Grain Free Small Breed Adult Chicken, Sweet Potato  Herb"
"borders|pet_foods_grain_free_small_breed_adult_salmon,_trout,_sweet_potato__asparagus|unknown",Borders,borders,"Pet Foods Grain Free Small Breed Adult Salmon, Trout, Sweet Potato  Asparagus"
borders|pet_foods_naturals_puppy_junior_turkey__rice|unknown,Borders,borders,Pet Foods Naturals Puppy Junior Turkey  Rice
borders|pet_foods_naturals_senior_light_turkey__rice|unknown,Borders,borders,Pet Foods Naturals Senior Light Turkey  Rice
"borders|pet_foods_large_breed_adult_turkey,_sweet_potato__cranberry|unknown",Borders,borders,"Pet Foods Large Breed Adult Turkey, Sweet Potato  Cranberry"
borders|pet_foods_super_premium_adult_lamb__rice|unknown,Borders,borders,Pet Foods Super Premium Adult Lamb  Rice
borders|pet_foods_super_premium_adult_large_breed_chicken__rice|unknown,Borders,borders,Pet Foods Super Premium Adult Large Breed Chicken  Rice
borders|pet_foods_super_premium_working_adult_turkey__rice|unknown,Borders,borders,Pet Foods Super Premium Working Adult Turkey  Rice
borders|pet_foods_superior_adult_angus_beef|unknown,Borders,borders,Pet Foods Superior Adult Angus Beef
borders|pet_foods_superior_adult_british_free_range_chicken|unknown,Borders,borders,Pet Foods Superior Adult British Free Range Chicken
brit|brit_care_dog_grain-free_adult_salmon_&_potato|dry,Brit,brit,Brit Care Dog Grain-free Adult Salmon & Potato
borders|pet_foods_superior_adult_english_country_duck|unknown,Borders,borders,Pet Foods Superior Adult English Country Duck
bosch|bosch_adult_dry_dog_food_mixed_trial_pack|dry,bosch,bosch,bosch Adult Dry Dog Food Mixed Trial Pack
bosch|bosch_adult_fish_&_potato_dry_dog_food|dry,bosch,bosch,bosch Adult Fish & Potato Dry Dog Food
bosch|bosch_adult_lamb_&_rice|dry,bosch,bosch,bosch Adult Lamb & Rice
bosch|bosch_adult_life_&_care_dry_dog_food|dry,bosch,bosch,bosch Adult Life & Care Dry Dog Food
borders|pet_foods_superior_adult_free_range_turkey|unknown,Borders,borders,Pet Foods Superior Adult Free Range Turkey
borders|pet_foods_superior_adult_scottish_salmon|unknown,Borders,borders,Pet Foods Superior Adult Scottish Salmon
borders|pet_foods_superior_adult_small_breed_angus_beef|unknown,Borders,borders,Pet Foods Superior Adult Small Breed Angus Beef
borders|pet_foods_superior_puppy_free_range_turkey|unknown,Borders,borders,Pet Foods Superior Puppy Free Range Turkey
borders|pet_foods_superior_puppy_scottish_salmon|unknown,Borders,borders,Pet Foods Superior Puppy Scottish Salmon
borders|pet_foods_superior_senior_scottish_salmon|unknown,Borders,borders,Pet Foods Superior Senior Scottish Salmon
bosch|adult_lamb__rice|unknown,Bosch,bosch,Adult Lamb  Rice
bosch|adult_with_fish__potato|unknown,Bosch,bosch,Adult with Fish  Potato
bright|eyes_bushy_tails_puppy_junior_super_premium_chicken_and_rice_wheat_free_working_puppy_dog_food_for_small_to_medium_breeds|unknown,Bright,bright,Eyes Bushy Tails Puppy Junior Super Premium Chicken and Rice Wheat Free Working Puppy Dog Food for small to medium breeds
bosch|bosch_junior_medium_dry_dog_food|dry,bosch,bosch,bosch Junior Medium Dry Dog Food
bosch|bosch_adult_menu_dry_dog_food|dry,bosch,bosch,bosch Adult Menu Dry Dog Food
bosch|bosch_adult_mini_poultry_&_millet_dry_dog_food|dry,bosch,bosch,bosch Adult Mini Poultry & Millet Dry Dog Food
bosch|bosch_adult_mini_senior_dry_dog_food|dry,bosch,bosch,bosch Adult Mini Senior Dry Dog Food
bosch|bosch_adult_salmon_&_potato|dry,bosch,bosch,bosch Adult Salmon & Potato
bosch|bosch_hpc_adult_vegan_potato_&_pea|dry,bosch,bosch,bosch HPC Adult Vegan Potato & Pea
bosch|bosch_hpc_oven_baked_beef|dry,bosch,bosch,bosch HPC Oven Baked beef
bosch|bosch_hpc_soft_maxi_water_buffalo_&_sweet_potato|dry,bosch,bosch,bosch HPC Soft Maxi Water Buffalo & Sweet potato
bosch|bosch_junior_lamb_&_rice_dry_dog_food|dry,bosch,bosch,bosch Junior Lamb & Rice Dry Dog Food
bosch|bosch_light_dry_dog_food|dry,bosch,bosch,bosch Light Dry Dog Food
bosch|bosch_organic_adult_dry_dog_food|dry,bosch,bosch,bosch Organic Adult Dry Dog Food
bosch|bosch_puppy_dry_dog_food|dry,bosch,bosch,bosch Puppy Dry Dog Food
bosch|bosch_senior_age_&_weight_dry_dog_food|dry,bosch,bosch,bosch Senior Age & Weight Dry Dog Food
bosch|maxi_adult|unknown,Bosch,bosch,Maxi Adult
bosch|organic_adult|unknown,Bosch,bosch,Organic Adult
bosch|organic_senior|unknown,Bosch,bosch,Organic Senior
bosch|senior|unknown,Bosch,bosch,Senior
bounce|bella_aromatic_chicken__veg_adult|unknown,Bounce,bounce,Bella Aromatic Chicken  Veg Adult
bounce|bella_chicken_with_turkey__salmon_puppy|unknown,Bounce,bounce,Bella Chicken with Turkey  Salmon Puppy
brit|brit_care_dog_grain-free_puppy_salmon_&_potato|dry,Brit,brit,Brit Care Dog Grain-free Puppy Salmon & Potato
bosch|light|unknown,Bosch,bosch,Light
bosch|bosch_sensible_renal_&_reduction_dry_dog_food|dry,bosch,bosch,bosch Sensible Renal & Reduction Dry Dog Food
bosch|bosch_soft_chicken_&_banana_hpc_dry_dog_food|dry,bosch,bosch,bosch Soft Chicken & Banana HPC Dry Dog Food
bosch|bosch_soft_duck_&_potato_hpc_dry_dog_food|dry,bosch,bosch,bosch Soft Duck & Potato HPC Dry Dog Food
bosch|bosch_soft_senior_goat_&_potato_hpc_dog_food|dry,bosch,bosch,bosch Soft Senior Goat & Potato HPC Dog Food
bosch|bosch_special_light_dry_dog_food|dry,bosch,bosch,bosch Special Light Dry Dog Food
bosch|mini_adult_lamb_&_rice|dry,Bosch,bosch,Mini Adult Lamb & Rice
bosch|sensitive_lamb__rice|unknown,Bosch,bosch,Sensitive Lamb  Rice
bounce|bella_gourmet_duck__orange_adult|unknown,Bounce,bounce,Bella Gourmet Duck  Orange Adult
brit|brit_care_dog_grain-free_senior_&_light_salmon_&_potato|dry,Brit,brit,Brit Care Dog Grain-free Senior & Light Salmon & Potato
"bounce|bella_hearty_lamb,_mint__veg_adult|unknown",Bounce,bounce,"Bella Hearty Lamb, Mint  Veg Adult"
bounce|bella_irresistible_angus_beef_adult|unknown,Bounce,bounce,Bella Irresistible Angus Beef Adult
bounce|bella_luxury_aberdeen_angus_beef_adult|unknown,Bounce,bounce,Bella Luxury Aberdeen Angus Beef Adult
bounce|bella_luxury_free_range_chicken_adult|unknown,Bounce,bounce,Bella Luxury Free Range Chicken Adult
bounce|bella_luxury_free_range_turkey_puppy|unknown,Bounce,bounce,Bella Luxury Free Range Turkey Puppy
bounce|bella_luxury_free_range_turkey_small_breed_adult|unknown,Bounce,bounce,Bella Luxury Free Range Turkey Small Breed Adult
bounce|bella_luxury_grass_fed_lamb_adult|unknown,Bounce,bounce,Bella Luxury Grass Fed Lamb Adult
bounce|bella_luxury_scottish_salmon_adult|unknown,Bounce,bounce,Bella Luxury Scottish Salmon Adult
bounce|bella_luxury_scottish_salmon_puppy|unknown,Bounce,bounce,Bella Luxury Scottish Salmon Puppy
bounce|bella_luxury_scottish_salmon_senior|unknown,Bounce,bounce,Bella Luxury Scottish Salmon Senior
bounce|bella_luxury_scottish_salmon_small_breed_adult|unknown,Bounce,bounce,Bella Luxury Scottish salmon Small Breed Adult
bounce|bella_salmon_large_breed_puppy|unknown,Bounce,bounce,Bella Salmon Large Breed Puppy
bounce|bella_steamed_cooked_salmon__trout_adult|unknown,Bounce,bounce,Bella Steamed Cooked Salmon  Trout Adult
bounce|bella_tasty_trout__salmon_senior|unknown,Bounce,bounce,Bella Tasty Trout  Salmon Senior
bounce|bella_turkey__cranberry_large_breed_adult|unknown,Bounce,bounce,Bella Turkey  Cranberry Large Breed Adult
bozita|bozita_original_adult_light|dry,Bozita,bozita,Bozita Original Adult Light
bozita|bozita_original_adult_xl_with_lamb_-_wheat-free|dry,Bozita,bozita,Bozita Original Adult XL with Lamb - Wheat-Free
bozita|bozita_original_puppy_&_junior_with_chicken_-_wheat-free|dry,Bozita,bozita,Bozita Original Puppy & Junior with Chicken - Wheat-Free
bozita|bozita_grain_free_elk|dry,Bozita,bozita,Bozita Grain Free Elk
bozita|bozita_grain_free_mother_&_puppy_elk|dry,Bozita,bozita,Bozita Grain Free Mother & Puppy Elk
bozita|bozita_grain_free_mother_&_puppy_xl_elk|dry,Bozita,bozita,Bozita Grain Free Mother & Puppy XL Elk
bozita|bozita_grain_free_reindeer|dry,Bozita,bozita,Bozita Grain Free Reindeer
bozita|bozita_grain_free_salmon_&_beef_for_large_dogs|dry,Bozita,bozita,Bozita Grain Free Salmon & Beef for Large Dogs
bozita|bozita_grain_free_salmon_&_beef_for_small_dogs|dry,Bozita,bozita,Bozita Grain Free Salmon & Beef for Small Dogs
bozita|bozita_original_adult_flavour_plus_with_reindeer_-_wheat-free|dry,Bozita,bozita,Bozita Original Adult Flavour Plus with Reindeer - Wheat-Free
bozita|bozita_original_senior_&_vital_with_chicken_-_wheat-free|dry,Bozita,bozita,Bozita Original Senior & Vital with Chicken - Wheat-Free
bozita|bozita_robur_adult_active_performance_reindeer|dry,Bozita,bozita,Bozita Robur Adult Active Performance Reindeer
bozita|bozita_robur_puppy_&_junior_chicken|dry,Bozita,bozita,Bozita Robur Puppy & Junior Chicken
bozita|bozita_robur_senior|dry,Bozita,bozita,Bozita Robur Senior
bozita_fd8f0ef7,Bozita,bozita,Purely Adult Elk
bozita|original_adult_flavour_plus_with_reindeer|unknown,Bozita,bozita,Original Adult Flavour Plus with Reindeer
bozita|purely_lamb_pate|unknown,Bozita,bozita,Purely Lamb Pate
bozita|original_adult_xl_with_lamb|unknown,Bozita,bozita,Original Adult XL with Lamb
bozita|purely_puppy__junior_elk|unknown,Bozita,bozita,Purely Puppy  Junior Elk
bozita|purely_puppy__junior_turkey|unknown,Bozita,bozita,Purely Puppy  Junior Turkey
bozita|purely_large_breed_salmon__beef|unknown,Bozita,bozita,Purely Large Breed Salmon  Beef
bozita|chicken__rice_chunks_in_jelly|unknown,Bozita,bozita,Chicken  Rice Chunks In Jelly
bozita|robur_maintenance|unknown,Bozita,bozita,Robur Maintenance
bozita|purely_reindeer|unknown,Bozita,bozita,Purely Reindeer
bozita|robur_sensitive_grain_free_reindeer|unknown,Bozita,bozita,Robur Sensitive Grain Free Reindeer
briantos|adult_chicken__rice|unknown,Briantos,briantos,Adult Chicken  Rice
briantos|adult_grain-free_lamb__potato|unknown,Briantos,briantos,Adult Grain-Free Lamb  Potato
briantos|adult_grain-free_salmon__potato|unknown,Briantos,briantos,Adult Grain-Free Salmon  Potato
bozita|purely_salmon_pate|unknown,Bozita,bozita,Purely Salmon Pate
bozita|purely_venison_pate|unknown,Bozita,bozita,Purely Venison Pate
bozita|reindeer_chunks_in_jelly|unknown,Bozita,bozita,Reindeer Chunks In Jelly
bozita|salmon_chunks_in_jelly|unknown,Bozita,bozita,Salmon Chunks In Jelly
brekkies|brekkies_complete_chicken|dry,Brekkies,brekkies,Brekkies Complete Chicken
brekkies|brekkies_delicious_beef|dry,Brekkies,brekkies,Brekkies Delicious Beef
burns|burns_adult_&_senior_original_chicken_&_brown_rice|dry,Burns,burns,Burns Adult & Senior Original Chicken & Brown Rice
briantos|briantos_adult_grain-free_duck_&_potato|dry,Briantos,briantos,Briantos Adult Grain-Free Duck & Potato
briantos|adult_light/sterilised_grain-free_turkey__potato|unknown,Briantos,briantos,Adult Light/Sterilised Grain-Free Turkey  Potato
briantos|briantos_adult_lamb_&_rice|dry,Briantos,briantos,Briantos Adult Lamb & Rice
briantos|briantos_adult_light/sterilised_grain-free_turkey_&_potato|dry,Briantos,briantos,Briantos Adult Light/Sterilised Grain-Free Turkey & Potato
briantos|adult_light|unknown,Briantos,briantos,Adult Light
briantos|adult_mini_lamb__rice|unknown,Briantos,briantos,Adult Mini Lamb  Rice
briantos|adult_mobility_grain-free_chicken__potato|unknown,Briantos,briantos,Adult Mobility Grain-Free Chicken  Potato
briantos|adult_salmon__rice|unknown,Briantos,briantos,Adult Salmon  Rice
briantos|adult_sensitive_lamb__rice|unknown,Briantos,briantos,Adult Sensitive Lamb  Rice
cotswold|pet_supplies_fallons_small_bite_salmon__potato|unknown,Cotswold,cotswold,Pet Supplies Fallons Small Bite Salmon  Potato
briantos|briantos_junior|dry,Briantos,briantos,Briantos Junior
briantos|briantos_adult_light|dry,Briantos,briantos,Briantos Adult Light
briantos|briantos_adult_mini_lamb_&_rice|dry,Briantos,briantos,Briantos Adult Mini Lamb & Rice
briantos|briantos_adult_mobility_grain-free_chicken_&_potato|dry,Briantos,briantos,Briantos Adult Mobility Grain-Free Chicken & Potato
briantos|briantos_adult_salmon_&_rice|dry,Briantos,briantos,Briantos Adult Salmon & Rice
briantos|briantos_adult_sensitive_lamb_&_rice|dry,Briantos,briantos,Briantos Adult Sensitive Lamb & Rice
briantos|briantos_chunks_in_gravy|wet,Briantos,briantos,Briantos Chunks in Gravy
briantos|briantos_delicious_paté_mixed_trial_pack|wet,Briantos,briantos,Briantos Delicious Paté Mixed Trial Pack
briantos|briantos_delicious_paté|wet,Briantos,briantos,Briantos Delicious Paté
briantos|briantos_dry_dog_food_economy_packs|dry,Briantos,briantos,Briantos Dry Dog Food Economy Packs
briantos|briantos_fresh_pouch_trial_mix_4_x|wet,Briantos,briantos,Briantos Fresh Pouch Trial Mix 4 x
briantos|briantos_grain-free_economy_pack|dry,Briantos,briantos,Briantos Grain-Free Economy Pack
briantos|briantos_maxi_adult|dry,Briantos,briantos,Briantos Maxi Adult
briantos|briantos_senior_grain-free_turkey_&_potato|dry,Briantos,briantos,Briantos Senior Grain-Free Turkey & Potato
briantos|junior_grain-free_chicken__potato|unknown,Briantos,briantos,Junior Grain-Free Chicken  Potato
briantos|junior|unknown,Briantos,briantos,Junior
briantos|maxi_adult|unknown,Briantos,briantos,Maxi Adult
briantos|senior_grain-free_turkey__potato|unknown,Briantos,briantos,Senior Grain-Free Turkey  Potato
briantos|delicious_paté_beef|unknown,Briantos,briantos,Delicious Paté Beef
briantos|delicious_paté_chicken|unknown,Briantos,briantos,Delicious Paté Chicken
briantos|delicious_paté_fish__peas|unknown,Briantos,briantos,Delicious Paté Fish  Peas
briantos|delicious_paté_turkey|unknown,Briantos,briantos,Delicious Paté Turkey
brigadiers|choice_premium_chicken__rice|unknown,Brigadiers,brigadiers,Choice Premium Chicken  Rice
brigadiers|choice_premium_duck__rice_grain_free|unknown,Brigadiers,brigadiers,Choice Premium Duck  Rice Grain Free
briantos|salmon__carrots_chunks_in_gravy|unknown,Briantos,briantos,Salmon  Carrots Chunks In Gravy
briantos|turkey__carrots_chunks_in_gravy|unknown,Briantos,briantos,Turkey  Carrots Chunks in Gravy
brigadiers|choice_premium_lamb__rice|unknown,Brigadiers,brigadiers,Choice Premium Lamb  Rice
brigadiers|choice_premium_puppy_chicken__rice|unknown,Brigadiers,brigadiers,Choice Premium Puppy Chicken  Rice
briantos|adult_active|unknown,Briantos,briantos,Adult Active
brigadiers|choice_premium_senior/light|unknown,Brigadiers,brigadiers,Choice Premium Senior/Light
brigadiers|choice_puppy_large_breed_salmon__potato|unknown,Brigadiers,brigadiers,Choice Puppy Large Breed Salmon  Potato
brigadiers|choice_premium_salmon__potato|unknown,Brigadiers,brigadiers,Choice Premium Salmon  Potato
brigadiers|choice_premium_turkey__rice|unknown,Brigadiers,brigadiers,Choice Premium Turkey  Rice
bright|eyes_bushy_tails_chicken_with_rice_super_premium_wheat_free_working_dog|unknown,Bright,bright,Eyes Bushy Tails Chicken with Rice Super Premium Wheat Free Working Dog
bright|eyes_bushy_tails_duck_with_potato_super_premium_wheat__grain_free_working_dog|unknown,Bright,bright,Eyes Bushy Tails Duck with Potato Super Premium Wheat  Grain Free Working Dog
bright|eyes_bushy_tails_canine_best_65%_beef_with_sweet_potato__superfoods|unknown,Bright,bright,Eyes Bushy Tails Canine Best 65% Beef With Sweet Potato  Superfoods
bright|eyes_bushy_tails_canine_best_65%_duck_with_sweet_potato__superfoods|unknown,Bright,bright,Eyes Bushy Tails Canine Best 65% Duck With Sweet Potato  Superfoods
bright|eyes_bushy_tails_canine_best_65%_salmon_with_sweet_potato__superfoods_puppy__junior|unknown,Bright,bright,Eyes Bushy Tails Canine Best 65% Salmon with Sweet Potato  Superfoods Puppy  Junior
bright|eyes_bushy_tails_canine_best_65%_salmon_with_sweet_potato__superfoods|unknown,Bright,bright,Eyes Bushy Tails Canine Best 65% Salmon With Sweet Potato  Superfoods
bright|eyes_bushy_tails_grain_free_puppy_junior_chicken_turkey_salmon_sweet_potato_with_carrots_and_peas_working_dog|unknown,Bright,bright,Eyes Bushy Tails Grain Free Puppy Junior Chicken Turkey Salmon Sweet Potato with Carrots and Peas Working Dog
bright|eyes_bushy_tails_grain_free_chicken_sweet_potato_and_herbs_working_dog|unknown,Bright,bright,Eyes Bushy Tails Grain Free Chicken Sweet Potato and Herbs Working Dog
bright|eyes_bushy_tails_grain_free_duck_alorange_with_sweet_potato_working_dog|unknown,Bright,bright,Eyes Bushy Tails Grain Free Duck aLOrange with Sweet Potato Working Dog
bright|eyes_bushy_tails_grain_free_haddock_sweet_potato_and_parsley_working_dog|unknown,Bright,bright,Eyes Bushy Tails Grain Free Haddock Sweet Potato and Parsley Working Dog
bright|eyes_bushy_tails_grain_free_lamb_sweet_potato_and_mint_working_dog|unknown,Bright,bright,Eyes Bushy Tails Grain Free Lamb Sweet Potato and Mint Working Dog
bright|eyes_bushy_tails_grain_free_pork_sweet_potato_and_apple_working_dog|unknown,Bright,bright,Eyes Bushy Tails Grain Free Pork Sweet Potato and Apple Working Dog
briantos|adult_grain-free_duck__potato|unknown,Briantos,briantos,Adult Grain-Free Duck  Potato
bright|eyes_bushy_tails_grain_free_salmon_trout_sweet_potato_and_asparagus_working_dog|unknown,Bright,bright,Eyes Bushy Tails Grain Free Salmon Trout Sweet Potato and Asparagus Working Dog
bright|eyes_bushy_tails_grain_free_turkey_sweet_potato_and_cranberry_large_breed_working_dog|unknown,Bright,bright,Eyes Bushy Tails Grain Free Turkey Sweet Potato and Cranberry Large Breed Working Dog
bright|eyes_bushy_tails_grain_free_turkey_sweet_potato_and_cranberry_working_dog|unknown,Bright,bright,Eyes Bushy Tails Grain Free Turkey Sweet Potato and Cranberry Working Dog
bright|eyes_bushy_tails_large_breed_puppy_junior_super_premium_salmon_with_potato_working_puppy|unknown,Bright,bright,Eyes Bushy Tails Large Breed Puppy Junior Super Premium Salmon with Potato Working Puppy
bright|eyes_bushy_tails_senior_light_grain_free_trout_salmon_sweet_potato_and_asparagus_working_dog|unknown,Bright,bright,Eyes Bushy Tails Senior Light Grain Free Trout Salmon Sweet Potato and Asparagus Working Dog
brit|adult_lamb__rice|dry,Brit,brit,Adult Lamb  Rice
bright|eyes_bushy_tails_senior_light_grain_free_turkey_sweet_potato_and_cranberry_working_dog|unknown,Bright,bright,Eyes Bushy Tails Senior Light Grain Free Turkey Sweet Potato and Cranberry Working Dog
briantos|adult_lamb__rice|unknown,Briantos,briantos,Adult Lamb  Rice
briantos|briantos_adult_chicken_&_rice|dry,Briantos,briantos,Briantos Adult Chicken & Rice
bright|eyes_bushy_tails_senior_light_white_fish__rice_super_premium_wheat_free_working_dog|unknown,Bright,bright,Eyes Bushy Tails Senior Light White Fish  Rice Super Premium Wheat Free Working Dog
brit_care|brit_care_adult_lamb_&_rice|dry,Brit Care,brit_care,Brit Care Adult Lamb & Rice
bright|eyes_bushy_tails_lamb_with_rice_super_premium_wheat_free_working_dog|unknown,Bright,bright,Eyes Bushy Tails Lamb with Rice Super Premium Wheat Free Working Dog
bright|eyes_bushy_tails_salmon_with_potato_super_premium_wheat_free_working_dog|unknown,Bright,bright,Eyes Bushy Tails Salmon with Potato Super Premium Wheat Free Working Dog
bright|eyes_bushy_tails_turkey_with_rice_super_premium_wheat_free_working_dog|unknown,Bright,bright,Eyes Bushy Tails Turkey with Rice Super Premium Wheat Free Working Dog
dachshund|superfood_free_range_turkey_adult|unknown,Dachshund,dachshund,Superfood Free Range Turkey Adult
brit|brit_care_dog_grain-free_sensitive_game_&_potato|dry,Brit,brit,Brit Care Dog Grain-free Sensitive Game & Potato
brit|brit_care_dog_hypoallergenic_adult_large_breed_lamb_&_rice|dry,Brit,brit,Brit Care Dog Hypoallergenic Adult Large Breed Lamb & Rice
brit|brit_care_dog_hypoallergenic_adult_medium_breed_lamb_&_rice|dry,Brit,brit,Brit Care Dog Hypoallergenic Adult Medium Breed Lamb & Rice
brit|brit_care_dog_hypoallergenic_junior_large_breed_lamb_&_rice|dry,Brit,brit,Brit Care Dog Hypoallergenic Junior Large Breed Lamb & Rice
different|dog_low_purine__phosphorus|unknown,Different,different,Dog Low Purine  Phosphorus
brit|brit_care_dog_hypoallergenic_senior_lamb_&_rice|dry,Brit,brit,Brit Care Dog Hypoallergenic Senior Lamb & Rice
brit|brit_care_dog_hypoallergenic_weight_loss_rabbit|dry,Brit,brit,Brit Care Dog Hypoallergenic Weight Loss Rabbit
brit|brit_care_dog_sustainable_adult_large_breed_chicken_&_insects|dry,Brit,brit,Brit Care Dog Sustainable Adult Large Breed Chicken & Insects
brit|brit_care_dog_sustainable_adult_medium_breed_chicken_&_insects|dry,Brit,brit,Brit Care Dog Sustainable Adult Medium Breed Chicken & Insects
brit|brit_care_dog_sustainable_junior_large_breed_chicken_&_insects|dry,Brit,brit,Brit Care Dog Sustainable Junior Large Breed Chicken & Insects
brit|brit_care_dog_sustainable_puppy_chicken_&_insects|dry,Brit,brit,Brit Care Dog Sustainable Puppy Chicken & Insects
brit|brit_care_dog_sustainable_sensitive_fish_&_insects|dry,Brit,brit,Brit Care Dog Sustainable Sensitive Fish & Insects
brit|brit_care_grain-free_junior_large_breed_salmon_&_potato|dry,Brit,brit,Brit Care Grain-Free Junior Large Breed Salmon & Potato
brit|brit_care_hypoallergenic_adult_small_breed_lamb_&_rice|dry,Brit,brit,Brit Care Hypoallergenic Adult Small Breed Lamb & Rice
brit|brit_care_hypoallergenic_dog_show_champion_salmon_&_herring|dry,Brit,brit,Brit Care Hypoallergenic Dog Show Champion Salmon & Herring
brit|brit_care_mini_grain_free_adult_lamb|dry,Brit,brit,Brit Care Mini Grain Free Adult Lamb
briantos|briantos_adult_grain-free_salmon_&_potato|dry,Briantos,briantos,Briantos Adult Grain-Free Salmon & Potato
brit|care_adult_large_breed_lamb__rice|dry,Brit,brit,Care Adult Large Breed Lamb  Rice
brit|brit_care_mini_grain_free_puppy_lamb|dry,Brit,brit,Brit Care Mini Grain Free Puppy Lamb
brit|brit_fresh_turkey_with_pea_light_fit_&_slim|dry,Brit,brit,Brit Fresh Turkey with Pea Light Fit & Slim
brit|brit_premium_adult_large_chicken|dry,Brit,brit,Brit Premium Adult Large Chicken
brit|brit_premium_adult_medium_chicken|dry,Brit,brit,Brit Premium Adult Medium Chicken
brit|brit_premium_adult_s|dry,Brit,brit,Brit Premium Adult S
brit|brit_premium_by_nature_light|dry,Brit,brit,Brit Premium by Nature Light
brit|brit_premium_by_nature_senior_l/xl|dry,Brit,brit,Brit Premium by Nature Senior L/XL
brit|brit_premium_by_nature_senior_s/m|dry,Brit,brit,Brit Premium by Nature Senior S/M
brit|brit_premium_by_nature_sensitive_lamb|dry,Brit,brit,Brit Premium by Nature Sensitive Lamb
brit|brit_premium_by_nature_sport|dry,Brit,brit,Brit Premium by Nature Sport
brit|brit_premium_junior_m|dry,Brit,brit,Brit Premium Junior M
brit|brit_premium_junior_xl|dry,Brit,brit,Brit Premium Junior XL
brit|care_adult_large_breed_salmon__potato|dry,Brit,brit,Care Adult Large Breed Salmon  Potato
brit|care_adult_medium_breed_lamb__rice|dry,Brit,brit,Care Adult Medium Breed Lamb  Rice
brit|care_adult_medium_breed_sensitive_venison|dry,Brit,brit,Care Adult Medium Breed Sensitive Venison
brit|care_adult_salmon__potato|dry,Brit,brit,Care Adult Salmon  Potato
brit|care_adult_show_champion_salmon|dry,Brit,brit,Care Adult Show Champion Salmon
brit|care_adult_small_breed_lamb__rice|dry,Brit,brit,Care Adult Small Breed Lamb  Rice
brit|care_adult_weight_loss_rabbit|dry,Brit,brit,Care Adult Weight Loss Rabbit
brit|care_junior_large_breed_lamb__rice|dry,Brit,brit,Care Junior Large Breed Lamb  Rice
brit|care_junior_large_breed_salmon__potato|dry,Brit,brit,Care Junior Large Breed Salmon  Potato
brit|care_puppy_grain_free_salmon__potato|dry,Brit,brit,Care Puppy Grain Free Salmon  Potato
brit|care_puppy_lamb__rice|dry,Brit,brit,Care Puppy Lamb  Rice
brit|care_senior_lamb__rice|dry,Brit,brit,Care Senior Lamb  Rice
brit|junior_large_breed_chicken|dry,Brit,brit,Junior Large Breed Chicken
brit|junior_medium_breed_chicken|dry,Brit,brit,Junior Medium Breed Chicken
brit|junior_xl_breed_chicken|dry,Brit,brit,Junior XL Breed Chicken
brit|premium_sausage_chicken|unknown,Brit,brit,Premium Sausage Chicken
brit|premium_by_nature_adult_xl_with_chicken|dry,Brit,brit,Premium by Nature Adult XL with Chicken
brit|premium_sausage_sport_beef__fish|unknown,Brit,brit,Premium Sausage Sport Beef  Fish
brit|premium_sausage_turkey|unknown,Brit,brit,Premium Sausage Turkey
forthglade|salmon_cold_pressed|unknown,Forthglade,forthglade,Salmon Cold Pressed
brit|senior_l_and_xl_breed_chicken|dry,Brit,brit,Senior L and XL Breed Chicken
brit|senior_s/m_breed_chicken|dry,Brit,brit,Senior S/M Breed Chicken
brit|premium_by_nature_beef_with_tripe_adult|unknown,Brit,brit,Premium by Nature Beef with Tripe Adult
brit|premium_by_nature_chicken_with_hearts_adult|unknown,Brit,brit,Premium by Nature Chicken with Hearts Adult
brit|premium_by_nature_lamb_with_buckwheat_adult|unknown,Brit,brit,Premium by Nature Lamb with Buckwheat Adult
brit|premium_by_nature_pork_with_trachea_adult|unknown,Brit,brit,Premium by Nature Pork with Trachea Adult
brit|premium_by_nature_puppy__junior_fillets_in_gravy_with_turkey__carrots|unknown,Brit,brit,Premium by Nature Puppy  Junior Fillets in Gravy with Turkey  Carrots
brit|premium_by_nature_turkey_with_liver_junior|unknown,Brit,brit,Premium by Nature Turkey with Liver Junior
burns|adult_grain_free_duck__potato|dry,Burns,burns,Adult Grain Free Duck  Potato
browns|natural_pet_store_saygrace_grain_free_adult_gentle_haddock|unknown,Browns,browns,Natural Pet Store SayGrace Grain Free Adult Gentle Haddock
browns|natural_pet_store_saygrace_grain_free_adult_irresistible_duck|unknown,Browns,browns,Natural Pet Store SayGrace Grain Free Adult Irresistible Duck
browns|natural_pet_store_saygrace_grain_free_adult_lavish_version|unknown,Browns,browns,Natural Pet Store SayGrace Grain Free Adult Lavish Version
browns|natural_pet_store_saygrace_grain_free_large_breed_adult_traditional_turkey|unknown,Browns,browns,Natural Pet Store SayGrace Grain Free Large Breed Adult Traditional Turkey
browns|natural_pet_store_saygrace_grain_free_large_breed_puppy_nourishing_salmon|unknown,Browns,browns,Natural Pet Store SayGrace Grain Free Large Breed Puppy Nourishing Salmon
browns|natural_pet_store_saygrace_grain_free_light_adult_traditional_turkey|unknown,Browns,browns,Natural Pet Store SayGrace Grain Free Light Adult Traditional Turkey
browns|natural_pet_store_saygrace_grain_free_puppy_tasty_trio_of_fish|unknown,Browns,browns,Natural Pet Store SayGrace Grain Free Puppy Tasty Trio Of Fish
browns|natural_pet_store_saygrace_grain_free_senior_traditional_turkey|unknown,Browns,browns,Natural Pet Store SayGrace Grain Free Senior Traditional Turkey
browns|natural_pet_store_saygrace_grain_free_working_puppy_gentle_chicken_with_salmon|unknown,Browns,browns,Natural Pet Store SayGrace Grain Free Working Puppy Gentle Chicken With Salmon
browns|natural_pet_store_saygrace_grain_free_working_senior_nourishing_trout_with_salmon|unknown,Browns,browns,Natural Pet Store SayGrace Grain Free Working Senior Nourishing Trout With Salmon
buddy|pet_food_turkey__salmon_puppy|unknown,Buddy,buddy,Pet Food Turkey  Salmon Puppy
buddy|pet_food_chicken__lamb_feast|unknown,Buddy,buddy,Pet Food Chicken  Lamb Feast
buddy|pet_food_free_range_duck|unknown,Buddy,buddy,Pet Food Free Range Duck
buddy|pet_food_grass_fed_lamb|unknown,Buddy,buddy,Pet Food Grass Fed Lamb
buddy|pet_food_juicy_turkey|unknown,Buddy,buddy,Pet Food Juicy Turkey
buddy|pet_food_tasty_duck_bites|unknown,Buddy,buddy,Pet Food Tasty Duck Bites
buddy|pet_food_wild_caught_salmon|unknown,Buddy,buddy,Pet Food Wild Caught Salmon
buddy|pet_food_wild_venison|unknown,Buddy,buddy,Pet Food Wild Venison
burns|burns_adult_&_senior_sensitive_-_chicken_&_wholegrain_maize|dry,Burns,burns,Burns Adult & Senior Sensitive - Chicken & Wholegrain Maize
fur|baby_nutrition_legacy_superfood_65_angus_beef|unknown,Fur,fur,Baby Nutrition Legacy Superfood 65 Angus Beef
browns|natural_pet_store_saygrace_superfood_adult_nourishing_harvest_british_free_range_chicken|unknown,Browns,browns,Natural Pet Store SayGrace Superfood Adult Nourishing Harvest British Free Range Chicken
browns|natural_pet_store_saygrace_superfood_puppy_farmers_bounty_british_free_range_turkey|unknown,Browns,browns,Natural Pet Store SayGrace Superfood Puppy Farmers Bounty British Free Range Turkey
browns|natural_pet_store_saygrace_superfood_small_breed_fishermans_catch_responsibly_sourced_scottish_salmon|unknown,Browns,browns,Natural Pet Store SayGrace Superfood Small Breed Fishermans Catch Responsibly Sourced Scottish Salmon
bullybillows|angus_beef_super_food_adult|unknown,BULLYBILLOWS,bullybillows,Angus Beef Super Food Adult
bullybillows|angus_beef_super_food_puppy|unknown,BULLYBILLOWS,bullybillows,Angus Beef Super Food Puppy
bullybillows|free_range_chicken_super_food_adult|unknown,BULLYBILLOWS,bullybillows,Free Range Chicken Super Food Adult
bugsforpets|crunchy_chunk|dry,BugsForPets,bugsforpets,Crunchy Chunk
bugsforpets|pressed_chunk|dry,BugsForPets,bugsforpets,Pressed Chunk
bug|bakes_grain_free|dry,Bug,bug,Bakes Grain Free
bug|bakes_regular|dry,Bug,bug,Bakes Regular
bugbell|bugbell_belly_vital_digestion_&_intestinal_flora|dry,BugBell,bugbell,BugBell Belly Vital Digestion & Intestinal Flora
bugbell|bugbell_bone_power|dry,BugBell,bugbell,BugBell Bone Power
bugbell|bugbell_energy_wonder|dry,BugBell,bugbell,BugBell Energy Wonder
bugbell|bugbell_happy_mood|dry,BugBell,bugbell,BugBell Happy Mood
bugbell|bugbell_high_sensitive|dry,BugBell,bugbell,BugBell High Sensitive
bugbell|bugbell_magic_relax|dry,BugBell,bugbell,BugBell Magic Relax
bugsforpets|bugs_wet_food|wet,BugsForPets,bugsforpets,Bugs Wet Food
bullybillows|scottish_salmon_super_food_adult|unknown,BULLYBILLOWS,bullybillows,Scottish Salmon Super Food Adult
bullybillows|scottish_salmon_super_food_puppy|unknown,BULLYBILLOWS,bullybillows,Scottish Salmon Super Food Puppy
bullybillows|scottish_salmon_super_food_senior|unknown,BULLYBILLOWS,bullybillows,Scottish Salmon Super Food Senior
burgess|sensitive_adult_lamb|unknown,Burgess,burgess,Sensitive Adult Lamb
burgess|sensitive_adult_salmon|unknown,Burgess,burgess,Sensitive Adult Salmon
burgess|sensitive_adult_turkey|unknown,Burgess,burgess,Sensitive Adult Turkey
burgess|sensitive_puppy|unknown,Burgess,burgess,Sensitive Puppy
burgess|sensitive_senior|unknown,Burgess,burgess,Sensitive Senior
burgess|supadog_adult_rich_in_salmon|unknown,Burgess,burgess,Supadog Adult Rich in Salmon
burgess|supadog_adult_with_beef|unknown,Burgess,burgess,Supadog Adult with Beef
burgess|supadog_chicken_adult|unknown,Burgess,burgess,Supadog Chicken Adult
burgess|supadog_mature_dog_with_chicken|unknown,Burgess,burgess,Supadog Mature Dog with Chicken
burgess|supadog_puppy_rich_in_chicken|unknown,Burgess,burgess,Supadog Puppy Rich in Chicken
burgess|supadog_light_in_fat_rich_in_chicken|unknown,Burgess,burgess,Supadog Light in Fat Rich in Chicken
burns|burns_adult_&_senior_sensitive_-_duck_&_brown_rice|dry,Burns,burns,Burns Adult & Senior Sensitive - Duck & Brown Rice
burns|burns_adult_&_senior_sensitive_-_fish_&_wholegrain_maize|dry,Burns,burns,Burns Adult & Senior Sensitive - Fish & Wholegrain Maize
burns|adult_weight_control_chicken__oats|dry,Burns,burns,Adult Weight Control Chicken  Oats
burns|alert_assistance_lamb__brown_rice|dry,Burns,burns,Alert Assistance Lamb  Brown Rice
burns|burns_adult_&_senior_sensitive_duck_&_potato|dry,Burns,burns,Burns Adult & Senior Sensitive Duck & Potato
burns|​​​​​​​burns_adult_&_senior_original_lamb_&_brown_rice|dry,Burns,burns,​​​​​​​Burns Adult & Senior Original Lamb & Brown Rice
burns|burns_adult_&_senior_sensitive_pork_&_potato|dry,Burns,burns,Burns Adult & Senior Sensitive Pork & Potato
burns|alert_assistance_chicken__brown_rice|dry,Burns,burns,Alert Assistance Chicken  Brown Rice
burns|burns_adult_&_senior_original_toy_&_small_breed_-_chicken_&_rice|dry,Burns,burns,Burns Adult & Senior Original Toy & Small Breed - Chicken & Rice
burns|burns_fish_&_brown_rice_-_adult_&_senior_original|dry,Burns,burns,Burns Fish & Brown Rice - Adult & Senior Original
burns|burns_puppy_original_-_lamb_&_rice|dry,Burns,burns,Burns Puppy Original - Lamb & Rice
burns|puppy_grain_free_duck__potato|dry,Burns,burns,Puppy Grain Free Duck  Potato
burns|puppy_mini_chicken__rice|dry,Burns,burns,Puppy Mini Chicken  Rice
burns|puppy_original_chicken__rice|dry,Burns,burns,Puppy Original Chicken  Rice
burns|puppy_original_lamb__rice|dry,Burns,burns,Puppy Original Lamb  Rice
burns|burns_puppy_original_-_chicken_&_rice|dry,Burns,burns,Burns Puppy Original - Chicken & Rice
burns|burns_weight_control_adult/senior_chicken_&_oats|dry,Burns,burns,Burns Weight Control Adult/Senior Chicken & Oats
burns|burns_wet_food_for_dogs|wet,Burns,burns,Burns Wet Food for Dogs
burns|free_range_chicken_with_carrots__brown_rice|wet,Burns,burns,Free Range Chicken with Carrots  Brown Rice
burns|hearty_lamb_with_carrots__organic_brown_rice|wet,Burns,burns,Hearty Lamb with Carrots  Organic Brown Rice
burns|original_chicken__brown_rice|dry,Burns,burns,Original Chicken  Brown Rice
burns|original_fish__brown_rice|dry,Burns,burns,Original Fish  Brown Rice
burns|original_lamb__brown_rice|dry,Burns,burns,Original Lamb  Brown Rice
burns|adult_large_and_giant_breed_original_chicken__brown_rice|dry,Burns,burns,Adult Large and Giant Breed Original Chicken  Brown Rice
burns|senior_chicken__brown_rice_toy__small_breed|unknown,Burns,burns,Senior Chicken  Brown Rice Toy  Small Breed
burns|senior_chicken__brown_rice|unknown,Burns,burns,Senior Chicken  Brown Rice
burns|sensitive_adult_duck__potato|unknown,Burns,burns,Sensitive Adult Duck  Potato
burns|sensitive_chicken__wholegrain_maize|unknown,Burns,burns,Sensitive Chicken  Wholegrain Maize
burns|sensitive_duck__brown_rice|unknown,Burns,burns,Sensitive Duck  Brown Rice
burns|sensitive_fish__wholegrain_maize|unknown,Burns,burns,Sensitive Fish  Wholegrain Maize
burns|sensitive_turkey__potato|unknown,Burns,burns,Sensitive Turkey  Potato
burns|toy__small_breed_original_chicken__rice|unknown,Burns,burns,Toy  Small Breed Original Chicken  Rice
burns|wholesome_turkey_with_carrots__brown_rice|unknown,Burns,burns,Wholesome Turkey with Carrots  Brown Rice
burns|sensitive_pork__potato|dry,Burns,burns,Sensitive Pork  Potato
burns|wild_fish_with_carrots__organic_brown_rice|wet,Burns,burns,Wild Fish with Carrots  Organic Brown Rice
butchers|grain_free_adult_recipes_in_gravy|unknown,Butchers,butchers,Grain Free Adult Recipes In Gravy
butchers|grain_free_adult_recipes_in_jelly|unknown,Butchers,butchers,Grain Free Adult Recipes In Jelly
butchers|grain_free_adult_tripe_loaf_recipes|unknown,Butchers,butchers,Grain Free Adult Tripe Loaf Recipes
butchers|grain_free_adult_tripe_mix|unknown,Butchers,butchers,Grain Free Adult Tripe Mix
butchers|puppy_perfect|unknown,Butchers,butchers,Puppy Perfect
butchers|recovery__revive_adult_chicken|unknown,Butchers,butchers,Recovery  Revive Adult Chicken
butchers|joints__coats|unknown,Butchers,butchers,Joints  Coats
butchers|lean__tasty|unknown,Butchers,butchers,Lean  Tasty
butchers|simply_gentle|unknown,Butchers,butchers,Simply Gentle
butchers|traditional_recipes|unknown,Butchers,butchers,Traditional Recipes
butternut|box_duo_of_duck__chicken|unknown,Butternut,butternut,Box Duo of Duck  Chicken
butternut|box_plant_get_enough|unknown,Butternut,butternut,Box Plant Get Enough
butternut|box_pork_of_the_town|unknown,Butternut,butternut,Box Pork of the Town
butternut|box_pork_this_way|unknown,Butternut,butternut,Box Pork This Way
butternut|box_beef_it_up|wet,Butternut,butternut,Box Beef it Up
butternut|box_chicken_you_out|wet,Butternut,butternut,Box Chicken you Out
butternut|box_gobble_gobble_turkey|wet,Butternut,butternut,Box Gobble Gobble Turkey
butternut|box_salmon_to_love|unknown,Butternut,butternut,Box Salmon to Love
butternut|box_tuck_in_chicken|unknown,Butternut,butternut,Box Tuck In Chicken
butternut|box_youve_got_game|unknown,Butternut,butternut,Box Youve Got Game
caboodle|angus_beef_superfood|unknown,Caboodle,caboodle,Angus Beef Superfood
caboodle|chicken_stew_with_veggies|unknown,Caboodle,caboodle,Chicken Stew with Veggies
caboodle|lamb_casserole|unknown,Caboodle,caboodle,Lamb Casserole
caboodle|sausage_stew|unknown,Caboodle,caboodle,Sausage Stew
caboodle|succulent_beef|unknown,Caboodle,caboodle,Succulent Beef
caboodle|superfood_crunch_scottish_salmon|unknown,Caboodle,caboodle,Superfood Crunch Scottish Salmon
caboodle|turkey_goulash|unknown,Caboodle,caboodle,Turkey Goulash
briantos|adult_mini_grain-free_salmon__potato|unknown,Briantos,briantos,Adult Mini Grain-Free Salmon  Potato
butternut|box_wham_bam_lamb|wet,Butternut,butternut,Box Wham Bam Lamb
calibra|calibra_dog_premium_line_adult_chicken|dry,Calibra,calibra,Calibra Dog Premium Line Adult Chicken
calibra|calibra_life_adult_large_fresh_beef|dry,Calibra,calibra,Calibra Life Adult Large Fresh Beef
calibra|calibra_life_adult_medium_fresh_beef|dry,Calibra,calibra,Calibra Life Adult Medium Fresh Beef
calibra|life_adult_chicken_monoprotein|unknown,Calibra,calibra,Life Adult Chicken Monoprotein
calibra|life_adult_large_breed_chicken|unknown,Calibra,calibra,Life Adult Large Breed Chicken
calibra|life_adult_medium_breed_chicken|unknown,Calibra,calibra,Life Adult Medium Breed Chicken
test_diagnostic_key,,test_brand,Test Diagnostic Product
calibra|life_adult_medium_breed_lamb|unknown,Calibra,calibra,Life Adult Medium Breed Lamb
calibra|calibra_life_junior_small_&_medium_breed_fresh_beef|dry,Calibra,calibra,Calibra Life Junior Small & Medium Breed Fresh Beef
calibra|calibra_life_senior_large_breed_fresh_beef|dry,Calibra,calibra,Calibra Life Senior Large Breed Fresh Beef
calibra|calibra_veterinary_diet_diabetes_&_obesity_poultry|dry,Calibra,calibra,Calibra Veterinary Diet Diabetes & Obesity Poultry
calibra|calibra_veterinary_diet_hepatic_salmon|dry,Calibra,calibra,Calibra Veterinary Diet Hepatic Salmon
calibra|life_junior_large_breed_chicken|unknown,Calibra,calibra,Life Junior Large Breed Chicken
calibra|life_junior_medium_breed_chicken|unknown,Calibra,calibra,Life Junior Medium Breed Chicken
calibra|life_junior_small_breed_chicken|unknown,Calibra,calibra,Life Junior Small Breed Chicken
calibra|life_puppy__junior_chicken__rice|unknown,Calibra,calibra,Life Puppy  Junior Chicken  Rice
calibra|life_monoprotein_turkey_with_apples|unknown,Calibra,calibra,Life Monoprotein Turkey with Apples
calibra|life_senior_medium__large_breed_chicken|unknown,Calibra,calibra,Life Senior Medium  Large Breed Chicken
calibra|life_small_breed_chicken|unknown,Calibra,calibra,Life Small Breed Chicken
